{
  "Version": 3,
  "Meta": {
    "Duration": 11.833,
    "Fps": 30.0,
    "Loop": true,
    "CurveCount": 140,
    "TotalSegmentCount": 784,
    "TotalPointCount": 1104,
    "UserDataCount": 2,
    "TotalUserDataSize": 0
  },
  "Curves": [
    {
      "Target": "Parameter",
      "Id": "ParamAngleX",
      "Segments": [
        0,
        2.112,
        1,
        0.211,
        -0.305,
        0.422,
        -15.485,
        0.633,
        -15.485,
        0,
        1.467,
        15.483,
        0,
        2.633,
        11.875,
        1,
        2.7,
        11.875,
        2.766,
        13.376,
        2.833,
        14,
        1,
        3.055,
        16.08,
        3.278,
        16.685,
        3.5,
        16.685,
        0,
        4.667,
        10.812,
        0,
        5.667,
        16.969,
        0,
        6.867,
        8,
        0,
        7.833,
        20.877,
        0,
        8.9,
        11.968,
        0,
        9.7,
        15.4,
        0,
        11,
        9.998,
        2,
        11.333,
        9.998,
        1,
        11.5,
        9.998,
        11.666,
        7.205,
        11.833,
        5.588
      ]
    },
    {
      "Target": "Parameter",
      "Id": "ParamAngleY",
      "Segments": [
        0,
        -3.139,
        1,
        0.167,
        -4.017,
        0.333,
        -4.654,
        0.5,
        -5.864,
        1,
        0.556,
        -6.268,
        0.611,
        -9.323,
        0.667,
        -9.323,
        0,
        1.6,
        25.351,
        1,
        2.011,
        25.351,
        2.422,
        20.916,
        2.833,
        7,
        1,
        3.133,
        -3.155,
        3.433,
        -12,
        3.733,
        -12,
        0,
        5.267,
        30,
        0,
        7.2,
        22.376,
        0,
        8.767,
        30,
        1,
        9.067,
        30,
        9.367,
        23.801,
        9.667,
        20.234,
        1,
        10.222,
        13.626,
        10.778,
        9.828,
        11.333,
        4.176,
        1,
        11.5,
        2.481,
        11.666,
        -0.433,
        11.833,
        -2.089
      ]
    },
    {
      "Target": "Parameter",
      "Id": "ParamAngleZ",
      "Segments": [
        0,
        17.731,
        1,
        0.167,
        19.021,
        0.333,
        20.349,
        0.5,
        21.854,
        1,
        0.567,
        22.456,
        0.633,
        23.599,
        0.7,
        23.599,
        0,
        2,
        -12,
        0,
        2.833,
        30,
        0,
        4.533,
        -9,
        0,
        7,
        26.237,
        1,
        7.278,
        26.237,
        7.555,
        26.913,
        7.833,
        24.763,
        1,
        8.3,
        21.15,
        8.766,
        3,
        9.233,
        3,
        0,
        10.367,
        30,
        0,
        11.067,
        7.272,
        0,
        11.333,
        7.683,
        1,
        11.5,
        7.683,
        11.666,
        3.9,
        11.833,
        1.152
      ]
    },
    {
      "Target": "Parameter",
      "Id": "ParamEyeLOpen",
      "Segments": [
        0,
        1,
        2,
        0.633,
        1,
        0,
        1.4,
        0.008,
        0,
        2.1,
        1,
        2,
        3.5,
        1,
        1,
        3.589,
        1,
        3.678,
        0.07,
        3.767,
        0.027,
        1,
        3.845,
        -0.01,
        3.922,
        0,
        4,
        0,
        2,
        5.033,
        0,
        1,
        5.278,
        0,
        5.522,
        -0.003,
        5.767,
        0.033,
        1,
        5.934,
        0.057,
        6.1,
        0.909,
        6.267,
        0.944,
        1,
        6.545,
        1.001,
        6.822,
        1,
        7.1,
        1,
        2,
        8.833,
        1,
        0,
        9.1,
        0,
        0,
        9.4,
        1,
        2,
        11.333,
        1,
        2,
        11.833,
        1
      ]
    },
    {
      "Target": "Parameter",
      "Id": "ParamEyeLSmile",
      "Segments": [
        0,
        0,
        2,
        3.5,
        0,
        0,
        3.767,
        1,
        2,
        5.733,
        1,
        0,
        6,
        0,
        2,
        11.333,
        0,
        2,
        11.833,
        0
      ]
    },
    {
      "Target": "Parameter",
      "Id": "ParamEyeROpen",
      "Segments": [
        0,
        1,
        2,
        0.633,
        1,
        0,
        1.4,
        0.008,
        0,
        2.1,
        1,
        1,
        2.567,
        1,
        3.033,
        0.999,
        3.5,
        0.997,
        1,
        3.589,
        0.997,
        3.678,
        0.069,
        3.767,
        0.027,
        1,
        3.845,
        -0.009,
        3.922,
        0,
        4,
        0,
        2,
        5.033,
        0,
        1,
        5.278,
        0,
        5.522,
        -0.003,
        5.767,
        0.033,
        1,
        5.934,
        0.057,
        6.1,
        0.909,
        6.267,
        0.944,
        1,
        6.545,
        1.001,
        6.822,
        1,
        7.1,
        1,
        2,
        8.833,
        1,
        0,
        9.1,
        0,
        0,
        9.4,
        1,
        2,
        11.333,
        1,
        2,
        11.833,
        1
      ]
    },
    {
      "Target": "Parameter",
      "Id": "ParamEyeRSmile",
      "Segments": [
        0,
        0,
        2,
        3.5,
        0,
        0,
        3.767,
        1,
        2,
        5.733,
        1,
        0,
        6,
        0,
        2,
        11.333,
        0,
        2,
        11.833,
        0
      ]
    },
    {
      "Target": "Parameter",
      "Id": "ParamEyeBallX",
      "Segments": [
        0,
        -0.225,
        1,
        3.233,
        -0.253,
        6.467,
        -0.4,
        9.7,
        -0.4,
        0,
        11,
        -0.221,
        2,
        11.333,
        -0.221,
        1,
        11.5,
        -0.221,
        11.666,
        -0.128,
        11.833,
        -0.074
      ]
    },
    {
      "Target": "Parameter",
      "Id": "ParamEyeBallY",
      "Segments": [
        0,
        -0.067,
        1,
        3.233,
        -0.085,
        6.467,
        -0.183,
        9.7,
        -0.183,
        0,
        11,
        -0.064,
        2,
        11.333,
        -0.064,
        1,
        11.5,
        -0.064,
        11.666,
        -0.018,
        11.833,
        0.003
      ]
    },
    {
      "Target": "Parameter",
      "Id": "ParamBrowLStyle1",
      "Segments": [
        0,
        0,
        2,
        0.767,
        0,
        0,
        1.4,
        0.5,
        2,
        9.1,
        0.5,
        0,
        9.7,
        0,
        2,
        11.333,
        0,
        2,
        11.833,
        0
      ]
    },
    {
      "Target": "Parameter",
      "Id": "ParamBrowRStyle1",
      "Segments": [
        0,
        0,
        2,
        0.767,
        0,
        0,
        1.4,
        0.5,
        2,
        9.1,
        0.5,
        0,
        9.7,
        0,
        2,
        11.333,
        0,
        2,
        11.833,
        0
      ]
    },
    {
      "Target": "Parameter",
      "Id": "ParamMouthForm",
      "Segments": [
        0,
        1,
        2,
        10.333,
        1,
        0,
        11.833,
        0
      ]
    },
    {
      "Target": "Parameter",
      "Id": "ParamBodyUpperZ",
      "Segments": [
        0,
        -0.882,
        1,
        0.167,
        -0.45,
        0.333,
        -0.409,
        0.5,
        0,
        1,
        0.578,
        0.191,
        0.655,
        1.916,
        0.733,
        1.916,
        1,
        0.878,
        1.916,
        1.022,
        0.864,
        1.167,
        0.15,
        1,
        1.311,
        -0.564,
        1.456,
        -0.621,
        1.6,
        -0.621,
        0,
        2.9,
        10,
        0,
        4.6,
        5.726,
        0,
        6,
        10,
        0,
        7.467,
        5.944,
        0,
        8.4,
        9.956,
        1,
        8.533,
        9.956,
        8.667,
        10.309,
        8.8,
        8.976,
        1,
        9.033,
        6.643,
        9.267,
        -0.569,
        9.5,
        -0.569,
        0,
        9.8,
        0,
        2,
        10.6,
        0,
        0,
        11.333,
        -0.979,
        1,
        11.5,
        -0.979,
        11.666,
        1.199,
        11.833,
        2.377
      ]
    },
    {
      "Target": "Parameter",
      "Id": "ParamBodyUpperY",
      "Segments": [
        0,
        8.509,
        1,
        0.167,
        8.673,
        0.333,
        8.908,
        0.5,
        9.23,
        1,
        0.544,
        9.316,
        0.589,
        10,
        0.633,
        10,
        1,
        0.766,
        10,
        0.9,
        -2.129,
        1.033,
        -3.9,
        1,
        1.178,
        -5.818,
        1.322,
        -6.976,
        1.467,
        -7.382,
        1,
        1.722,
        -8.1,
        1.978,
        -8.589,
        2.233,
        -8.96,
        1,
        2.778,
        -9.749,
        3.322,
        -10,
        3.867,
        -10,
        0,
        5.9,
        -8.821,
        0,
        7.433,
        -10,
        0,
        8,
        -8.612,
        0,
        8.533,
        -10,
        1,
        8.733,
        -10,
        8.933,
        4.345,
        9.133,
        7.117,
        1,
        9.355,
        10.196,
        9.578,
        10,
        9.8,
        10,
        1,
        10.089,
        10,
        10.378,
        9.581,
        10.667,
        9.126,
        1,
        10.889,
        8.777,
        11.111,
        8.524,
        11.333,
        8.311,
        1,
        11.444,
        8.205,
        11.556,
        8.2,
        11.667,
        8.2,
        1,
        11.722,
        8.2,
        11.778,
        8.179,
        11.833,
        8.214
      ]
    },
    {
      "Target": "Parameter",
      "Id": "ParamBodyAngleX",
      "Segments": [
        0,
        -0.839,
        1,
        0.167,
        -0.432,
        0.333,
        -0.404,
        0.5,
        -0.023,
        1,
        0.578,
        0.154,
        0.655,
        1.958,
        0.733,
        1.958,
        1,
        0.878,
        1.958,
        1.022,
        0.844,
        1.167,
        0.14,
        1,
        1.311,
        -0.564,
        1.456,
        -0.606,
        1.6,
        -0.606,
        0,
        2.9,
        10,
        0,
        4.6,
        5.758,
        0,
        6,
        10,
        0,
        7.467,
        5.991,
        0,
        8.4,
        10,
        1,
        8.533,
        10,
        8.667,
        9.613,
        8.8,
        7.18,
        1,
        9.033,
        2.92,
        9.267,
        -0.559,
        9.5,
        -0.559,
        0,
        10.6,
        0,
        0,
        11.333,
        -0.979,
        1,
        11.5,
        -0.979,
        11.666,
        1.187,
        11.833,
        2.378
      ]
    },
    {
      "Target": "Parameter",
      "Id": "ParamBodyLowerY",
      "Segments": [
        0,
        7.029,
        1,
        0.167,
        8.019,
        0.333,
        10,
        0.5,
        10,
        0,
        0.633,
        8.32,
        0,
        1.667,
        10,
        0,
        3.3,
        -10,
        0,
        4.833,
        6,
        0,
        5.833,
        -6.966,
        0,
        8.133,
        10,
        0,
        8.967,
        6.365,
        0,
        9.767,
        10,
        1,
        9.845,
        10,
        9.922,
        9.489,
        10,
        9.272,
        1,
        10.333,
        8.343,
        10.667,
        8.036,
        11,
        8.036,
        2,
        11.333,
        8.036,
        1,
        11.5,
        8.036,
        11.666,
        7.181,
        11.833,
        6.736
      ]
    },
    {
      "Target": "Parameter",
      "Id": "ParamBodyLowerX",
      "Segments": [
        0,
        0.182,
        1,
        0.167,
        0.076,
        0.333,
        0,
        0.5,
        0,
        0,
        0.633,
        1.172,
        0,
        2.233,
        -10,
        0,
        3.733,
        10,
        0,
        5.233,
        -10,
        0,
        6.733,
        10,
        0,
        8.233,
        -10,
        0,
        9.033,
        4.552,
        0,
        9.8,
        -0.552,
        0,
        10.033,
        0.927,
        1,
        10.189,
        0.927,
        10.344,
        -1.903,
        10.5,
        -3.363,
        1,
        10.778,
        -5.972,
        11.055,
        -8.065,
        11.333,
        -9.548,
        1,
        11.433,
        -10.082,
        11.533,
        -10,
        11.633,
        -10,
        1,
        11.7,
        -10,
        11.766,
        -10.113,
        11.833,
        -9.912
      ]
    },
    {
      "Target": "Parameter",
      "Id": "ParamArmUpperLMoveAngel",
      "Segments": [
        0,
        0,
        2,
        0.5,
        0,
        0,
        0.667,
        2,
        1,
        0.922,
        2,
        1.178,
        -4.393,
        1.433,
        -5.256,
        1,
        1.689,
        -6.119,
        1.944,
        -5.973,
        2.2,
        -5.973,
        0,
        4.367,
        -4.749,
        0,
        6.433,
        -6.152,
        0,
        7.733,
        -5.277,
        0,
        8.5,
        -6.666,
        1,
        8.667,
        -6.666,
        8.833,
        -6.257,
        9,
        -4.591,
        1,
        9.267,
        -1.925,
        9.533,
        0,
        9.8,
        0,
        2,
        10.6,
        0,
        2,
        11.333,
        0,
        2,
        11.833,
        0
      ]
    },
    {
      "Target": "Parameter",
      "Id": "ParamArmForeLMoveAngel",
      "Segments": [
        0,
        0,
        2,
        0.5,
        0,
        0,
        0.767,
        -3.972,
        1,
        1.056,
        -3.972,
        1.344,
        28.736,
        1.633,
        32.977,
        1,
        1.9,
        36.891,
        2.166,
        36.302,
        2.433,
        36.302,
        0,
        4.8,
        34.366,
        0,
        6.833,
        36.378,
        0,
        8,
        35.425,
        0,
        8.667,
        36.075,
        0,
        9.8,
        0,
        2,
        10.6,
        0,
        2,
        11.333,
        0,
        2,
        11.833,
        0
      ]
    },
    {
      "Target": "Parameter",
      "Id": "ParamArmForeLMoveLength",
      "Segments": [
        0,
        0,
        2,
        0.5,
        0,
        2,
        0.767,
        0,
        0,
        1.633,
        10,
        2,
        8.667,
        10,
        0,
        9.8,
        0,
        2,
        10.167,
        0,
        2,
        10.6,
        0,
        2,
        11.333,
        0,
        2,
        11.833,
        0
      ]
    },
    {
      "Target": "Parameter",
      "Id": "ParamHandLMoveAngel",
      "Segments": [
        0,
        0,
        2,
        0.5,
        0,
        1,
        0.6,
        0,
        0.7,
        7.28,
        0.8,
        8.156,
        1,
        0.911,
        9.131,
        1.022,
        9.021,
        1.133,
        9.021,
        0,
        1.567,
        -5,
        0,
        1.9,
        -4.823,
        0,
        2.533,
        -5.008,
        0,
        5.033,
        -4.808,
        0,
        7.167,
        -5.582,
        0,
        8.333,
        -4.676,
        0,
        8.767,
        -5.073,
        1,
        8.978,
        -5.073,
        9.189,
        -4.9,
        9.4,
        -3.826,
        1,
        9.533,
        -3.148,
        9.667,
        -0.829,
        9.8,
        0,
        1,
        9.989,
        1.175,
        10.178,
        1.416,
        10.367,
        1.416,
        0,
        10.6,
        0,
        2,
        11.333,
        0,
        2,
        11.833,
        0
      ]
    },
    {
      "Target": "Parameter",
      "Id": "ParamHandLGanLayer",
      "Segments": [
        0,
        0,
        2,
        0.5,
        0,
        0,
        0.533,
        -1,
        2,
        9.733,
        -1,
        0,
        9.767,
        0,
        2,
        11.333,
        0,
        2,
        11.833,
        0
      ]
    },
    {
      "Target": "Parameter",
      "Id": "ParamHandLDefaultDMZ",
      "Segments": [
        0,
        0,
        2,
        0.133,
        0,
        0,
        0.633,
        1,
        2,
        1.533,
        1,
        2,
        8.9,
        1,
        2,
        9.8,
        1,
        1,
        10.056,
        0.558,
        10.311,
        0,
        10.567,
        0,
        2,
        11.333,
        0,
        2,
        11.833,
        0
      ]
    },
    {
      "Target": "Parameter",
      "Id": "ParamHandLDefaultSZ",
      "Segments": [
        0,
        0,
        2,
        0.133,
        0,
        0,
        0.633,
        1,
        2,
        1.533,
        1,
        2,
        8.9,
        1,
        2,
        9.8,
        1,
        1,
        10.056,
        0.555,
        10.311,
        0,
        10.567,
        0,
        2,
        11.333,
        0,
        2,
        11.833,
        0
      ]
    },
    {
      "Target": "Parameter",
      "Id": "ParamHandLDefaultZZ",
      "Segments": [
        0,
        0,
        2,
        0.133,
        0,
        0,
        0.633,
        1,
        2,
        1.533,
        1,
        2,
        8.9,
        1,
        2,
        9.8,
        1,
        1,
        10.056,
        0.582,
        10.311,
        0,
        10.567,
        0,
        2,
        11.333,
        0,
        2,
        11.833,
        0
      ]
    },
    {
      "Target": "Parameter",
      "Id": "ParamHandLDefaultWMZ",
      "Segments": [
        0,
        0,
        2,
        0.133,
        0,
        0,
        0.633,
        1,
        2,
        1.533,
        1,
        2,
        8.9,
        1,
        2,
        9.8,
        1,
        1,
        10.056,
        0.555,
        10.311,
        0,
        10.567,
        0,
        2,
        11.333,
        0,
        2,
        11.833,
        0
      ]
    },
    {
      "Target": "Parameter",
      "Id": "ParamHandLDefaultXZ",
      "Segments": [
        0,
        0,
        2,
        0.133,
        0,
        0,
        0.633,
        1,
        2,
        1.533,
        1,
        2,
        8.9,
        1,
        2,
        9.8,
        1,
        1,
        10.056,
        0.562,
        10.311,
        0,
        10.567,
        0,
        2,
        11.333,
        0,
        2,
        11.833,
        0
      ]
    },
    {
      "Target": "Parameter",
      "Id": "ParamArmForeLMoveAlpha",
      "Segments": [
        0,
        1,
        2,
        0.767,
        1,
        2,
        1.133,
        1,
        0,
        1.5,
        0,
        2,
        9.1,
        0,
        0,
        9.333,
        1,
        2,
        11.333,
        1,
        2,
        11.833,
        1
      ]
    },
    {
      "Target": "Parameter",
      "Id": "ParamArmForeLNieAlpha",
      "Segments": [
        0,
        0,
        2,
        0.767,
        0,
        0,
        1.167,
        1,
        2,
        9.333,
        1,
        0,
        9.667,
        0,
        2,
        11.333,
        0,
        2,
        11.833,
        0
      ]
    },
    {
      "Target": "Parameter",
      "Id": "ParamHandLMoveAlpha",
      "Segments": [
        0,
        1,
        2,
        1.4,
        1,
        0,
        1.433,
        0,
        2,
        8.9,
        0,
        0,
        9.1,
        1,
        2,
        11.833,
        1
      ]
    },
    {
      "Target": "Parameter",
      "Id": "ParamHandLNieAlpha",
      "Segments": [
        0,
        0,
        2,
        1.1,
        0,
        0,
        1.4,
        1,
        2,
        9.1,
        1,
        0,
        9.333,
        0,
        2,
        11.333,
        0,
        2,
        11.833,
        0
      ]
    },
    {
      "Target": "Parameter",
      "Id": "ParamHandLMoveToNietoNakai2",
      "Segments": [
        0,
        0,
        2,
        0.633,
        0,
        0,
        1.533,
        1,
        2,
        9,
        1,
        0,
        9.667,
        0,
        2,
        11.333,
        0,
        2,
        11.833,
        0
      ]
    },
    {
      "Target": "Parameter",
      "Id": "ParamChestSqueeze",
      "Segments": [
        0,
        0.821,
        1,
        0.133,
        0.872,
        0.267,
        1,
        0.4,
        1,
        2,
        1.033,
        1,
        0,
        2.2,
        0.7,
        1,
        4.3,
        0.7,
        6.4,
        0.701,
        8.5,
        0.705,
        1,
        8.744,
        0.706,
        8.989,
        1,
        9.233,
        1,
        2,
        9.733,
        1,
        0,
        11,
        0.875,
        2,
        11.333,
        0.875,
        1,
        11.5,
        0.875,
        11.666,
        0.832,
        11.833,
        0.813
      ]
    },
    {
      "Target": "Parameter",
      "Id": "ParamChestSqueezeL",
      "Segments": [
        0,
        1,
        2,
        1.033,
        1,
        1,
        1.422,
        0,
        1.811,
        0,
        2.2,
        0,
        0,
        4.367,
        0.106,
        0,
        6.433,
        0,
        0,
        7.733,
        0.093,
        0,
        8.5,
        0,
        0,
        9.233,
        1,
        2,
        11.333,
        1,
        2,
        11.833,
        1
      ]
    },
    {
      "Target": "Parameter",
      "Id": "ParamChestLX",
      "Segments": [
        0,
        -0.024,
        1,
        0.022,
        -0.03,
        0.045,
        -0.033,
        0.067,
        -0.033,
        0,
        0.3,
        0.008,
        0,
        0.467,
        0.004,
        0,
        0.667,
        0.127,
        0,
        0.833,
        -0.229,
        0,
        1.1,
        0.101,
        0,
        1.4,
        -0.014,
        0,
        1.533,
        -0.004,
        0,
        1.8,
        -0.135,
        0,
        2.933,
        0.171,
        1,
        3.166,
        0.171,
        3.4,
        0.072,
        3.633,
        0.002,
        1,
        3.866,
        -0.068,
        4.1,
        -0.074,
        4.333,
        -0.074,
        0,
        5.8,
        0.104,
        0,
        6.533,
        -0.039,
        0,
        7.2,
        0.048,
        0,
        7.933,
        -0.046,
        0,
        8.433,
        0.049,
        0,
        8.6,
        -0.004,
        0,
        8.867,
        0.13,
        0,
        9.133,
        -0.036,
        0,
        9.233,
        -0.007,
        0,
        9.733,
        -0.058,
        0,
        9.933,
        0.054,
        0,
        10.133,
        -0.025,
        0,
        10.333,
        0.008,
        1,
        10.433,
        0.008,
        10.533,
        0,
        10.633,
        -0.071,
        1,
        10.866,
        -0.235,
        11.1,
        -0.359,
        11.333,
        -0.359,
        1,
        11.5,
        -0.359,
        11.666,
        -0.37,
        11.833,
        -0.28
      ]
    },
    {
      "Target": "Parameter",
      "Id": "ParamChestLY",
      "Segments": [
        0,
        -0.006,
        2,
        0.033,
        -0.006,
        0,
        0.267,
        -0.01,
        2,
        0.3,
        -0.01,
        2,
        0.367,
        -0.01,
        0,
        0.433,
        -0.008,
        0,
        0.5,
        -0.01,
        0,
        0.533,
        -0.009,
        0,
        0.633,
        -0.138,
        0,
        0.8,
        0.198,
        0,
        1.1,
        -0.495,
        0,
        1.333,
        0.414,
        0,
        1.533,
        -0.142,
        0,
        1.733,
        0.036,
        0,
        1.967,
        -0.045,
        0,
        2.167,
        -0.001,
        0,
        2.433,
        -0.022,
        0,
        2.7,
        -0.007,
        0,
        2.8,
        -0.008,
        0,
        4,
        0.02,
        0,
        4.267,
        0.012,
        2,
        4.3,
        0.012,
        0,
        4.433,
        0.01,
        2,
        4.467,
        0.01,
        0,
        4.5,
        0.008,
        0,
        4.533,
        0.009,
        0,
        4.667,
        0.005,
        2,
        4.7,
        0.005,
        0,
        4.9,
        0.001,
        2,
        4.933,
        0.001,
        0,
        5.133,
        -0.004,
        2,
        5.167,
        -0.004,
        0,
        5.3,
        -0.007,
        2,
        5.333,
        -0.007,
        0,
        5.367,
        -0.009,
        0,
        5.4,
        -0.008,
        0,
        6.033,
        -0.02,
        0,
        7.667,
        0.054,
        0,
        8,
        -0.064,
        0,
        8.2,
        0.011,
        0,
        8.767,
        -0.28,
        0,
        9.2,
        0.225,
        0,
        9.467,
        0.035,
        0,
        9.567,
        0.041,
        0,
        9.8,
        -0.017,
        0,
        10.033,
        0.007,
        0,
        10.233,
        -0.003,
        0,
        10.433,
        0.001,
        0,
        10.633,
        -0.001,
        0,
        10.8,
        0.043,
        0,
        11.067,
        -0.051,
        0,
        11.2,
        0.012,
        1,
        11.244,
        0.012,
        11.289,
        0.005,
        11.333,
        -0.01,
        1,
        11.5,
        -0.066,
        11.666,
        -0.138,
        11.833,
        -0.18
      ]
    },
    {
      "Target": "Parameter",
      "Id": "ParamChestRX",
      "Segments": [
        0,
        -0.024,
        1,
        0.022,
        -0.03,
        0.045,
        -0.033,
        0.067,
        -0.033,
        0,
        0.3,
        0.008,
        0,
        0.467,
        0.004,
        0,
        0.667,
        0.127,
        0,
        0.833,
        -0.229,
        0,
        1.1,
        0.101,
        0,
        1.4,
        -0.014,
        0,
        1.533,
        -0.004,
        0,
        1.8,
        -0.135,
        0,
        2.933,
        0.171,
        1,
        3.166,
        0.171,
        3.4,
        0.072,
        3.633,
        0.002,
        1,
        3.866,
        -0.068,
        4.1,
        -0.074,
        4.333,
        -0.074,
        0,
        5.8,
        0.104,
        0,
        6.533,
        -0.039,
        0,
        7.2,
        0.046,
        0,
        7.933,
        -0.046,
        0,
        8.433,
        0.049,
        0,
        8.6,
        -0.004,
        0,
        8.867,
        0.13,
        0,
        9.133,
        -0.036,
        0,
        9.233,
        -0.007,
        0,
        9.733,
        -0.058,
        0,
        9.933,
        0.054,
        0,
        10.133,
        -0.025,
        0,
        10.333,
        0.008,
        1,
        10.433,
        0.008,
        10.533,
        0.001,
        10.633,
        -0.069,
        1,
        10.866,
        -0.231,
        11.1,
        -0.358,
        11.333,
        -0.358,
        1,
        11.5,
        -0.358,
        11.666,
        -0.369,
        11.833,
        -0.279
      ]
    },
    {
      "Target": "Parameter",
      "Id": "ParamChestRY",
      "Segments": [
        0,
        -0.006,
        2,
        0.033,
        -0.006,
        0,
        0.267,
        -0.01,
        2,
        0.3,
        -0.01,
        2,
        0.367,
        -0.01,
        0,
        0.433,
        -0.008,
        0,
        0.5,
        -0.01,
        0,
        0.533,
        -0.009,
        0,
        0.633,
        -0.138,
        0,
        0.8,
        0.198,
        0,
        1.1,
        -0.495,
        0,
        1.333,
        0.414,
        0,
        1.533,
        -0.142,
        0,
        1.733,
        0.036,
        0,
        1.967,
        -0.045,
        0,
        2.167,
        -0.001,
        0,
        2.433,
        -0.022,
        0,
        2.7,
        -0.007,
        0,
        2.8,
        -0.008,
        0,
        4,
        0.02,
        0,
        4.267,
        0.012,
        2,
        4.3,
        0.012,
        0,
        4.433,
        0.01,
        2,
        4.467,
        0.01,
        0,
        4.5,
        0.008,
        0,
        4.533,
        0.009,
        0,
        4.667,
        0.005,
        2,
        4.7,
        0.005,
        0,
        4.9,
        0.001,
        2,
        4.933,
        0.001,
        0,
        5.133,
        -0.004,
        2,
        5.167,
        -0.004,
        0,
        5.3,
        -0.007,
        2,
        5.333,
        -0.007,
        0,
        5.367,
        -0.009,
        0,
        5.4,
        -0.008,
        0,
        6.033,
        -0.02,
        0,
        7.667,
        0.054,
        0,
        8,
        -0.064,
        0,
        8.2,
        0.011,
        0,
        8.767,
        -0.28,
        0,
        9.2,
        0.225,
        0,
        9.467,
        0.035,
        0,
        9.567,
        0.041,
        0,
        9.8,
        -0.017,
        0,
        10.033,
        0.007,
        0,
        10.233,
        -0.003,
        0,
        10.433,
        0.001,
        0,
        10.633,
        -0.001,
        0,
        10.8,
        0.043,
        0,
        11.067,
        -0.051,
        0,
        11.233,
        0.015,
        1,
        11.266,
        0.015,
        11.3,
        0.002,
        11.333,
        -0.01,
        1,
        11.5,
        -0.07,
        11.666,
        -0.137,
        11.833,
        -0.18
      ]
    },
    {
      "Target": "Parameter",
      "Id": "ParamAhoge",
      "Segments": [
        0,
        0.622,
        1,
        0.133,
        0.726,
        0.267,
        0.81,
        0.4,
        0.81,
        0,
        1,
        -0.639,
        0,
        1.633,
        0.915,
        0,
        2.133,
        0.275,
        0,
        2.533,
        0.414,
        0,
        3.1,
        0.178,
        0,
        3.733,
        0.371,
        0,
        5.067,
        0.107,
        0,
        5.9,
        0.371,
        0,
        6.333,
        0.344,
        0,
        6.6,
        0.35,
        0,
        7.333,
        0.173,
        0,
        8.267,
        0.509,
        0,
        9.267,
        0.246,
        0,
        9.767,
        0.287,
        0,
        10.4,
        0.138,
        1,
        10.611,
        0.138,
        10.822,
        0.19,
        11.033,
        0.202,
        1,
        11.133,
        0.207,
        11.233,
        0.206,
        11.333,
        0.208,
        1,
        11.344,
        0.209,
        11.356,
        0.209,
        11.367,
        0.209,
        1,
        11.522,
        0.209,
        11.678,
        0.207,
        11.833,
        0.15
      ]
    },
    {
      "Target": "Parameter",
      "Id": "ParamAhogeMo",
      "Segments": [
        0,
        0.036,
        2,
        0.033,
        0.036,
        0,
        0.233,
        -0.045,
        0,
        0.733,
        0.669,
        0,
        1.333,
        -0.968,
        0,
        1.933,
        0.468,
        0,
        2.433,
        -0.105,
        0,
        2.867,
        0.099,
        0,
        3.4,
        -0.136,
        0,
        4.133,
        0.112,
        0,
        5.467,
        -0.142,
        0,
        6.2,
        0.057,
        0,
        6.667,
        0.021,
        0,
        7.1,
        0.042,
        0,
        7.7,
        -0.157,
        0,
        8.6,
        0.147,
        0,
        9.5,
        -0.076,
        0,
        10.167,
        0.086,
        0,
        10.667,
        0.015,
        1,
        10.889,
        0.015,
        11.111,
        0.114,
        11.333,
        0.201,
        1,
        11.466,
        0.253,
        11.6,
        0.253,
        11.733,
        0.253,
        1,
        11.766,
        0.253,
        11.8,
        0.261,
        11.833,
        0.251
      ]
    },
    {
      "Target": "Parameter",
      "Id": "ParamHairFront",
      "Segments": [
        0,
        0.758,
        1,
        0.133,
        0.778,
        0.267,
        0.789,
        0.4,
        0.789,
        0,
        1.033,
        -0.411,
        0,
        1.667,
        0.932,
        0,
        2.2,
        0.385,
        0,
        2.6,
        0.473,
        0,
        3.167,
        0.274,
        0,
        3.767,
        0.416,
        0,
        5.067,
        0.185,
        0,
        5.967,
        0.436,
        0,
        6.367,
        0.421,
        0,
        6.633,
        0.425,
        0,
        7.4,
        0.275,
        0,
        8.333,
        0.573,
        0,
        9.667,
        0.331,
        2,
        9.733,
        0.331,
        0,
        10.467,
        0.154,
        1,
        10.656,
        0.154,
        10.844,
        0.158,
        11.033,
        0.214,
        1,
        11.133,
        0.244,
        11.233,
        0.397,
        11.333,
        0.397,
        1,
        11.5,
        0.397,
        11.666,
        0.387,
        11.833,
        0.252
      ]
    },
    {
      "Target": "Parameter",
      "Id": "ParamHairFrontMo",
      "Segments": [
        0,
        0,
        1,
        0.011,
        0.001,
        0.022,
        0.001,
        0.033,
        0.001,
        0,
        0.267,
        -0.112,
        0,
        0.8,
        0.676,
        0,
        1.433,
        -0.958,
        0,
        2,
        0.435,
        0,
        2.533,
        -0.082,
        0,
        2.967,
        0.094,
        0,
        3.533,
        -0.115,
        0,
        4.2,
        0.108,
        0,
        5.567,
        -0.137,
        0,
        6.267,
        0.044,
        0,
        6.733,
        0.016,
        0,
        7.167,
        0.052,
        0,
        7.8,
        -0.143,
        0,
        8.733,
        0.125,
        0,
        9.6,
        -0.039,
        0,
        10.2,
        0.097,
        0,
        10.8,
        0.001,
        1,
        10.978,
        0.001,
        11.155,
        0.206,
        11.333,
        0.459,
        1,
        11.478,
        0.664,
        11.622,
        0.713,
        11.767,
        0.713,
        1,
        11.789,
        0.713,
        11.811,
        0.729,
        11.833,
        0.71
      ]
    },
    {
      "Target": "Parameter",
      "Id": "ParamHairBack",
      "Segments": [
        0,
        0.655,
        1,
        0.1,
        0.668,
        0.2,
        0.676,
        0.3,
        0.676,
        0,
        0.8,
        0.098,
        0,
        1.567,
        0.875,
        0,
        1.9,
        0.522,
        0,
        2.233,
        0.678,
        0,
        3.1,
        0.484,
        2,
        3.133,
        0.484,
        2,
        3.167,
        0.484,
        0,
        3.367,
        0.488,
        0,
        3.5,
        0.487,
        0,
        3.533,
        0.488,
        0,
        4.9,
        0.32,
        0,
        5.833,
        0.499,
        0,
        6.033,
        0.491,
        0,
        6.533,
        0.535,
        0,
        7.2,
        0.473,
        0,
        8.2,
        0.596,
        0,
        8.367,
        0.594,
        0,
        8.667,
        0.602,
        0,
        10.667,
        0.195,
        0,
        10.9,
        0.2,
        1,
        11.044,
        0.2,
        11.189,
        0.178,
        11.333,
        0.098,
        1,
        11.489,
        0.011,
        11.644,
        -0.056,
        11.8,
        -0.056,
        1,
        11.811,
        -0.056,
        11.822,
        -0.057,
        11.833,
        -0.055
      ]
    },
    {
      "Target": "Parameter",
      "Id": "ParamHairBackMo",
      "Segments": [
        0,
        -0.044,
        1,
        0.067,
        -0.09,
        0.133,
        -0.147,
        0.2,
        -0.147,
        0,
        0.5,
        0.311,
        0,
        0.933,
        -0.312,
        0,
        1.3,
        0.168,
        0,
        1.533,
        -0.064,
        0,
        1.767,
        0.213,
        0,
        2.067,
        -0.265,
        0,
        2.4,
        0.219,
        0,
        2.733,
        -0.129,
        0,
        3.033,
        0.058,
        0,
        3.367,
        -0.031,
        0,
        3.767,
        0.036,
        0,
        4.133,
        -0.024,
        0,
        4.467,
        0.018,
        0,
        4.767,
        -0.008,
        0,
        4.867,
        -0.006,
        0,
        5.133,
        -0.024,
        0,
        5.467,
        0.008,
        0,
        5.733,
        -0.016,
        0,
        5.967,
        0.029,
        0,
        6.3,
        -0.03,
        0,
        6.633,
        0.024,
        0,
        6.9,
        -0.009,
        0,
        7.1,
        0.024,
        0,
        7.4,
        -0.043,
        0,
        7.733,
        0.026,
        0,
        8,
        -0.027,
        0,
        8.3,
        0.026,
        0,
        8.6,
        -0.016,
        0,
        8.967,
        0.027,
        0,
        9.233,
        -0.023,
        0,
        9.533,
        0.039,
        0,
        9.8,
        -0.004,
        0,
        10,
        0.028,
        0,
        10.333,
        -0.031,
        0,
        10.633,
        0.009,
        0,
        10.9,
        -0.006,
        1,
        11.011,
        -0.006,
        11.122,
        0.017,
        11.233,
        0.042,
        1,
        11.266,
        0.049,
        11.3,
        0.05,
        11.333,
        0.055,
        1,
        11.411,
        0.068,
        11.489,
        0.076,
        11.567,
        0.076,
        1,
        11.656,
        0.076,
        11.744,
        0.03,
        11.833,
        -0.024
      ]
    },
    {
      "Target": "Parameter",
      "Id": "ParamHairBackFtB",
      "Segments": [
        0,
        -0.097,
        1,
        0.222,
        -0.156,
        0.445,
        -0.215,
        0.667,
        -0.215,
        0,
        1.067,
        1,
        0,
        1.9,
        -0.164,
        0,
        2.533,
        -0.014,
        0,
        3.233,
        -0.082,
        0,
        4.733,
        0.107,
        0,
        6.7,
        -0.089,
        0,
        7.9,
        0.109,
        0,
        9.033,
        -0.802,
        0,
        9.8,
        0.274,
        0,
        10.6,
        -0.06,
        1,
        10.733,
        -0.06,
        10.867,
        0.148,
        11,
        0.278,
        1,
        11.111,
        0.385,
        11.222,
        0.467,
        11.333,
        0.492,
        1,
        11.344,
        0.494,
        11.356,
        0.492,
        11.367,
        0.492,
        1,
        11.522,
        0.492,
        11.678,
        0.485,
        11.833,
        0.367
      ]
    },
    {
      "Target": "Parameter",
      "Id": "ParamShuiZhuChestL4",
      "Segments": [
        0,
        0,
        1,
        0.111,
        0.417,
        0.222,
        0.833,
        0.333,
        1.25,
        2,
        0.367,
        0,
        2,
        11.167,
        0,
        2,
        11.333,
        0,
        2,
        11.5,
        0,
        1,
        11.611,
        0.119,
        11.722,
        0.238,
        11.833,
        0.357
      ]
    },
    {
      "Target": "Parameter",
      "Id": "ParamShuiZhuChestL6",
      "Segments": [
        0,
        0,
        1,
        3.667,
        0.167,
        7.333,
        0.333,
        11,
        0.5,
        2,
        11.333,
        0.5,
        1,
        11.466,
        0.75,
        11.6,
        1,
        11.733,
        1.25,
        2,
        11.767,
        0,
        2,
        11.833,
        0
      ]
    },
    {
      "Target": "Parameter",
      "Id": "ParamShuiZhuChestR1",
      "Segments": [
        0,
        0,
        1,
        0.056,
        0.417,
        0.111,
        0.833,
        0.167,
        1.25,
        2,
        0.2,
        0,
        2,
        11,
        0,
        2,
        11.333,
        0,
        1,
        11.5,
        0.179,
        11.666,
        0.357,
        11.833,
        0.536
      ]
    },
    {
      "Target": "Parameter",
      "Id": "ParamShuiZhuChestR5",
      "Segments": [
        0,
        0,
        1,
        3.344,
        0.417,
        6.689,
        0.833,
        10.033,
        1.25,
        2,
        10.067,
        0,
        1,
        10.489,
        0.167,
        10.911,
        0.333,
        11.333,
        0.5,
        1,
        11.5,
        0.679,
        11.666,
        0.857,
        11.833,
        1.036
      ]
    },
    {
      "Target": "Parameter",
      "Id": "ParamShuiZhuChestR6",
      "Segments": [
        0,
        1.25,
        2,
        0.033,
        0,
        1,
        3.466,
        0.417,
        6.9,
        0.833,
        10.333,
        1.25,
        2,
        10.367,
        0,
        1,
        10.689,
        0.06,
        11.011,
        0.119,
        11.333,
        0.179,
        1,
        11.5,
        0.357,
        11.666,
        0.536,
        11.833,
        0.714
      ]
    },
    {
      "Target": "Parameter",
      "Id": "ParamWaterWenYao",
      "Segments": [
        0,
        0,
        2,
        11,
        0,
        2,
        11.333,
        0,
        1,
        11.5,
        0.222,
        11.666,
        0.445,
        11.833,
        0.667
      ]
    },
    {
      "Target": "Parameter",
      "Id": "ParamWaterBaseYaoX",
      "Segments": [
        0,
        9.49,
        1,
        3.167,
        6.372,
        6.333,
        -10,
        9.5,
        -10,
        0,
        11,
        10,
        2,
        11.333,
        10,
        1,
        11.5,
        10,
        11.666,
        9.117,
        11.833,
        4.81
      ]
    },
    {
      "Target": "Parameter",
      "Id": "ParamWaterBaseYaoY",
      "Segments": [
        0,
        -9.971,
        1,
        3.422,
        -9.121,
        6.845,
        10,
        10.267,
        10,
        1,
        10.622,
        10,
        10.978,
        6.781,
        11.333,
        0.337,
        1,
        11.5,
        -2.684,
        11.666,
        -6.447,
        11.833,
        -8.732
      ]
    },
    {
      "Target": "Parameter",
      "Id": "ParamCrossLight1",
      "Segments": [
        0,
        0.025,
        1,
        3.167,
        0.181,
        6.333,
        1,
        9.5,
        1,
        0,
        11,
        0,
        2,
        11.333,
        0,
        1,
        11.5,
        0,
        11.666,
        0.043,
        11.833,
        0.259
      ]
    },
    {
      "Target": "Parameter",
      "Id": "ParamCrossLight2",
      "Segments": [
        0,
        0.005,
        1,
        3.356,
        0.081,
        6.711,
        1,
        10.067,
        1,
        1,
        10.489,
        1,
        10.911,
        0.699,
        11.333,
        0.321,
        1,
        11.5,
        0.171,
        11.666,
        0.066,
        11.833,
        0.003
      ]
    },
    {
      "Target": "Parameter",
      "Id": "ParamCrossLight3",
      "Segments": [
        0,
        0.968,
        1,
        3.122,
        0.796,
        6.245,
        0,
        9.367,
        0,
        0,
        10.867,
        1,
        1,
        11.022,
        1,
        11.178,
        1.006,
        11.333,
        0.978,
        1,
        11.5,
        0.948,
        11.666,
        0.633,
        11.833,
        0.458
      ]
    },
    {
      "Target": "Parameter",
      "Id": "ParamGanLight",
      "Segments": [
        0,
        0.5,
        2,
        11,
        0.5,
        2,
        11.333,
        0.5,
        1,
        11.5,
        0.5,
        11.666,
        0.493,
        11.833,
        0.557
      ]
    },
    {
      "Target": "PartOpacity",
      "Id": "PartHandLNie",
      "Segments": [
        0,
        0,
        2,
        0.53,
        1,
        2,
        9.8,
        0,
        2,
        11.83,
        0
      ]
    },
    {
      "Target": "PartOpacity",
      "Id": "PartHandLPeng",
      "Segments": [
        0,
        0,
        2,
        9.8,
        0,
        2,
        11.83,
        0
      ]
    },
    {
      "Target": "PartOpacity",
      "Id": "PartHandLMove",
      "Segments": [
        0,
        0,
        2,
        0.53,
        1,
        2,
        9.8,
        0,
        2,
        11.83,
        0
      ]
    },
    {
      "Target": "PartOpacity",
      "Id": "PartHandLDefault",
      "Segments": [
        0,
        1,
        2,
        0.53,
        0,
        2,
        9.8,
        1,
        2,
        11.83,
        1
      ]
    },
    {
      "Target": "PartOpacity",
      "Id": "PartArmLMove",
      "Segments": [
        0,
        0,
        2,
        0.53,
        1,
        2,
        9.8,
        0,
        2,
        11.83,
        0
      ]
    },
    {
      "Target": "PartOpacity",
      "Id": "PartArmLDefault",
      "Segments": [
        0,
        1,
        2,
        0.53,
        0,
        2,
        9.8,
        1,
        2,
        11.83,
        1
      ]
    },
    {
      "Target": "Parameter",
      "Id": "ParamEyeBallScale",
      "Segments": [
        0,
        0,
        0,
        11.833,
        0
      ]
    },
    {
      "Target": "Parameter",
      "Id": "ParamUruUru",
      "Segments": [
        0,
        0,
        0,
        11.833,
        0
      ]
    },
    {
      "Target": "Parameter",
      "Id": "ParamBrowLX",
      "Segments": [
        0,
        0,
        0,
        11.833,
        0
      ]
    },
    {
      "Target": "Parameter",
      "Id": "ParamBrowLY",
      "Segments": [
        0,
        0,
        0,
        11.833,
        0
      ]
    },
    {
      "Target": "Parameter",
      "Id": "ParamBrowRX",
      "Segments": [
        0,
        0,
        0,
        11.833,
        0
      ]
    },
    {
      "Target": "Parameter",
      "Id": "ParamBrowRY",
      "Segments": [
        0,
        0,
        0,
        11.833,
        0
      ]
    },
    {
      "Target": "Parameter",
      "Id": "ParamBrowLAngle",
      "Segments": [
        0,
        0,
        0,
        11.833,
        0
      ]
    },
    {
      "Target": "Parameter",
      "Id": "ParamBrowRAngle",
      "Segments": [
        0,
        0,
        0,
        11.833,
        0
      ]
    },
    {
      "Target": "Parameter",
      "Id": "ParamBrowLForm",
      "Segments": [
        0,
        0,
        0,
        11.833,
        0
      ]
    },
    {
      "Target": "Parameter",
      "Id": "ParamBrowRForm",
      "Segments": [
        0,
        0,
        0,
        11.833,
        0
      ]
    },
    {
      "Target": "Parameter",
      "Id": "ParamMouthOpenY",
      "Segments": [
        0,
        0,
        0,
        11.833,
        0
      ]
    },
    {
      "Target": "Parameter",
      "Id": "ParamSheTouChu",
      "Segments": [
        0,
        0,
        0,
        11.833,
        0
      ]
    },
    {
      "Target": "Parameter",
      "Id": "ParamSheTouTian",
      "Segments": [
        0,
        0,
        0,
        11.833,
        0
      ]
    },
    {
      "Target": "Parameter",
      "Id": "ParamSheTou2RLayer",
      "Segments": [
        0,
        0,
        0,
        11.833,
        0
      ]
    },
    {
      "Target": "Parameter",
      "Id": "ParamCheek",
      "Segments": [
        0,
        0,
        0,
        11.833,
        0
      ]
    },
    {
      "Target": "Parameter",
      "Id": "ParamBodyAngleY",
      "Segments": [
        0,
        0,
        0,
        11.833,
        0
      ]
    },
    {
      "Target": "Parameter",
      "Id": "ParamBodyAngleZ",
      "Segments": [
        0,
        0,
        0,
        11.833,
        0
      ]
    },
    {
      "Target": "Parameter",
      "Id": "ParamBreath",
      "Segments": [
        0,
        0,
        0,
        11.833,
        0
      ]
    },
    {
      "Target": "Parameter",
      "Id": "ParamArmUpperLMoveLength",
      "Segments": [
        0,
        0,
        0,
        11.833,
        0
      ]
    },
    {
      "Target": "Parameter",
      "Id": "ParamArmUpperRMoveAngel",
      "Segments": [
        0,
        0,
        0,
        11.833,
        0
      ]
    },
    {
      "Target": "Parameter",
      "Id": "ParamArmUpperRMoveLength",
      "Segments": [
        0,
        0,
        0,
        11.833,
        0
      ]
    },
    {
      "Target": "Parameter",
      "Id": "ParamArmForeRMoveAngel",
      "Segments": [
        0,
        0,
        0,
        11.833,
        0
      ]
    },
    {
      "Target": "Parameter",
      "Id": "ParamArmForeRMoveLength",
      "Segments": [
        0,
        0,
        0,
        11.833,
        0
      ]
    },
    {
      "Target": "Parameter",
      "Id": "ParamHandRMoveAngel",
      "Segments": [
        0,
        0,
        0,
        11.833,
        0
      ]
    },
    {
      "Target": "Parameter",
      "Id": "ParamHandLNieDmzLayer",
      "Segments": [
        0,
        0,
        0,
        11.833,
        0
      ]
    },
    {
      "Target": "Parameter",
      "Id": "ParamDeng2",
      "Segments": [
        0,
        0,
        0,
        11.833,
        0
      ]
    },
    {
      "Target": "Parameter",
      "Id": "ParamDeng3",
      "Segments": [
        0,
        0,
        0,
        11.833,
        0
      ]
    },
    {
      "Target": "Parameter",
      "Id": "ParamArmForeLPengAlpha",
      "Segments": [
        0,
        0,
        0,
        11.833,
        0
      ]
    },
    {
      "Target": "Parameter",
      "Id": "ParamHandLDefaultAlpha",
      "Segments": [
        0,
        1,
        0,
        11.833,
        1
      ]
    },
    {
      "Target": "Parameter",
      "Id": "ParamHandLPengAlpha",
      "Segments": [
        0,
        0,
        0,
        11.833,
        0
      ]
    },
    {
      "Target": "Parameter",
      "Id": "ParamDeng4",
      "Segments": [
        0,
        0,
        0,
        11.833,
        0
      ]
    },
    {
      "Target": "Parameter",
      "Id": "ParamHandLNieZhi",
      "Segments": [
        0,
        0,
        0,
        11.833,
        0
      ]
    },
    {
      "Target": "Parameter",
      "Id": "ParamHandRGanLayer",
      "Segments": [
        0,
        0,
        0,
        11.833,
        0
      ]
    },
    {
      "Target": "Parameter",
      "Id": "ParamDeng5",
      "Segments": [
        0,
        0,
        0,
        11.833,
        0
      ]
    },
    {
      "Target": "Parameter",
      "Id": "ParamHandRDMZ",
      "Segments": [
        0,
        0,
        0,
        11.833,
        0
      ]
    },
    {
      "Target": "Parameter",
      "Id": "ParamHandRSZ",
      "Segments": [
        0,
        0,
        0,
        11.833,
        0
      ]
    },
    {
      "Target": "Parameter",
      "Id": "ParamHandRZZ",
      "Segments": [
        0,
        0,
        0,
        11.833,
        0
      ]
    },
    {
      "Target": "Parameter",
      "Id": "ParamHandRWMZ",
      "Segments": [
        0,
        0,
        0,
        11.833,
        0
      ]
    },
    {
      "Target": "Parameter",
      "Id": "ParamHandRXZ",
      "Segments": [
        0,
        0,
        0,
        11.833,
        0
      ]
    },
    {
      "Target": "Parameter",
      "Id": "ParamDeng6",
      "Segments": [
        0,
        0,
        0,
        11.833,
        0
      ]
    },
    {
      "Target": "Parameter",
      "Id": "ParamArmForeRMoveAlpha",
      "Segments": [
        0,
        1,
        0,
        11.833,
        1
      ]
    },
    {
      "Target": "Parameter",
      "Id": "ParamArmForeRPengAlpha",
      "Segments": [
        0,
        0,
        0,
        11.833,
        0
      ]
    },
    {
      "Target": "Parameter",
      "Id": "ParamHandRDefaultAlpha",
      "Segments": [
        0,
        1,
        0,
        11.833,
        1
      ]
    },
    {
      "Target": "Parameter",
      "Id": "ParamHandRMoveAlpha",
      "Segments": [
        0,
        0,
        0,
        11.833,
        0
      ]
    },
    {
      "Target": "Parameter",
      "Id": "ParamHandRPengAlpha",
      "Segments": [
        0,
        0,
        0,
        11.833,
        0
      ]
    },
    {
      "Target": "Parameter",
      "Id": "ParamDeng7",
      "Segments": [
        0,
        0,
        0,
        11.833,
        0
      ]
    },
    {
      "Target": "Parameter",
      "Id": "ParamLu",
      "Segments": [
        0,
        0,
        0,
        11.833,
        0
      ]
    },
    {
      "Target": "Parameter",
      "Id": "ParamLuPosition",
      "Segments": [
        0,
        0,
        0,
        11.833,
        0
      ]
    },
    {
      "Target": "Parameter",
      "Id": "ParamBodyUpperZheng",
      "Segments": [
        0,
        10,
        0,
        11.833,
        10
      ]
    },
    {
      "Target": "Parameter",
      "Id": "ParamChestPhysicX",
      "Segments": [
        0,
        0,
        0,
        11.833,
        0
      ]
    },
    {
      "Target": "Parameter",
      "Id": "ParamChestPhysicY",
      "Segments": [
        0,
        0,
        0,
        11.833,
        0
      ]
    },
    {
      "Target": "Parameter",
      "Id": "ParamHairSide",
      "Segments": [
        0,
        0,
        0,
        11.833,
        0
      ]
    },
    {
      "Target": "Parameter",
      "Id": "ParamHairAcce",
      "Segments": [
        0,
        0,
        0,
        11.833,
        0
      ]
    },
    {
      "Target": "Parameter",
      "Id": "ParamShuiZhuChestL1",
      "Segments": [
        0,
        0,
        0,
        11.833,
        0
      ]
    },
    {
      "Target": "Parameter",
      "Id": "ParamShuiZhuChestL2",
      "Segments": [
        0,
        0,
        0,
        11.833,
        0
      ]
    },
    {
      "Target": "Parameter",
      "Id": "ParamShuiZhuChestL3",
      "Segments": [
        0,
        0,
        0,
        11.833,
        0
      ]
    },
    {
      "Target": "Parameter",
      "Id": "ParamShuiZhuChestL5",
      "Segments": [
        0,
        0,
        0,
        11.833,
        0
      ]
    },
    {
      "Target": "Parameter",
      "Id": "ParamShuiZhuChestL7",
      "Segments": [
        0,
        0,
        0,
        11.833,
        0
      ]
    },
    {
      "Target": "Parameter",
      "Id": "ParamDeng1",
      "Segments": [
        0,
        0,
        0,
        11.833,
        0
      ]
    },
    {
      "Target": "Parameter",
      "Id": "ParamShuiZhuChestR2",
      "Segments": [
        0,
        0,
        0,
        11.833,
        0
      ]
    },
    {
      "Target": "Parameter",
      "Id": "ParamShuiZhuChesrtR3",
      "Segments": [
        0,
        0,
        0,
        11.833,
        0
      ]
    },
    {
      "Target": "Parameter",
      "Id": "ParamShuiZhuChestR4",
      "Segments": [
        0,
        0,
        0,
        11.833,
        0
      ]
    },
    {
      "Target": "Parameter",
      "Id": "ParamWuliBase",
      "Segments": [
        0,
        0,
        0,
        11.833,
        0
      ]
    },
    {
      "Target": "PartOpacity",
      "Id": "PartLoginParts",
      "Segments": [
        0,
        0,
        0,
        11.833,
        0
      ]
    },
    {
      "Target": "PartOpacity",
      "Id": "PartShuizhuDange",
      "Segments": [
        0,
        0,
        0,
        11.833,
        0
      ]
    },
    {
      "Target": "PartOpacity",
      "Id": "PartMask",
      "Segments": [
        0,
        0,
        0,
        11.833,
        0
      ]
    },
    {
      "Target": "PartOpacity",
      "Id": "PartHandLCongxia",
      "Segments": [
        0,
        0,
        0,
        11.833,
        0
      ]
    },
    {
      "Target": "PartOpacity",
      "Id": "PartHandLNakaiDuli",
      "Segments": [
        0,
        0,
        0,
        11.833,
        0
      ]
    },
    {
      "Target": "PartOpacity",
      "Id": "PartHandRPeng",
      "Segments": [
        0,
        0,
        0,
        11.833,
        0
      ]
    },
    {
      "Target": "PartOpacity",
      "Id": "PartHandRMove",
      "Segments": [
        0,
        0,
        0,
        11.833,
        0
      ]
    },
    {
      "Target": "PartOpacity",
      "Id": "PartHandRDefault",
      "Segments": [
        0,
        1,
        0,
        11.833,
        1
      ]
    },
    {
      "Target": "PartOpacity",
      "Id": "PartArmRMove",
      "Segments": [
        0,
        0,
        0,
        11.833,
        0
      ]
    },
    {
      "Target": "PartOpacity",
      "Id": "PartArmRDefault",
      "Segments": [
        0,
        1,
        0,
        11.833,
        1
      ]
    },
    {
      "Target": "PartOpacity",
      "Id": "PartAhogeShuai",
      "Segments": [
        0,
        0,
        0,
        11.833,
        0
      ]
    },
    {
      "Target": "PartOpacity",
      "Id": "PartHairFrontShuai",
      "Segments": [
        0,
        0,
        0,
        11.833,
        0
      ]
    },
    {
      "Target": "PartOpacity",
      "Id": "PartMouthKey",
      "Segments": [
        0,
        0,
        0,
        11.833,
        0
      ]
    },
    {
      "Target": "PartOpacity",
      "Id": "PartShaoziHan",
      "Segments": [
        0,
        0,
        0,
        11.833,
        0
      ]
    }
  ],
  "UserData": [
    {
      "Time": 0.0,
      "Value": ""
    },
    {
      "Time": 11.333,
      "Value": ""
    }
  ]
}