{
  "Version": 3,
  "Meta": {
    "Duration": 9.0,
    "Fps": 30.0,
    "Loop": true,
    "CurveCount": 20,
    "TotalSegmentCount": 135,
    "TotalPointCount": 213,
    "UserDataCount": 1,
    "TotalUserDataSize": 0
  },
  "Curves": [
    {
      "Target": "Parameter",
      "Id": "ParamShuiZhuChestL1",
      "Segments": [
        0,
        0,
        2,
        2.867,
        0,
        1,
        3.256,
        0.417,
        3.644,
        0.833,
        4.033,
        1.25,
        2,
        4.067,
        0,
        2,
        5.533,
        0,
        1,
        5.922,
        0.417,
        6.311,
        0.833,
        6.7,
        1.25,
        2,
        6.733,
        0,
        2,
        9,
        0
      ]
    },
    {
      "Target": "Parameter",
      "Id": "ParamShuiZhuChestL2",
      "Segments": [
        0,
        0,
        2,
        2.567,
        0,
        1,
        2.956,
        0.417,
        3.344,
        0.833,
        3.733,
        1.25,
        2,
        3.767,
        0,
        2,
        6.1,
        0,
        1,
        6.489,
        0.417,
        6.878,
        0.833,
        7.267,
        1.25,
        2,
        7.3,
        0,
        2,
        9,
        0
      ]
    },
    {
      "Target": "Parameter",
      "Id": "ParamShuiZhuChestL3",
      "Segments": [
        0,
        0,
        2,
        0.967,
        0,
        1,
        1.356,
        0.417,
        1.744,
        0.833,
        2.133,
        1.25,
        2,
        2.167,
        0,
        2,
        4.933,
        0,
        1,
        5.322,
        0.417,
        5.711,
        0.833,
        6.1,
        1.25,
        2,
        6.133,
        0,
        2,
        9,
        0
      ]
    },
    {
      "Target": "Parameter",
      "Id": "ParamShuiZhuChestL4",
      "Segments": [
        0,
        0,
        2,
        0.167,
        0,
        1,
        0.556,
        0.417,
        0.944,
        0.833,
        1.333,
        1.25,
        2,
        1.367,
        0,
        2,
        5.233,
        0,
        1,
        5.622,
        0.417,
        6.011,
        0.833,
        6.4,
        1.25,
        2,
        6.433,
        0,
        2,
        9,
        0
      ]
    },
    {
      "Target": "Parameter",
      "Id": "ParamShuiZhuChestL5",
      "Segments": [
        0,
        0,
        2,
        1.633,
        0,
        1,
        2.022,
        0.417,
        2.411,
        0.833,
        2.8,
        1.25,
        2,
        2.833,
        0,
        2,
        6.967,
        0,
        1,
        7.356,
        0.417,
        7.744,
        0.833,
        8.133,
        1.25,
        2,
        8.167,
        0,
        2,
        9,
        0
      ]
    },
    {
      "Target": "Parameter",
      "Id": "ParamShuiZhuChestL6",
      "Segments": [
        0,
        0.5,
        1,
        0.133,
        0.75,
        0.267,
        1,
        0.4,
        1.25,
        2,
        0.433,
        0,
        2,
        3.2,
        0,
        1,
        3.489,
        0.167,
        3.778,
        0.333,
        4.067,
        0.5,
        1,
        4.2,
        0.75,
        4.334,
        1,
        4.467,
        1.25,
        2,
        4.5,
        0,
        2,
        8.133,
        0,
        1,
        8.422,
        0.167,
        8.711,
        0.333,
        9,
        0.5
      ]
    },
    {
      "Target": "Parameter",
      "Id": "ParamShuiZhuChestL7",
      "Segments": [
        0,
        0,
        2,
        0.5,
        0,
        1,
        0.789,
        0.238,
        1.078,
        0.476,
        1.367,
        0.714,
        1,
        1.467,
        0.893,
        1.567,
        1.071,
        1.667,
        1.25,
        2,
        1.7,
        0,
        2,
        4.4,
        0,
        1,
        4.689,
        0.238,
        4.978,
        0.476,
        5.267,
        0.714,
        1,
        5.367,
        0.893,
        5.467,
        1.071,
        5.567,
        1.25,
        2,
        5.6,
        0,
        2,
        9,
        0
      ]
    },
    {
      "Target": "Parameter",
      "Id": "ParamShuiZhuChestR1",
      "Segments": [
        0,
        0,
        1,
        0.389,
        0.417,
        0.778,
        0.833,
        1.167,
        1.25,
        2,
        1.2,
        0,
        2,
        5.167,
        0,
        1,
        5.556,
        0.417,
        5.944,
        0.833,
        6.333,
        1.25,
        2,
        6.367,
        0,
        2,
        9,
        0
      ]
    },
    {
      "Target": "Parameter",
      "Id": "ParamShuiZhuChestR2",
      "Segments": [
        0,
        0,
        2,
        1.333,
        0,
        1,
        1.722,
        0.417,
        2.111,
        0.833,
        2.5,
        1.25,
        2,
        2.533,
        0,
        2,
        4.967,
        0,
        1,
        5.356,
        0.417,
        5.744,
        0.833,
        6.133,
        1.25,
        2,
        6.167,
        0,
        2,
        9,
        0
      ]
    },
    {
      "Target": "Parameter",
      "Id": "ParamShuiZhuChesrtR3",
      "Segments": [
        0,
        0,
        2,
        1.833,
        0,
        1,
        2.222,
        0.417,
        2.611,
        0.833,
        3,
        1.25,
        2,
        3.033,
        0,
        2,
        5.833,
        0,
        1,
        6.222,
        0.417,
        6.611,
        0.833,
        7,
        1.25,
        2,
        7.033,
        0,
        2,
        9,
        0
      ]
    },
    {
      "Target": "Parameter",
      "Id": "ParamShuiZhuChestR4",
      "Segments": [
        0,
        0,
        2,
        0.5,
        0,
        1,
        0.889,
        0.417,
        1.278,
        0.833,
        1.667,
        1.25,
        2,
        1.7,
        0,
        2,
        3.533,
        0,
        1,
        3.922,
        0.417,
        4.311,
        0.833,
        4.7,
        1.25,
        2,
        4.733,
        0,
        2,
        9,
        0
      ]
    },
    {
      "Target": "Parameter",
      "Id": "ParamShuiZhuChestR5",
      "Segments": [
        0,
        0,
        1,
        0.233,
        0.417,
        0.467,
        0.833,
        0.7,
        1.25,
        2,
        0.733,
        0,
        2,
        5.6,
        0,
        1,
        5.989,
        0.417,
        6.378,
        0.833,
        6.767,
        1.25,
        2,
        6.8,
        0,
        2,
        8.533,
        0,
        1,
        8.689,
        0.167,
        8.844,
        0.333,
        9,
        0.5
      ]
    },
    {
      "Target": "Parameter",
      "Id": "ParamShuiZhuChestR6",
      "Segments": [
        0,
        0,
        1,
        0.333,
        0.417,
        0.667,
        0.833,
        1,
        1.25,
        2,
        1.033,
        0,
        2,
        6.7,
        0,
        1,
        7.089,
        0.417,
        7.478,
        0.833,
        7.867,
        1.25,
        2,
        7.9,
        0,
        2,
        8.833,
        0,
        1,
        8.889,
        0.06,
        8.944,
        0.119,
        9,
        0.179
      ]
    },
    {
      "Target": "Parameter",
      "Id": "ParamWaterWenYao",
      "Segments": [
        0,
        0,
        1,
        3,
        4,
        6,
        8,
        9,
        12
      ]
    },
    {
      "Target": "Parameter",
      "Id": "ParamWaterBaseYaoX",
      "Segments": [
        0,
        10,
        0,
        1.5,
        -10,
        0,
        3,
        10,
        0,
        4.5,
        -10,
        0,
        6,
        10,
        0,
        7.5,
        -10,
        0,
        9,
        10
      ]
    },
    {
      "Target": "Parameter",
      "Id": "ParamWaterBaseYaoY",
      "Segments": [
        0,
        0.333,
        1,
        0.256,
        -4.775,
        0.511,
        -10,
        0.767,
        -10,
        0,
        2.267,
        10,
        0,
        3.767,
        -10,
        0,
        5.267,
        10,
        0,
        6.767,
        -10,
        0,
        8.267,
        10,
        1,
        8.511,
        10,
        8.756,
        5.22,
        9,
        0.333
      ]
    },
    {
      "Target": "Parameter",
      "Id": "ParamCrossLight1",
      "Segments": [
        0,
        0,
        0,
        1.5,
        1,
        0,
        3,
        0,
        0,
        4.5,
        1,
        0,
        6,
        0,
        0,
        7.5,
        1,
        0,
        9,
        0
      ]
    },
    {
      "Target": "Parameter",
      "Id": "ParamCrossLight2",
      "Segments": [
        0,
        0.32,
        1,
        0.189,
        0.143,
        0.378,
        0,
        0.567,
        0,
        0,
        2.067,
        1,
        0,
        3.567,
        0,
        0,
        5.067,
        1,
        0,
        6.567,
        0,
        0,
        8.067,
        1,
        1,
        8.378,
        1,
        8.689,
        0.613,
        9,
        0.32
      ]
    },
    {
      "Target": "Parameter",
      "Id": "ParamCrossLight3",
      "Segments": [
        0,
        0.978,
        1,
        0.456,
        0.83,
        0.911,
        0,
        1.367,
        0,
        0,
        2.867,
        1,
        0,
        4.367,
        0,
        0,
        5.867,
        1,
        0,
        7.367,
        0,
        0,
        8.867,
        1,
        1,
        8.911,
        1,
        8.956,
        0.992,
        9,
        0.978
      ]
    },
    {
      "Target": "Parameter",
      "Id": "ParamGanLight",
      "Segments": [
        0,
        0.5,
        0,
        2.367,
        1,
        0,
        4.467,
        0.5,
        2,
        5.167,
        0.5,
        0,
        6.2,
        0.9,
        0,
        6.667,
        0.661,
        0,
        7.167,
        1,
        0,
        9,
        0.5
      ]
    }
  ],
  "UserData": [
    {
      "Time": 0.0,
      "Value": ""
    }
  ]
}