{
  "Version": 3,
  "Meta": {
    "Duration": 20.17,
    "Fps": 30.0,
    "Loop": true,
    "CurveCount": 146,
    "TotalSegmentCount": 1013,
    "TotalPointCount": 1621,
    "UserDataCount": 2,
    "TotalUserDataSize": 0
  },
  "Curves": [
    {
      "Target": "Parameter",
      "Id": "ParamAngleX",
      "Segments": [
        0,
        28.274,
        1,
        0.489,
        28.431,
        0.978,
        30,
        1.467,
        30,
        1,
        1.856,
        30,
        2.244,
        30.02,
        2.633,
        26.351,
        1,
        2.922,
        23.626,
        3.211,
        11,
        3.5,
        11,
        0,
        3.667,
        12.124,
        0,
        4.067,
        5.755,
        0,
        4.633,
        9.439,
        1,
        4.833,
        9.439,
        5.033,
        3.222,
        5.233,
        1.607,
        1,
        5.355,
        0.62,
        5.478,
        0.421,
        5.6,
        0.179,
        1,
        5.756,
        -0.13,
        5.911,
        -0.156,
        6.067,
        -0.156,
        0,
        7.2,
        1.244,
        0,
        8.567,
        -0.608,
        0,
        9.433,
        1.216,
        0,
        10.3,
        -1.4,
        0,
        12.233,
        6.6,
        0,
        13.133,
        3.26,
        0,
        15.833,
        30,
        1,
        16.455,
        30,
        17.078,
        29.796,
        17.7,
        26.75,
        1,
        18.2,
        24.302,
        18.7,
        15.307,
        19.2,
        11.741,
        1,
        19.356,
        10.632,
        19.511,
        10.824,
        19.667,
        9.998,
        1,
        19.834,
        9.112,
        20,
        7.024,
        20.167,
        5.588
      ]
    },
    {
      "Target": "Parameter",
      "Id": "ParamAngleY",
      "Segments": [
        0,
        13.343,
        1,
        0.489,
        13.105,
        0.978,
        12.551,
        1.467,
        12.551,
        0,
        2.767,
        13.449,
        0,
        4.567,
        9.783,
        0,
        5.733,
        12.167,
        0,
        6.433,
        -6,
        1,
        7.022,
        -6,
        7.611,
        23.434,
        8.2,
        25.625,
        1,
        8.567,
        26.989,
        8.933,
        26.481,
        9.3,
        26.481,
        1,
        10.2,
        26.481,
        11.1,
        22.793,
        12,
        21.281,
        1,
        12.4,
        20.609,
        12.8,
        20.801,
        13.2,
        20.391,
        1,
        13.378,
        20.209,
        13.555,
        19.321,
        13.733,
        16.52,
        1,
        14.044,
        11.618,
        14.356,
        -18.154,
        14.667,
        -18.154,
        1,
        14.834,
        -18.154,
        15,
        -1.967,
        15.167,
        2.812,
        1,
        15.378,
        8.865,
        15.589,
        9.135,
        15.8,
        9.135,
        0,
        17.633,
        -17.416,
        0,
        19.267,
        9.967,
        1,
        19.4,
        9.967,
        19.534,
        6.384,
        19.667,
        4.176,
        1,
        19.834,
        1.417,
        20,
        -0.433,
        20.167,
        -2.089
      ]
    },
    {
      "Target": "Parameter",
      "Id": "ParamAngleZ",
      "Segments": [
        0,
        17.731,
        1,
        0.167,
        19.021,
        0.333,
        20.349,
        0.5,
        21.854,
        1,
        0.567,
        22.456,
        0.633,
        23.599,
        0.7,
        23.599,
        0,
        1.933,
        -11.831,
        1,
        2.211,
        -11.831,
        2.489,
        12.46,
        2.767,
        14,
        1,
        3.356,
        17.264,
        3.944,
        17.491,
        4.533,
        17.491,
        0,
        5.167,
        -4.826,
        1,
        5.278,
        -4.826,
        5.389,
        -4.168,
        5.5,
        -0.545,
        1,
        5.633,
        3.803,
        5.767,
        11.198,
        5.9,
        16.657,
        1,
        6.044,
        22.57,
        6.189,
        25.156,
        6.333,
        25.156,
        1,
        6.478,
        25.156,
        6.622,
        -3.954,
        6.767,
        -6.227,
        1,
        6.922,
        -8.674,
        7.078,
        -9.891,
        7.233,
        -10.586,
        1,
        7.411,
        -11.379,
        7.589,
        -11.405,
        7.767,
        -11.405,
        1,
        7.911,
        -11.405,
        8.056,
        -10.836,
        8.2,
        -7.394,
        1,
        8.378,
        -3.159,
        8.555,
        5.844,
        8.733,
        9.496,
        1,
        8.911,
        13.148,
        9.089,
        13.621,
        9.267,
        13.621,
        0,
        10.133,
        0.42,
        0,
        11.367,
        16.254,
        1,
        11.789,
        16.254,
        12.211,
        12.045,
        12.633,
        9.876,
        1,
        12.855,
        8.734,
        13.078,
        9.458,
        13.3,
        8.09,
        1,
        13.644,
        5.969,
        13.989,
        -25,
        14.333,
        -25,
        1,
        14.689,
        -25,
        15.044,
        -18.295,
        15.4,
        -14.226,
        1,
        15.733,
        -10.412,
        16.067,
        -10.263,
        16.4,
        -10.263,
        0,
        17.667,
        -17,
        0,
        19.667,
        7.683,
        1,
        19.834,
        7.683,
        20,
        3.9,
        20.167,
        1.152
      ]
    },
    {
      "Target": "Parameter",
      "Id": "ParamEyeLOpen",
      "Segments": [
        0,
        1,
        2,
        0.633,
        1,
        0,
        0.833,
        0.008,
        0,
        1,
        1,
        2,
        3.8,
        1,
        0,
        3.9,
        0,
        0,
        4.133,
        1,
        2,
        6.433,
        1,
        0,
        6.7,
        0,
        2,
        7.867,
        0,
        1,
        8.078,
        0,
        8.289,
        0.996,
        8.5,
        0.997,
        1,
        9.022,
        1,
        9.545,
        1,
        10.067,
        1,
        0,
        10.533,
        0,
        0,
        11.033,
        1,
        2,
        11.7,
        1,
        0,
        14,
        1.002,
        0,
        14.667,
        0.795,
        0,
        16.833,
        0.804,
        0,
        17.133,
        0,
        1,
        17.233,
        0,
        17.333,
        0.758,
        17.433,
        0.787,
        1,
        17.489,
        0.804,
        17.544,
        0.802,
        17.6,
        0.806,
        1,
        17.733,
        0.814,
        17.867,
        0.816,
        18,
        0.816,
        0,
        18.833,
        0.808,
        0,
        19.667,
        1,
        2,
        20.167,
        1
      ]
    },
    {
      "Target": "Parameter",
      "Id": "ParamEyeLSmile",
      "Segments": [
        0,
        0,
        2,
        6.433,
        0,
        0,
        6.7,
        1,
        2,
        7.9,
        1,
        0,
        8.2,
        0,
        2,
        19.667,
        0,
        2,
        20.167,
        0
      ]
    },
    {
      "Target": "Parameter",
      "Id": "ParamEyeROpen",
      "Segments": [
        0,
        1,
        2,
        0.633,
        1,
        0,
        0.833,
        0.008,
        0,
        1,
        1,
        1,
        1.933,
        1,
        2.867,
        0.999,
        3.8,
        0.997,
        0,
        3.9,
        0,
        0,
        4.133,
        1,
        2,
        6.433,
        1,
        0,
        6.7,
        0,
        2,
        7.867,
        0,
        1,
        8.078,
        0,
        8.289,
        0.996,
        8.5,
        0.997,
        1,
        9.022,
        1,
        9.545,
        1,
        10.067,
        1,
        0,
        10.533,
        0,
        0,
        11.033,
        1,
        2,
        11.7,
        1,
        0,
        14,
        1.001,
        0,
        14.667,
        0.796,
        0,
        16.833,
        0.804,
        0,
        17.133,
        0,
        1,
        17.233,
        0,
        17.333,
        0.758,
        17.433,
        0.787,
        1,
        17.489,
        0.804,
        17.544,
        0.802,
        17.6,
        0.806,
        1,
        17.733,
        0.814,
        17.867,
        0.816,
        18,
        0.816,
        0,
        18.833,
        0.808,
        0,
        19.667,
        1,
        2,
        20.167,
        1
      ]
    },
    {
      "Target": "Parameter",
      "Id": "ParamEyeRSmile",
      "Segments": [
        0,
        0,
        2,
        6.433,
        0,
        0,
        6.7,
        1,
        2,
        7.9,
        1,
        0,
        8.2,
        0,
        2,
        19.667,
        0,
        2,
        20.167,
        0
      ]
    },
    {
      "Target": "Parameter",
      "Id": "ParamEyeBallX",
      "Segments": [
        0,
        1,
        1,
        1.267,
        0.999,
        2.533,
        0.99,
        3.8,
        0.973,
        1,
        3.833,
        0.972,
        3.867,
        0.231,
        3.9,
        0.034,
        1,
        3.933,
        -0.162,
        3.967,
        -0.181,
        4,
        -0.181,
        1,
        4.222,
        -0.181,
        4.445,
        -0.182,
        4.667,
        -0.177,
        1,
        4.856,
        -0.172,
        5.044,
        -0.006,
        5.233,
        0,
        1,
        6.922,
        0.058,
        8.611,
        0.089,
        10.3,
        0.157,
        1,
        11.244,
        0.196,
        12.189,
        0.285,
        13.133,
        0.285,
        0,
        15.833,
        -0.5,
        1,
        16.455,
        -0.5,
        17.078,
        -0.503,
        17.7,
        -0.395,
        1,
        18.2,
        -0.308,
        18.7,
        0,
        19.2,
        0,
        0,
        19.667,
        -0.221,
        1,
        19.834,
        -0.221,
        20,
        -0.128,
        20.167,
        -0.074
      ]
    },
    {
      "Target": "Parameter",
      "Id": "ParamEyeBallY",
      "Segments": [
        0,
        -0.065,
        1,
        0.4,
        -0.067,
        0.8,
        -0.07,
        1.2,
        -0.077,
        1,
        1.533,
        -0.083,
        1.867,
        -0.352,
        2.2,
        -0.355,
        1,
        4,
        -0.373,
        5.8,
        -0.377,
        7.6,
        -0.377,
        1,
        7.789,
        -0.377,
        7.978,
        -0.109,
        8.167,
        -0.064,
        1,
        8.545,
        0.025,
        8.922,
        0.032,
        9.3,
        0.032,
        0,
        12,
        -0.183,
        1,
        12.4,
        -0.183,
        12.8,
        -0.11,
        13.2,
        -0.029,
        1,
        13.689,
        0.071,
        14.178,
        0.1,
        14.667,
        0.1,
        0,
        15.8,
        -0.3,
        0,
        17.633,
        0,
        0,
        19.667,
        -0.064,
        1,
        19.834,
        -0.064,
        20,
        -0.018,
        20.167,
        0.003
      ]
    },
    {
      "Target": "Parameter",
      "Id": "ParamMouthForm",
      "Segments": [
        0,
        1,
        2,
        18.933,
        1,
        0,
        20.167,
        0
      ]
    },
    {
      "Target": "Parameter",
      "Id": "ParamBodyUpperZ",
      "Segments": [
        0,
        0.882,
        1,
        0.167,
        0.45,
        0.333,
        0.409,
        0.5,
        0,
        1,
        0.578,
        -0.191,
        0.655,
        -1.916,
        0.733,
        -1.916,
        0,
        1.167,
        -0.15,
        0,
        1.6,
        -0.637,
        0,
        2.767,
        4.517,
        0,
        4.2,
        -2.106,
        0,
        5.667,
        2.41,
        1,
        5.978,
        2.41,
        6.289,
        1.975,
        6.6,
        0,
        1,
        6.833,
        -1.482,
        7.067,
        -3.214,
        7.3,
        -3.214,
        1,
        7.578,
        -3.214,
        7.855,
        -1.631,
        8.133,
        0.744,
        1,
        8.478,
        3.69,
        8.822,
        4.835,
        9.167,
        4.835,
        1,
        9.556,
        4.835,
        9.944,
        4.743,
        10.333,
        3.383,
        1,
        10.666,
        2.217,
        11,
        -1.875,
        11.333,
        -3.28,
        1,
        11.578,
        -4.311,
        11.822,
        -4.313,
        12.067,
        -4.313,
        0,
        13.633,
        0.657,
        0,
        15.333,
        0.04,
        0,
        16.1,
        0.804,
        1,
        16.689,
        0.804,
        17.278,
        -2.956,
        17.867,
        -5.384,
        1,
        18.178,
        -6.667,
        18.489,
        -6.469,
        18.8,
        -6.469,
        1,
        19.089,
        -6.469,
        19.378,
        -3.734,
        19.667,
        -0.979,
        1,
        19.834,
        0.61,
        20,
        1.387,
        20.167,
        2.377
      ]
    },
    {
      "Target": "Parameter",
      "Id": "ParamBodyUpperY",
      "Segments": [
        0,
        8.509,
        1,
        0.167,
        8.673,
        0.333,
        8.908,
        0.5,
        9.23,
        1,
        0.544,
        9.316,
        0.589,
        10,
        0.633,
        10,
        0,
        1.933,
        9.174,
        0,
        4.1,
        9.804,
        0,
        5.9,
        9.354,
        0,
        6.6,
        10,
        0,
        7.033,
        9.697,
        0,
        7.767,
        10,
        0,
        8.5,
        8.726,
        0,
        10.6,
        9,
        1,
        11.444,
        9,
        12.289,
        9.121,
        13.133,
        8.251,
        1,
        13.833,
        7.531,
        14.533,
        -2.424,
        15.233,
        -2.424,
        0,
        16.433,
        1.336,
        0,
        17.933,
        -2.118,
        0,
        19.1,
        8.873,
        1,
        19.289,
        8.873,
        19.478,
        8.528,
        19.667,
        8.311,
        1,
        19.778,
        8.184,
        19.889,
        8.2,
        20,
        8.2,
        1,
        20.056,
        8.2,
        20.111,
        8.179,
        20.167,
        8.214
      ]
    },
    {
      "Target": "Parameter",
      "Id": "ParamBodyAngleX",
      "Segments": [
        0,
        0.913,
        1,
        0.167,
        0.483,
        0.333,
        0.443,
        0.5,
        0.037,
        1,
        0.578,
        -0.153,
        0.655,
        -1.899,
        0.733,
        -1.899,
        0,
        1.167,
        -0.128,
        0,
        1.6,
        -0.602,
        0,
        2.767,
        4.509,
        0,
        4.2,
        -2.099,
        0,
        5.667,
        2.428,
        1,
        5.878,
        2.428,
        6.089,
        2.141,
        6.3,
        0.926,
        1,
        6.578,
        -0.674,
        6.855,
        -4.122,
        7.133,
        -4.806,
        1,
        7.333,
        -5.299,
        7.533,
        -5.198,
        7.733,
        -5.198,
        1,
        7.889,
        -5.198,
        8.044,
        -4.539,
        8.2,
        -2.848,
        1,
        8.367,
        -1.036,
        8.533,
        2.035,
        8.7,
        3.026,
        1,
        8.944,
        4.48,
        9.189,
        4.664,
        9.433,
        4.664,
        1,
        9.733,
        4.664,
        10.033,
        4.6,
        10.333,
        3.371,
        1,
        10.666,
        2.005,
        11,
        -1.913,
        11.333,
        -3.298,
        1,
        11.578,
        -4.313,
        11.822,
        -4.305,
        12.067,
        -4.305,
        0,
        13.633,
        0.66,
        0,
        15.333,
        -10,
        0,
        16.2,
        -9.32,
        0,
        18.067,
        -9.649,
        1,
        18.322,
        -9.649,
        18.578,
        -9.32,
        18.833,
        -7.719,
        1,
        19.111,
        -5.979,
        19.389,
        -3.062,
        19.667,
        -0.971,
        1,
        19.834,
        0.284,
        20,
        1.412,
        20.167,
        2.4
      ]
    },
    {
      "Target": "Parameter",
      "Id": "ParamBodyLowerY",
      "Segments": [
        0,
        7.029,
        1,
        0.167,
        8.019,
        0.333,
        10,
        0.5,
        10,
        0,
        0.933,
        8.808,
        0,
        1.567,
        9.36,
        0,
        3.833,
        4.321,
        0,
        4.767,
        8.922,
        0,
        6.033,
        4.304,
        1,
        6.355,
        4.304,
        6.678,
        7.183,
        7,
        8.348,
        1,
        7.211,
        9.11,
        7.422,
        8.963,
        7.633,
        8.963,
        0,
        9,
        6.479,
        0,
        11.533,
        8.295,
        0,
        12.3,
        6.854,
        0,
        13.233,
        7.459,
        0,
        15.633,
        4.347,
        1,
        16.066,
        4.347,
        16.5,
        5.261,
        16.933,
        7.788,
        1,
        17.078,
        8.63,
        17.222,
        9.612,
        17.367,
        9.612,
        0,
        17.967,
        5.73,
        0,
        19.667,
        8.036,
        1,
        19.834,
        8.036,
        20,
        7.181,
        20.167,
        6.736
      ]
    },
    {
      "Target": "Parameter",
      "Id": "ParamBodyLowerX",
      "Segments": [
        0,
        -0.289,
        1,
        0.167,
        -0.197,
        0.333,
        -0.102,
        0.5,
        0,
        1,
        0.544,
        0.027,
        0.589,
        1.053,
        0.633,
        1.053,
        0,
        2.233,
        -9.994,
        0,
        3.733,
        9.998,
        0,
        5.233,
        -10,
        1,
        5.555,
        -10,
        5.878,
        -9.753,
        6.2,
        -6.694,
        1,
        6.444,
        -4.373,
        6.689,
        5.488,
        6.933,
        8.173,
        1,
        7.111,
        10.125,
        7.289,
        10,
        7.467,
        10,
        1,
        7.811,
        10,
        8.156,
        7.992,
        8.5,
        5.682,
        1,
        8.867,
        3.223,
        9.233,
        2.569,
        9.6,
        2.569,
        0,
        10.7,
        6.837,
        1,
        10.922,
        6.837,
        11.145,
        4.089,
        11.367,
        0.766,
        1,
        11.856,
        -6.544,
        12.344,
        -9.388,
        12.833,
        -9.388,
        1,
        13.266,
        -9.388,
        13.7,
        -4.376,
        14.133,
        3.675,
        1,
        14.389,
        8.423,
        14.644,
        10,
        14.9,
        10,
        0,
        16.567,
        6.467,
        1,
        16.967,
        6.467,
        17.367,
        8.859,
        17.767,
        9.629,
        1,
        18.022,
        10.121,
        18.278,
        10,
        18.533,
        10,
        1,
        18.911,
        10,
        19.289,
        -5.648,
        19.667,
        -9.548,
        1,
        19.767,
        -10.581,
        19.867,
        -10,
        19.967,
        -10,
        1,
        20.034,
        -10,
        20.1,
        -10.113,
        20.167,
        -9.912
      ]
    },
    {
      "Target": "Parameter",
      "Id": "ParamShaoziUD",
      "Segments": [
        0,
        10,
        2,
        0.5,
        10,
        1,
        0.556,
        10,
        0.611,
        9.548,
        0.667,
        7.915,
        1,
        0.734,
        5.955,
        0.8,
        1.979,
        0.867,
        0.982,
        1,
        0.934,
        -0.014,
        1,
        0,
        1.067,
        0,
        0,
        1.4,
        0.504,
        0,
        1.633,
        0,
        2,
        20.167,
        0
      ]
    },
    {
      "Target": "Parameter",
      "Id": "ParamShaoziLR",
      "Segments": [
        0,
        0,
        2,
        0.567,
        0,
        0,
        0.733,
        -2,
        0,
        1,
        0,
        2,
        20.167,
        0
      ]
    },
    {
      "Target": "Parameter",
      "Id": "ParamShaoziHanAlpha",
      "Segments": [
        0,
        1,
        2,
        0.7,
        1,
        0,
        0.833,
        0,
        2,
        20.167,
        0
      ]
    },
    {
      "Target": "Parameter",
      "Id": "ParamShaoziAlpha",
      "Segments": [
        0,
        0,
        2,
        0.667,
        0,
        0,
        0.8,
        1,
        2,
        20.167,
        1
      ]
    },
    {
      "Target": "Parameter",
      "Id": "ParamArmUpperLMoveAngel",
      "Segments": [
        0,
        0,
        2,
        0.5,
        0,
        0,
        0.667,
        2,
        1,
        0.922,
        2,
        1.178,
        -3.328,
        1.433,
        -4.05,
        1,
        1.689,
        -4.771,
        1.944,
        -4.647,
        2.2,
        -4.647,
        1,
        2.778,
        -4.647,
        3.355,
        -3.701,
        3.933,
        -3.627,
        1,
        4.555,
        -3.546,
        5.178,
        -3.55,
        5.8,
        -3.495,
        1,
        5.956,
        -3.481,
        6.111,
        1.15,
        6.267,
        1.15,
        0,
        6.6,
        0,
        2,
        19.667,
        0,
        2,
        20.167,
        0
      ]
    },
    {
      "Target": "Parameter",
      "Id": "ParamArmForeLMoveAngel",
      "Segments": [
        0,
        0,
        2,
        0.5,
        0,
        0,
        0.767,
        -3.972,
        1,
        1.056,
        -3.972,
        1.344,
        21.895,
        1.633,
        25.294,
        1,
        1.9,
        28.431,
        2.166,
        27.924,
        2.433,
        27.924,
        0,
        4.367,
        26.393,
        0,
        5.633,
        27.745,
        1,
        5.878,
        27.745,
        6.122,
        6.718,
        6.367,
        1,
        1,
        6.445,
        -0.819,
        6.522,
        0,
        6.6,
        0,
        2,
        19.667,
        0,
        2,
        20.167,
        0
      ]
    },
    {
      "Target": "Parameter",
      "Id": "ParamArmForeLMoveLength",
      "Segments": [
        0,
        0,
        2,
        0.5,
        0,
        2,
        0.767,
        0,
        0,
        1.3,
        -2.841,
        1,
        1.411,
        -2.841,
        1.522,
        1.193,
        1.633,
        1.785,
        1,
        1.9,
        3.204,
        2.166,
        4.274,
        2.433,
        5,
        1,
        2.766,
        5.908,
        3.1,
        6.083,
        3.433,
        6.083,
        1,
        4.166,
        6.083,
        4.9,
        5.911,
        5.633,
        5,
        1,
        5.878,
        4.696,
        6.122,
        2.118,
        6.367,
        0.681,
        1,
        6.445,
        0.224,
        6.522,
        0,
        6.6,
        0,
        2,
        19.667,
        0,
        2,
        20.167,
        0
      ]
    },
    {
      "Target": "Parameter",
      "Id": "ParamHandLMoveAngel",
      "Segments": [
        0,
        0,
        2,
        0.5,
        0,
        0,
        0.8,
        8.156,
        1,
        0.911,
        8.156,
        1.022,
        5.663,
        1.133,
        -1.841,
        1,
        1.278,
        -11.597,
        1.422,
        -30.642,
        1.567,
        -34.372,
        1,
        1.678,
        -37.242,
        1.789,
        -38.671,
        1.9,
        -39.406,
        1,
        2.111,
        -40.804,
        2.322,
        -41.032,
        2.533,
        -41.032,
        0,
        4.6,
        -39.277,
        0,
        5.667,
        -41.595,
        1,
        5.734,
        -41.595,
        5.8,
        -39.934,
        5.867,
        -33.563,
        1,
        5.967,
        -24.007,
        6.067,
        -4.424,
        6.167,
        -0.53,
        1,
        6.234,
        2.066,
        6.3,
        1.662,
        6.367,
        1.662,
        0,
        6.6,
        0,
        2,
        19.667,
        0,
        2,
        20.167,
        0
      ]
    },
    {
      "Target": "Parameter",
      "Id": "ParamHandLGanLayer",
      "Segments": [
        0,
        0,
        2,
        0.5,
        0,
        0,
        0.533,
        -1,
        2,
        6.3,
        -1,
        0,
        6.367,
        0,
        2,
        19.667,
        0,
        2,
        20.167,
        0
      ]
    },
    {
      "Target": "Parameter",
      "Id": "ParamHandLDefaultDMZ",
      "Segments": [
        0,
        0,
        2,
        0.133,
        0,
        1,
        0.3,
        0,
        0.466,
        0.56,
        0.633,
        1,
        1,
        0.933,
        1.792,
        1.233,
        2,
        1.533,
        2,
        2,
        5.733,
        2,
        1,
        5.944,
        2,
        6.156,
        1.573,
        6.367,
        0.7,
        1,
        6.478,
        0.24,
        6.589,
        0,
        6.7,
        0,
        2,
        19.667,
        0,
        2,
        20.167,
        0
      ]
    },
    {
      "Target": "Parameter",
      "Id": "ParamHandLDefaultSZ",
      "Segments": [
        0,
        0,
        2,
        0.133,
        0,
        1,
        0.3,
        0,
        0.466,
        0.56,
        0.633,
        1,
        1,
        0.933,
        1.792,
        1.233,
        2,
        1.533,
        2,
        2,
        5.733,
        2,
        1,
        5.944,
        2,
        6.156,
        1.573,
        6.367,
        0.7,
        1,
        6.478,
        0.24,
        6.589,
        0,
        6.7,
        0,
        2,
        19.667,
        0,
        2,
        20.167,
        0
      ]
    },
    {
      "Target": "Parameter",
      "Id": "ParamHandLDefaultZZ",
      "Segments": [
        0,
        0,
        2,
        0.133,
        0,
        1,
        0.3,
        0,
        0.466,
        0.56,
        0.633,
        1,
        1,
        0.933,
        1.792,
        1.233,
        2,
        1.533,
        2,
        2,
        5.733,
        2,
        1,
        5.944,
        2,
        6.156,
        1.573,
        6.367,
        0.7,
        1,
        6.478,
        0.24,
        6.589,
        0,
        6.7,
        0,
        2,
        19.667,
        0,
        2,
        20.167,
        0
      ]
    },
    {
      "Target": "Parameter",
      "Id": "ParamHandLDefaultWMZ",
      "Segments": [
        0,
        0,
        2,
        0.133,
        0,
        1,
        0.3,
        0,
        0.466,
        0.56,
        0.633,
        1,
        1,
        0.933,
        1.792,
        1.233,
        2,
        1.533,
        2,
        2,
        5.733,
        2,
        1,
        5.944,
        2,
        6.156,
        1.573,
        6.367,
        0.7,
        1,
        6.478,
        0.24,
        6.589,
        0,
        6.7,
        0,
        2,
        19.667,
        0,
        2,
        20.167,
        0
      ]
    },
    {
      "Target": "Parameter",
      "Id": "ParamHandLDefaultXZ",
      "Segments": [
        0,
        0,
        2,
        0.133,
        0,
        1,
        0.3,
        0,
        0.466,
        0.56,
        0.633,
        1,
        1,
        0.933,
        1.792,
        1.233,
        2,
        1.533,
        2,
        2,
        5.733,
        2,
        1,
        5.944,
        2,
        6.156,
        1.573,
        6.367,
        0.7,
        1,
        6.478,
        0.24,
        6.589,
        0,
        6.7,
        0,
        2,
        19.667,
        0,
        2,
        20.167,
        0
      ]
    },
    {
      "Target": "Parameter",
      "Id": "ParamArmForeLMoveAlpha",
      "Segments": [
        0,
        1,
        2,
        0.767,
        1,
        2,
        1.133,
        1,
        0,
        1.5,
        0,
        2,
        5.733,
        0,
        0,
        6.167,
        1,
        2,
        19.667,
        1,
        2,
        20.167,
        1
      ]
    },
    {
      "Target": "Parameter",
      "Id": "ParamArmForeLPengAlpha",
      "Segments": [
        0,
        0,
        2,
        0.767,
        0,
        0,
        1.167,
        1,
        2,
        6.167,
        1,
        0,
        6.367,
        0,
        2,
        19.667,
        0,
        2,
        20.167,
        0
      ]
    },
    {
      "Target": "Parameter",
      "Id": "ParamHandLMoveAlpha",
      "Segments": [
        0,
        1,
        2,
        0.5,
        1,
        2,
        1.133,
        1,
        0,
        1.367,
        0,
        2,
        5.633,
        0,
        0,
        5.833,
        1,
        2,
        20.167,
        1
      ]
    },
    {
      "Target": "Parameter",
      "Id": "ParamHandLPengAlpha",
      "Segments": [
        0,
        0,
        2,
        0.633,
        0,
        0,
        1.133,
        1,
        2,
        5.833,
        1,
        0,
        6.1,
        0,
        2,
        19.667,
        0,
        2,
        20.167,
        0
      ]
    },
    {
      "Target": "Parameter",
      "Id": "ParamChestSqueeze",
      "Segments": [
        0,
        0.821,
        1,
        0.133,
        0.872,
        0.267,
        1,
        0.4,
        1,
        2,
        6.9,
        1,
        1,
        7.322,
        1,
        7.745,
        0.952,
        8.167,
        0.875,
        1,
        8.467,
        0.82,
        8.767,
        0.8,
        9.067,
        0.8,
        0,
        11.867,
        1,
        0,
        15.8,
        0.8,
        0,
        19.667,
        0.875,
        1,
        19.834,
        0.875,
        20,
        0.832,
        20.167,
        0.813
      ]
    },
    {
      "Target": "Parameter",
      "Id": "ParamChestSqueezeL",
      "Segments": [
        0,
        1,
        2,
        1.033,
        1,
        1,
        1.422,
        0.526,
        1.811,
        0.486,
        2.2,
        0.486,
        1,
        2.922,
        0.486,
        3.645,
        0.577,
        4.367,
        0.754,
        1,
        5.045,
        0.92,
        5.722,
        1,
        6.4,
        1,
        2,
        19.667,
        1,
        2,
        20.167,
        1
      ]
    },
    {
      "Target": "Parameter",
      "Id": "ParamChestPhysicX",
      "Segments": [
        0,
        -0.01,
        2,
        1.1,
        -0.01,
        0,
        19.667,
        0,
        2,
        20.167,
        0
      ]
    },
    {
      "Target": "Parameter",
      "Id": "ParamChestLX",
      "Segments": [
        0,
        0.002,
        1,
        0.011,
        -0.001,
        0.022,
        -0.006,
        0.033,
        -0.01,
        1,
        0.211,
        -0.081,
        0.389,
        -0.121,
        0.567,
        -0.121,
        0,
        1.1,
        0.344,
        0,
        2.4,
        -0.3,
        1,
        2.822,
        -0.3,
        3.245,
        -0.205,
        3.667,
        0,
        1,
        4.067,
        0.194,
        4.467,
        0.3,
        4.867,
        0.3,
        1,
        5.311,
        0.3,
        5.756,
        0.222,
        6.2,
        0,
        1,
        6.544,
        -0.172,
        6.889,
        -0.3,
        7.233,
        -0.3,
        0,
        8,
        0.309,
        0,
        9.1,
        -0.4,
        1,
        9.589,
        -0.4,
        10.078,
        -0.244,
        10.567,
        -0.01,
        1,
        11.045,
        0.218,
        11.522,
        0.3,
        12,
        0.3,
        0,
        13.433,
        -0.6,
        1,
        14,
        -0.6,
        14.566,
        -0.394,
        15.133,
        0,
        1,
        15.622,
        0.34,
        16.111,
        0.5,
        16.6,
        0.5,
        0,
        17.7,
        -0.5,
        0,
        18.733,
        0.4,
        1,
        19.044,
        0.4,
        19.356,
        0.291,
        19.667,
        0,
        1,
        19.834,
        -0.156,
        20,
        -0.28,
        20.167,
        -0.28
      ]
    },
    {
      "Target": "Parameter",
      "Id": "ParamChestLY",
      "Segments": [
        0,
        -0.001,
        1,
        0.011,
        0,
        0.022,
        0,
        0.033,
        0,
        2,
        1.1,
        0,
        0,
        2.4,
        -0.5,
        0,
        3.667,
        0,
        0,
        4.867,
        -0.47,
        0,
        6.2,
        0.071,
        0,
        7.233,
        -0.5,
        2,
        8,
        -0.5,
        0,
        9.1,
        -0.508,
        0,
        10.567,
        0,
        1,
        11.045,
        0,
        11.522,
        -0.293,
        12,
        -0.4,
        1,
        12.478,
        -0.507,
        12.955,
        -0.5,
        13.433,
        -0.5,
        0,
        15.133,
        0,
        1,
        15.622,
        0,
        16.111,
        -0.256,
        16.6,
        -0.4,
        1,
        16.967,
        -0.508,
        17.333,
        -0.5,
        17.7,
        -0.5,
        1,
        18.044,
        -0.5,
        18.389,
        -0.505,
        18.733,
        -0.4,
        1,
        19.044,
        -0.305,
        19.356,
        0,
        19.667,
        0,
        1,
        19.834,
        0,
        20,
        -0.125,
        20.167,
        -0.18
      ]
    },
    {
      "Target": "Parameter",
      "Id": "ParamChestRX",
      "Segments": [
        0,
        0.01,
        1,
        0.011,
        0.007,
        0.022,
        0.004,
        0.033,
        0,
        1,
        0.211,
        -0.057,
        0.389,
        -0.089,
        0.567,
        -0.089,
        0,
        1.1,
        0.27,
        0,
        2.4,
        -0.3,
        1,
        2.822,
        -0.3,
        3.245,
        -0.205,
        3.667,
        0,
        1,
        4.067,
        0.194,
        4.467,
        0.3,
        4.867,
        0.3,
        1,
        5.311,
        0.3,
        5.756,
        0.222,
        6.2,
        0,
        1,
        6.544,
        -0.172,
        6.889,
        -0.3,
        7.233,
        -0.3,
        0,
        8,
        0.343,
        0,
        9.1,
        -0.4,
        1,
        9.589,
        -0.4,
        10.078,
        -0.232,
        10.567,
        0,
        1,
        11.045,
        0.227,
        11.522,
        0.3,
        12,
        0.3,
        0,
        13.433,
        -0.6,
        1,
        14,
        -0.6,
        14.566,
        -0.394,
        15.133,
        0,
        1,
        15.622,
        0.34,
        16.111,
        0.5,
        16.6,
        0.5,
        0,
        17.7,
        -0.5,
        0,
        18.733,
        0.4,
        1,
        19.044,
        0.4,
        19.356,
        0.29,
        19.667,
        0,
        1,
        19.834,
        -0.155,
        20,
        -0.279,
        20.167,
        -0.279
      ]
    },
    {
      "Target": "Parameter",
      "Id": "ParamChestRY",
      "Segments": [
        0,
        -0.001,
        1,
        0.011,
        0,
        0.022,
        0,
        0.033,
        0,
        2,
        1.1,
        0,
        1,
        1.433,
        0,
        1.767,
        -0.145,
        2.1,
        -0.4,
        1,
        2.2,
        -0.476,
        2.3,
        -0.5,
        2.4,
        -0.5,
        0,
        3.667,
        0,
        0,
        4.867,
        -0.5,
        0,
        6.2,
        0,
        0,
        7.233,
        -0.5,
        2,
        8,
        -0.5,
        2,
        9.1,
        -0.5,
        0,
        10.567,
        0,
        1,
        11.045,
        0,
        11.522,
        -0.293,
        12,
        -0.4,
        1,
        12.478,
        -0.507,
        12.955,
        -0.5,
        13.433,
        -0.5,
        0,
        15.133,
        0,
        1,
        15.622,
        0,
        16.111,
        -0.256,
        16.6,
        -0.4,
        1,
        16.967,
        -0.508,
        17.333,
        -0.5,
        17.7,
        -0.5,
        1,
        18.044,
        -0.5,
        18.389,
        -0.464,
        18.733,
        -0.3,
        1,
        19.044,
        -0.152,
        19.356,
        0,
        19.667,
        0,
        1,
        19.834,
        0,
        20,
        -0.125,
        20.167,
        -0.18
      ]
    },
    {
      "Target": "Parameter",
      "Id": "ParamAhoge",
      "Segments": [
        0,
        0.622,
        1,
        0.133,
        0.726,
        0.267,
        0.81,
        0.4,
        0.81,
        0,
        1.033,
        -0.987,
        0,
        1.567,
        1,
        2,
        1.733,
        1,
        0,
        2.133,
        0.201,
        0,
        2.567,
        0.433,
        0,
        3.1,
        0.24,
        0,
        3.6,
        0.307,
        0,
        4.133,
        0.241,
        0,
        4.967,
        1,
        2,
        5.167,
        1,
        0,
        5.5,
        -0.162,
        0,
        5.967,
        0.554,
        0,
        6.9,
        -0.446,
        0,
        7.367,
        -0.196,
        0,
        7.867,
        -0.304,
        0,
        9.5,
        0.215,
        0,
        10.333,
        -0.037,
        0,
        11.433,
        0.168,
        0,
        13.567,
        -0.203,
        0,
        15.933,
        0.141,
        0,
        17.567,
        -0.185,
        0,
        18.433,
        -0.01,
        2,
        18.467,
        -0.01,
        0,
        18.5,
        -0.009,
        0,
        18.533,
        -0.01,
        2,
        18.567,
        -0.01,
        0,
        18.6,
        -0.011,
        2,
        18.633,
        -0.011,
        0,
        18.667,
        -0.012,
        2,
        18.7,
        -0.012,
        0,
        19.333,
        -0.08,
        1,
        19.444,
        -0.08,
        19.556,
        0.192,
        19.667,
        0.208,
        1,
        19.678,
        0.21,
        19.689,
        0.209,
        19.7,
        0.209,
        1,
        19.856,
        0.209,
        20.011,
        0.207,
        20.167,
        0.15
      ]
    },
    {
      "Target": "Parameter",
      "Id": "ParamAhogeMo",
      "Segments": [
        0,
        0.036,
        2,
        0.033,
        0.036,
        0,
        0.233,
        -0.045,
        0,
        0.767,
        0.693,
        0,
        1.233,
        -1,
        2,
        1.533,
        -1,
        0,
        1.933,
        0.664,
        0,
        2.433,
        -0.181,
        0,
        2.867,
        0.108,
        0,
        3.4,
        -0.07,
        0,
        3.933,
        0.047,
        0,
        4.4,
        0.004,
        0,
        4.7,
        0.023,
        0,
        4.933,
        -0.21,
        0,
        5.3,
        1,
        2,
        5.367,
        1,
        0,
        5.8,
        -0.479,
        0,
        6.3,
        0.218,
        0,
        6.467,
        0.182,
        0,
        6.733,
        0.304,
        0,
        7.2,
        -0.181,
        0,
        7.667,
        0.091,
        0,
        8.733,
        -0.095,
        0,
        10,
        0.131,
        0,
        10.833,
        -0.115,
        0,
        12.9,
        0.113,
        0,
        14.633,
        -0.152,
        2,
        14.667,
        -0.152,
        2,
        14.7,
        -0.152,
        2,
        14.733,
        -0.152,
        2,
        14.767,
        -0.152,
        0,
        16.333,
        0.06,
        0,
        16.733,
        0.041,
        0,
        17.167,
        0.051,
        0,
        17.967,
        0.007,
        0,
        18.6,
        0.119,
        0,
        19.633,
        -0.046,
        1,
        19.644,
        -0.046,
        19.656,
        0.198,
        19.667,
        0.201,
        1,
        19.8,
        0.239,
        19.934,
        0.253,
        20.067,
        0.253,
        1,
        20.1,
        0.253,
        20.134,
        0.253,
        20.167,
        0.251
      ]
    },
    {
      "Target": "Parameter",
      "Id": "ParamHairFront",
      "Segments": [
        0,
        0.758,
        1,
        0.133,
        0.778,
        0.267,
        0.789,
        0.4,
        0.789,
        0,
        1.067,
        -0.715,
        0,
        1.6,
        1,
        2,
        1.767,
        1,
        0,
        2.2,
        0.325,
        0,
        2.633,
        0.486,
        0,
        3.233,
        0.323,
        0,
        3.633,
        0.359,
        0,
        4.2,
        0.294,
        0,
        5,
        1,
        2,
        5.167,
        1,
        0,
        5.533,
        0.056,
        0,
        6.033,
        0.6,
        0,
        6.9,
        -0.585,
        0,
        7.4,
        -0.249,
        0,
        7.933,
        -0.386,
        0,
        9.467,
        0.263,
        0,
        10.267,
        -0.047,
        0,
        11.4,
        0.234,
        0,
        13.5,
        -0.214,
        0,
        15.933,
        0.157,
        0,
        17.6,
        -0.25,
        0,
        18.9,
        -0.036,
        0,
        19.333,
        -0.071,
        0,
        19.667,
        0.397,
        1,
        19.834,
        0.397,
        20,
        0.387,
        20.167,
        0.252
      ]
    },
    {
      "Target": "Parameter",
      "Id": "ParamHairFrontMo",
      "Segments": [
        0,
        0,
        1,
        0.011,
        0.001,
        0.022,
        0.001,
        0.033,
        0.001,
        0,
        0.267,
        -0.112,
        0,
        0.833,
        0.741,
        0,
        1.3,
        -1,
        2,
        1.6,
        -1,
        0,
        2,
        0.618,
        0,
        2.533,
        -0.146,
        0,
        3,
        0.09,
        0,
        3.533,
        -0.049,
        0,
        4.033,
        0.046,
        0,
        4.567,
        0.001,
        0,
        4.7,
        0.002,
        0,
        4.967,
        -0.302,
        0,
        5.367,
        0.914,
        0,
        5.867,
        -0.403,
        0,
        6.733,
        0.541,
        0,
        7.233,
        -0.263,
        0,
        7.767,
        0.119,
        0,
        8.733,
        -0.159,
        0,
        10,
        0.165,
        0,
        10.8,
        -0.144,
        0,
        12.9,
        0.121,
        0,
        14.633,
        -0.142,
        0,
        14.667,
        -0.141,
        0,
        14.7,
        -0.142,
        2,
        14.733,
        -0.142,
        2,
        14.767,
        -0.142,
        0,
        16.5,
        0.08,
        0,
        18.033,
        -0.024,
        1,
        18.244,
        -0.024,
        18.456,
        0.005,
        18.667,
        0.08,
        1,
        19,
        0.199,
        19.334,
        0.3,
        19.667,
        0.459,
        1,
        19.811,
        0.527,
        19.956,
        0.713,
        20.1,
        0.713,
        1,
        20.122,
        0.713,
        20.145,
        0.714,
        20.167,
        0.71
      ]
    },
    {
      "Target": "Parameter",
      "Id": "ParamHairBack",
      "Segments": [
        0,
        0.655,
        1,
        0.1,
        0.668,
        0.2,
        0.676,
        0.3,
        0.676,
        0,
        0.867,
        -0.036,
        0,
        1.533,
        1,
        2,
        1.567,
        1,
        0,
        1.9,
        0.46,
        0,
        2.2,
        0.707,
        0,
        2.633,
        0.531,
        0,
        2.833,
        0.542,
        0,
        4.5,
        0.376,
        0,
        4.967,
        0.548,
        0,
        5.467,
        0.155,
        0,
        5.833,
        0.523,
        0,
        6.167,
        0.499,
        0,
        6.567,
        0.567,
        0,
        7,
        -0.676,
        0,
        7.533,
        -0.431,
        0,
        7.9,
        -0.536,
        0,
        9.367,
        0.322,
        0,
        10.167,
        -0.032,
        0,
        11.367,
        0.341,
        0,
        13.4,
        -0.209,
        0,
        15.533,
        0.188,
        2,
        15.567,
        0.188,
        0,
        15.867,
        0.192,
        0,
        17.633,
        -0.347,
        1,
        18.278,
        -0.347,
        18.922,
        -0.248,
        19.567,
        -0.022,
        1,
        19.6,
        -0.01,
        19.634,
        0.098,
        19.667,
        0.098,
        0,
        20.133,
        -0.056,
        1,
        20.144,
        -0.056,
        20.156,
        -0.057,
        20.167,
        -0.055
      ]
    },
    {
      "Target": "Parameter",
      "Id": "ParamHairBackMo",
      "Segments": [
        0,
        -0.044,
        1,
        0.067,
        -0.09,
        0.133,
        -0.147,
        0.2,
        -0.147,
        0,
        0.5,
        0.311,
        0,
        1.033,
        -0.332,
        0,
        1.4,
        0.183,
        0,
        1.533,
        0.054,
        0,
        1.733,
        0.309,
        0,
        2.033,
        -0.416,
        0,
        2.367,
        0.338,
        0,
        2.733,
        -0.212,
        0,
        3.067,
        0.125,
        0,
        3.4,
        -0.067,
        0,
        3.767,
        0.057,
        0,
        4.1,
        -0.042,
        0,
        4.4,
        0.024,
        0,
        4.867,
        -0.31,
        0,
        5.2,
        0.639,
        0,
        5.5,
        -0.928,
        0,
        5.833,
        0.801,
        0,
        6.367,
        -0.522,
        0,
        6.733,
        0.578,
        0,
        7.233,
        -0.725,
        0,
        7.667,
        0.582,
        0,
        8.1,
        -0.384,
        0,
        8.6,
        0.227,
        0,
        9.067,
        -0.187,
        0,
        9.533,
        0.079,
        0,
        10.267,
        -0.053,
        0,
        10.7,
        0.004,
        0,
        11,
        -0.013,
        0,
        11.5,
        0.027,
        0,
        11.867,
        0.001,
        0,
        12.2,
        0.021,
        0,
        12.467,
        0.002,
        0,
        12.733,
        0.031,
        0,
        13.067,
        -0.052,
        0,
        13.4,
        0.024,
        0,
        13.767,
        -0.029,
        0,
        14.1,
        0.003,
        0,
        14.367,
        -0.013,
        0,
        14.433,
        -0.012,
        0,
        14.467,
        -0.013,
        0,
        14.733,
        0,
        0,
        14.767,
        -0.001,
        0,
        14.8,
        0,
        0,
        14.833,
        -0.001,
        0,
        14.9,
        0,
        0,
        14.933,
        -0.001,
        2,
        14.967,
        -0.001,
        0,
        15,
        -0.002,
        2,
        15.033,
        -0.002,
        2,
        15.067,
        -0.002,
        0,
        15.133,
        0,
        0,
        15.167,
        -0.001,
        0,
        15.5,
        0.007,
        0,
        15.833,
        -0.005,
        0,
        16.1,
        0.04,
        0,
        16.4,
        -0.013,
        0,
        16.7,
        0.034,
        0,
        17.033,
        -0.012,
        0,
        17.333,
        0.008,
        0,
        17.9,
        -0.032,
        0,
        18.2,
        0.027,
        0,
        18.567,
        -0.031,
        0,
        18.9,
        0.017,
        0,
        19.2,
        -0.005,
        2,
        19.233,
        -0.005,
        0,
        19.433,
        -0.027,
        1,
        19.511,
        -0.027,
        19.589,
        0.033,
        19.667,
        0.055,
        1,
        19.745,
        0.077,
        19.822,
        0.076,
        19.9,
        0.076,
        1,
        19.989,
        0.076,
        20.078,
        0.03,
        20.167,
        -0.024
      ]
    },
    {
      "Target": "Parameter",
      "Id": "ParamHairBackFtB",
      "Segments": [
        0,
        -0.097,
        1,
        0.222,
        -0.156,
        0.445,
        -0.215,
        0.667,
        -0.215,
        0,
        1.3,
        0.119,
        0,
        2.3,
        -0.039,
        0,
        3.1,
        -0.015,
        0,
        3.367,
        -0.016,
        0,
        4.9,
        0.021,
        0,
        6.433,
        -0.084,
        0,
        7.033,
        0.078,
        0,
        7.667,
        -0.052,
        0,
        8.333,
        0.167,
        0,
        9.033,
        -0.064,
        0,
        9.833,
        0.004,
        0,
        10.4,
        -0.004,
        0,
        12.367,
        0.017,
        2,
        12.4,
        0.017,
        2,
        12.433,
        0.017,
        2,
        12.467,
        0.017,
        2,
        12.5,
        0.017,
        0,
        16.533,
        -0.046,
        0,
        18.7,
        0.006,
        0,
        19,
        0.005,
        1,
        19.222,
        0.005,
        19.445,
        0.394,
        19.667,
        0.492,
        1,
        19.678,
        0.497,
        19.689,
        0.492,
        19.7,
        0.492,
        1,
        19.856,
        0.492,
        20.011,
        0.485,
        20.167,
        0.367
      ]
    },
    {
      "Target": "Parameter",
      "Id": "ParamShuiZhuChestL1",
      "Segments": [
        0,
        0,
        2,
        11.033,
        0,
        1,
        11.422,
        0.417,
        11.811,
        0.833,
        12.2,
        1.25,
        2,
        12.233,
        0,
        2,
        13.7,
        0,
        1,
        14.089,
        0.417,
        14.478,
        0.833,
        14.867,
        1.25,
        2,
        14.9,
        0,
        2,
        19.667,
        0,
        2,
        20.167,
        0
      ]
    },
    {
      "Target": "Parameter",
      "Id": "ParamShuiZhuChestL2",
      "Segments": [
        0,
        0,
        2,
        10.733,
        0,
        1,
        11.122,
        0.417,
        11.511,
        0.833,
        11.9,
        1.25,
        2,
        11.933,
        0,
        2,
        14.267,
        0,
        1,
        14.656,
        0.417,
        15.044,
        0.833,
        15.433,
        1.25,
        2,
        15.467,
        0,
        2,
        19.667,
        0,
        2,
        20.167,
        0
      ]
    },
    {
      "Target": "Parameter",
      "Id": "ParamShuiZhuChestL3",
      "Segments": [
        0,
        0,
        2,
        9.133,
        0,
        1,
        9.522,
        0.417,
        9.911,
        0.833,
        10.3,
        1.25,
        2,
        10.333,
        0,
        2,
        13.1,
        0,
        1,
        13.489,
        0.417,
        13.878,
        0.833,
        14.267,
        1.25,
        2,
        14.3,
        0,
        2,
        19.667,
        0,
        2,
        20.167,
        0
      ]
    },
    {
      "Target": "Parameter",
      "Id": "ParamShuiZhuChestL4",
      "Segments": [
        0,
        0,
        1,
        0.111,
        0.417,
        0.222,
        0.833,
        0.333,
        1.25,
        2,
        0.367,
        0,
        2,
        8.333,
        0,
        1,
        8.722,
        0.417,
        9.111,
        0.833,
        9.5,
        1.25,
        2,
        9.533,
        0,
        2,
        13.4,
        0,
        1,
        13.789,
        0.417,
        14.178,
        0.833,
        14.567,
        1.25,
        2,
        14.6,
        0,
        2,
        19.667,
        0,
        2,
        19.833,
        0,
        1,
        19.944,
        0.119,
        20.056,
        0.238,
        20.167,
        0.357
      ]
    },
    {
      "Target": "Parameter",
      "Id": "ParamShuiZhuChestL5",
      "Segments": [
        0,
        0,
        2,
        9.8,
        0,
        1,
        10.189,
        0.417,
        10.578,
        0.833,
        10.967,
        1.25,
        2,
        11,
        0,
        2,
        15.133,
        0,
        1,
        15.522,
        0.417,
        15.911,
        0.833,
        16.3,
        1.25,
        2,
        16.333,
        0,
        2,
        19.667,
        0,
        2,
        20.167,
        0
      ]
    },
    {
      "Target": "Parameter",
      "Id": "ParamShuiZhuChestL6",
      "Segments": [
        0,
        0,
        1,
        2.722,
        0.167,
        5.445,
        0.333,
        8.167,
        0.5,
        1,
        8.3,
        0.75,
        8.434,
        1,
        8.567,
        1.25,
        2,
        8.6,
        0,
        2,
        11.367,
        0,
        1,
        11.656,
        0.167,
        11.944,
        0.333,
        12.233,
        0.5,
        1,
        12.366,
        0.75,
        12.5,
        1,
        12.633,
        1.25,
        2,
        12.667,
        0,
        2,
        16.3,
        0,
        1,
        16.589,
        0.167,
        16.878,
        0.333,
        17.167,
        0.5,
        1,
        17.3,
        0.75,
        17.434,
        1,
        17.567,
        1.25,
        2,
        17.6,
        0,
        1,
        18.289,
        0.167,
        18.978,
        0.333,
        19.667,
        0.5,
        1,
        19.8,
        0.75,
        19.934,
        1,
        20.067,
        1.25,
        2,
        20.1,
        0,
        2,
        20.167,
        0
      ]
    },
    {
      "Target": "Parameter",
      "Id": "ParamShuiZhuChestL7",
      "Segments": [
        0,
        0,
        2,
        8.667,
        0,
        1,
        9.056,
        0.417,
        9.444,
        0.833,
        9.833,
        1.25,
        2,
        9.867,
        0,
        2,
        12.567,
        0,
        1,
        12.956,
        0.417,
        13.344,
        0.833,
        13.733,
        1.25,
        2,
        13.767,
        0,
        2,
        19.667,
        0,
        2,
        20.167,
        0
      ]
    },
    {
      "Target": "Parameter",
      "Id": "ParamShuiZhuChestR1",
      "Segments": [
        0,
        0,
        1,
        0.056,
        0.417,
        0.111,
        0.833,
        0.167,
        1.25,
        2,
        0.2,
        0,
        2,
        8.167,
        0,
        1,
        8.556,
        0.417,
        8.944,
        0.833,
        9.333,
        1.25,
        2,
        9.367,
        0,
        2,
        13.333,
        0,
        1,
        13.722,
        0.417,
        14.111,
        0.833,
        14.5,
        1.25,
        2,
        14.533,
        0,
        2,
        19.667,
        0,
        1,
        19.834,
        0.179,
        20,
        0.357,
        20.167,
        0.536
      ]
    },
    {
      "Target": "Parameter",
      "Id": "ParamShuiZhuChestR2",
      "Segments": [
        0,
        0,
        2,
        0.333,
        0,
        2,
        9.5,
        0,
        1,
        9.889,
        0.417,
        10.278,
        0.833,
        10.667,
        1.25,
        2,
        10.7,
        0,
        2,
        13.133,
        0,
        1,
        13.522,
        0.417,
        13.911,
        0.833,
        14.3,
        1.25,
        2,
        14.333,
        0,
        2,
        19.667,
        0,
        2,
        20.167,
        0
      ]
    },
    {
      "Target": "Parameter",
      "Id": "ParamShuiZhuChesrtR3",
      "Segments": [
        0,
        0,
        2,
        10,
        0,
        1,
        10.389,
        0.417,
        10.778,
        0.833,
        11.167,
        1.25,
        2,
        11.2,
        0,
        2,
        14,
        0,
        1,
        14.389,
        0.417,
        14.778,
        0.833,
        15.167,
        1.25,
        2,
        15.2,
        0,
        2,
        19.667,
        0,
        2,
        20.167,
        0
      ]
    },
    {
      "Target": "Parameter",
      "Id": "ParamShuiZhuChestR4",
      "Segments": [
        0,
        0,
        2,
        8.667,
        0,
        1,
        9.056,
        0.417,
        9.444,
        0.833,
        9.833,
        1.25,
        2,
        9.867,
        0,
        2,
        11.7,
        0,
        1,
        12.089,
        0.417,
        12.478,
        0.833,
        12.867,
        1.25,
        2,
        12.9,
        0,
        2,
        19.667,
        0,
        2,
        20.167,
        0
      ]
    },
    {
      "Target": "Parameter",
      "Id": "ParamShuiZhuChestR5",
      "Segments": [
        0,
        0,
        1,
        2.4,
        0.417,
        4.8,
        0.833,
        7.2,
        1.25,
        2,
        7.233,
        0,
        1,
        7.778,
        0.417,
        8.322,
        0.833,
        8.867,
        1.25,
        2,
        8.9,
        0,
        2,
        13.767,
        0,
        1,
        14.156,
        0.417,
        14.544,
        0.833,
        14.933,
        1.25,
        2,
        14.967,
        0,
        2,
        16.7,
        0,
        1,
        17.089,
        0.417,
        17.478,
        0.833,
        17.867,
        1.25,
        2,
        17.9,
        0,
        1,
        18.489,
        0.167,
        19.078,
        0.333,
        19.667,
        0.5,
        1,
        19.834,
        0.679,
        20,
        0.857,
        20.167,
        1.036
      ]
    },
    {
      "Target": "Parameter",
      "Id": "ParamShuiZhuChestR6",
      "Segments": [
        0,
        1.25,
        2,
        0.033,
        0,
        1,
        2.522,
        0.417,
        5.011,
        0.833,
        7.5,
        1.25,
        2,
        7.533,
        0,
        1,
        8.078,
        0.417,
        8.622,
        0.833,
        9.167,
        1.25,
        2,
        9.2,
        0,
        2,
        14.867,
        0,
        1,
        15.256,
        0.417,
        15.644,
        0.833,
        16.033,
        1.25,
        2,
        16.067,
        0,
        2,
        17,
        0,
        1,
        17.389,
        0.417,
        17.778,
        0.833,
        18.167,
        1.25,
        2,
        18.2,
        0,
        1,
        18.689,
        0.06,
        19.178,
        0.119,
        19.667,
        0.179,
        1,
        19.834,
        0.357,
        20,
        0.536,
        20.167,
        0.714
      ]
    },
    {
      "Target": "Parameter",
      "Id": "ParamWaterWenYao",
      "Segments": [
        0,
        0,
        2,
        8.167,
        0,
        1,
        11.167,
        4,
        14.167,
        8,
        17.167,
        12,
        1,
        18,
        8,
        18.834,
        4,
        19.667,
        0,
        1,
        19.834,
        0.222,
        20,
        0.445,
        20.167,
        0.667
      ]
    },
    {
      "Target": "Parameter",
      "Id": "ParamWaterBaseYaoX",
      "Segments": [
        0,
        9.068,
        1,
        2.222,
        5.123,
        4.445,
        -10,
        6.667,
        -10,
        0,
        8.167,
        10,
        0,
        9.667,
        -10,
        0,
        11.167,
        10,
        0,
        12.667,
        -10,
        0,
        14.167,
        10,
        0,
        15.667,
        -10,
        0,
        17.167,
        10,
        2,
        19.667,
        10,
        1,
        19.834,
        10,
        20,
        9.117,
        20.167,
        4.81
      ]
    },
    {
      "Target": "Parameter",
      "Id": "ParamWaterBaseYaoY",
      "Segments": [
        0,
        -9.946,
        1,
        2.478,
        -8.801,
        4.955,
        10,
        7.433,
        10,
        0,
        8.933,
        -10,
        0,
        10.433,
        10,
        0,
        11.933,
        -10,
        0,
        13.433,
        10,
        0,
        14.933,
        -10,
        0,
        16.433,
        10,
        0,
        17.933,
        -10,
        0,
        19.667,
        0.337,
        1,
        19.834,
        0.337,
        20,
        -5.78,
        20.167,
        -8.732
      ]
    },
    {
      "Target": "Parameter",
      "Id": "ParamCrossLight1",
      "Segments": [
        0,
        0.047,
        1,
        2.222,
        0.244,
        4.445,
        1,
        6.667,
        1,
        0,
        8.167,
        0,
        0,
        9.667,
        1,
        0,
        11.167,
        0,
        0,
        12.667,
        1,
        0,
        14.167,
        0,
        0,
        15.667,
        1,
        0,
        17.167,
        0,
        2,
        19.667,
        0,
        1,
        19.834,
        0,
        20,
        0.043,
        20.167,
        0.259
      ]
    },
    {
      "Target": "Parameter",
      "Id": "ParamCrossLight2",
      "Segments": [
        0,
        0.009,
        1,
        2.411,
        0.11,
        4.822,
        1,
        7.233,
        1,
        0,
        8.733,
        0,
        0,
        10.233,
        1,
        0,
        11.733,
        0,
        0,
        13.233,
        1,
        0,
        14.733,
        0,
        0,
        16.233,
        1,
        0,
        17.733,
        0,
        0,
        19.667,
        0.321,
        1,
        19.834,
        0.321,
        20,
        0.089,
        20.167,
        0.003
      ]
    },
    {
      "Target": "Parameter",
      "Id": "ParamCrossLight3",
      "Segments": [
        0,
        0.941,
        1,
        2.178,
        0.726,
        4.355,
        0,
        6.533,
        0,
        0,
        8.033,
        1,
        0,
        9.533,
        0,
        0,
        11.033,
        1,
        0,
        12.533,
        0,
        0,
        14.033,
        1,
        0,
        15.533,
        0,
        0,
        17.033,
        1,
        1,
        17.911,
        1,
        18.789,
        0.995,
        19.667,
        0.978,
        1,
        19.834,
        0.974,
        20,
        0.633,
        20.167,
        0.458
      ]
    },
    {
      "Target": "Parameter",
      "Id": "ParamGanLight",
      "Segments": [
        0,
        0.5,
        2,
        8.167,
        0.5,
        0,
        10.533,
        1,
        0,
        12.633,
        0.5,
        2,
        13.333,
        0.5,
        0,
        14.367,
        0.9,
        0,
        14.833,
        0.661,
        0,
        15.333,
        1,
        0,
        17.167,
        0.5,
        2,
        19.667,
        0.5,
        1,
        19.834,
        0.5,
        20,
        0.493,
        20.167,
        0.557
      ]
    },
    {
      "Target": "PartOpacity",
      "Id": "PartHandLPeng",
      "Segments": [
        0,
        0,
        2,
        0.53,
        1,
        2,
        6.67,
        0,
        2,
        20.17,
        0
      ]
    },
    {
      "Target": "PartOpacity",
      "Id": "PartHandLMove",
      "Segments": [
        0,
        0,
        2,
        0.53,
        1,
        2,
        6.67,
        0,
        2,
        20.17,
        0
      ]
    },
    {
      "Target": "PartOpacity",
      "Id": "PartHandLDefault",
      "Segments": [
        0,
        1,
        2,
        0.53,
        0,
        2,
        6.67,
        1,
        2,
        20.17,
        1
      ]
    },
    {
      "Target": "PartOpacity",
      "Id": "PartArmLMove",
      "Segments": [
        0,
        0,
        2,
        0.53,
        1,
        2,
        6.67,
        0,
        2,
        20.17,
        0
      ]
    },
    {
      "Target": "PartOpacity",
      "Id": "PartArmLDefault",
      "Segments": [
        0,
        1,
        2,
        0.53,
        0,
        2,
        6.67,
        1,
        2,
        20.17,
        1
      ]
    },
    {
      "Target": "PartOpacity",
      "Id": "PartMouthKey",
      "Segments": [
        0,
        1,
        2,
        0.5,
        0,
        2,
        20.17,
        0
      ]
    },
    {
      "Target": "PartOpacity",
      "Id": "PartShaoziHan",
      "Segments": [
        0,
        1,
        2,
        0.87,
        0,
        2,
        20.17,
        0
      ]
    },
    {
      "Target": "PartOpacity",
      "Id": "PartMouth",
      "Segments": [
        0,
        0,
        2,
        0.5,
        1,
        2,
        20.17,
        1
      ]
    },
    {
      "Target": "Parameter",
      "Id": "ParamEyeBallScale",
      "Segments": [
        0,
        0,
        0,
        20.17,
        0
      ]
    },
    {
      "Target": "Parameter",
      "Id": "ParamUruUru",
      "Segments": [
        0,
        0,
        0,
        20.17,
        0
      ]
    },
    {
      "Target": "Parameter",
      "Id": "ParamBrowLX",
      "Segments": [
        0,
        0,
        0,
        20.17,
        0
      ]
    },
    {
      "Target": "Parameter",
      "Id": "ParamBrowLY",
      "Segments": [
        0,
        0,
        0,
        20.17,
        0
      ]
    },
    {
      "Target": "Parameter",
      "Id": "ParamBrowRX",
      "Segments": [
        0,
        0,
        0,
        20.17,
        0
      ]
    },
    {
      "Target": "Parameter",
      "Id": "ParamBrowRY",
      "Segments": [
        0,
        0,
        0,
        20.17,
        0
      ]
    },
    {
      "Target": "Parameter",
      "Id": "ParamBrowLAngle",
      "Segments": [
        0,
        0,
        0,
        20.17,
        0
      ]
    },
    {
      "Target": "Parameter",
      "Id": "ParamBrowRAngle",
      "Segments": [
        0,
        0,
        0,
        20.17,
        0
      ]
    },
    {
      "Target": "Parameter",
      "Id": "ParamBrowLForm",
      "Segments": [
        0,
        0,
        0,
        20.17,
        0
      ]
    },
    {
      "Target": "Parameter",
      "Id": "ParamBrowLStyle1",
      "Segments": [
        0,
        0,
        0,
        20.17,
        0
      ]
    },
    {
      "Target": "Parameter",
      "Id": "ParamBrowRForm",
      "Segments": [
        0,
        0,
        0,
        20.17,
        0
      ]
    },
    {
      "Target": "Parameter",
      "Id": "ParamBrowRStyle1",
      "Segments": [
        0,
        0,
        0,
        20.17,
        0
      ]
    },
    {
      "Target": "Parameter",
      "Id": "ParamMouthOpenY",
      "Segments": [
        0,
        0,
        0,
        20.17,
        0
      ]
    },
    {
      "Target": "Parameter",
      "Id": "ParamSheTouChu",
      "Segments": [
        0,
        0,
        0,
        20.17,
        0
      ]
    },
    {
      "Target": "Parameter",
      "Id": "ParamSheTouTian",
      "Segments": [
        0,
        0,
        0,
        20.17,
        0
      ]
    },
    {
      "Target": "Parameter",
      "Id": "ParamSheTou2RLayer",
      "Segments": [
        0,
        0,
        0,
        20.17,
        0
      ]
    },
    {
      "Target": "Parameter",
      "Id": "ParamMouthOpenYKey",
      "Segments": [
        0,
        0.3,
        0,
        20.17,
        0.3
      ]
    },
    {
      "Target": "Parameter",
      "Id": "ParamCheek",
      "Segments": [
        0,
        0,
        0,
        20.17,
        0
      ]
    },
    {
      "Target": "Parameter",
      "Id": "ParamBodyAngleY",
      "Segments": [
        0,
        0,
        0,
        20.17,
        0
      ]
    },
    {
      "Target": "Parameter",
      "Id": "ParamBodyAngleZ",
      "Segments": [
        0,
        0,
        0,
        20.17,
        0
      ]
    },
    {
      "Target": "Parameter",
      "Id": "ParamBreath",
      "Segments": [
        0,
        0,
        0,
        20.17,
        0
      ]
    },
    {
      "Target": "Parameter",
      "Id": "ParamArmUpperLMoveLength",
      "Segments": [
        0,
        0,
        0,
        20.17,
        0
      ]
    },
    {
      "Target": "Parameter",
      "Id": "ParamArmUpperRMoveAngel",
      "Segments": [
        0,
        0,
        0,
        20.17,
        0
      ]
    },
    {
      "Target": "Parameter",
      "Id": "ParamArmUpperRMoveLength",
      "Segments": [
        0,
        0,
        0,
        20.17,
        0
      ]
    },
    {
      "Target": "Parameter",
      "Id": "ParamArmForeRMoveAngel",
      "Segments": [
        0,
        0,
        0,
        20.17,
        0
      ]
    },
    {
      "Target": "Parameter",
      "Id": "ParamArmForeRMoveLength",
      "Segments": [
        0,
        0,
        0,
        20.17,
        0
      ]
    },
    {
      "Target": "Parameter",
      "Id": "ParamHandRMoveAngel",
      "Segments": [
        0,
        0,
        0,
        20.17,
        0
      ]
    },
    {
      "Target": "Parameter",
      "Id": "ParamHandLNieDmzLayer",
      "Segments": [
        0,
        0,
        0,
        20.17,
        0
      ]
    },
    {
      "Target": "Parameter",
      "Id": "ParamDeng2",
      "Segments": [
        0,
        0,
        0,
        20.17,
        0
      ]
    },
    {
      "Target": "Parameter",
      "Id": "ParamDeng3",
      "Segments": [
        0,
        0,
        0,
        20.17,
        0
      ]
    },
    {
      "Target": "Parameter",
      "Id": "ParamArmForeLNieAlpha",
      "Segments": [
        0,
        0,
        0,
        20.17,
        0
      ]
    },
    {
      "Target": "Parameter",
      "Id": "ParamHandLDefaultAlpha",
      "Segments": [
        0,
        1,
        0,
        20.17,
        1
      ]
    },
    {
      "Target": "Parameter",
      "Id": "ParamHandLNieAlpha",
      "Segments": [
        0,
        0,
        0,
        20.17,
        0
      ]
    },
    {
      "Target": "Parameter",
      "Id": "ParamDeng4",
      "Segments": [
        0,
        0,
        0,
        20.17,
        0
      ]
    },
    {
      "Target": "Parameter",
      "Id": "ParamHandLMoveToNietoNakai2",
      "Segments": [
        0,
        0,
        0,
        20.17,
        0
      ]
    },
    {
      "Target": "Parameter",
      "Id": "ParamHandLNieZhi",
      "Segments": [
        0,
        0,
        0,
        20.17,
        0
      ]
    },
    {
      "Target": "Parameter",
      "Id": "ParamHandRGanLayer",
      "Segments": [
        0,
        0,
        0,
        20.17,
        0
      ]
    },
    {
      "Target": "Parameter",
      "Id": "ParamDeng5",
      "Segments": [
        0,
        0,
        0,
        20.17,
        0
      ]
    },
    {
      "Target": "Parameter",
      "Id": "ParamHandRDMZ",
      "Segments": [
        0,
        0,
        0,
        20.17,
        0
      ]
    },
    {
      "Target": "Parameter",
      "Id": "ParamHandRSZ",
      "Segments": [
        0,
        0,
        0,
        20.17,
        0
      ]
    },
    {
      "Target": "Parameter",
      "Id": "ParamHandRZZ",
      "Segments": [
        0,
        0,
        0,
        20.17,
        0
      ]
    },
    {
      "Target": "Parameter",
      "Id": "ParamHandRWMZ",
      "Segments": [
        0,
        0,
        0,
        20.17,
        0
      ]
    },
    {
      "Target": "Parameter",
      "Id": "ParamHandRXZ",
      "Segments": [
        0,
        0,
        0,
        20.17,
        0
      ]
    },
    {
      "Target": "Parameter",
      "Id": "ParamDeng6",
      "Segments": [
        0,
        0,
        0,
        20.17,
        0
      ]
    },
    {
      "Target": "Parameter",
      "Id": "ParamArmForeRMoveAlpha",
      "Segments": [
        0,
        1,
        0,
        20.17,
        1
      ]
    },
    {
      "Target": "Parameter",
      "Id": "ParamArmForeRPengAlpha",
      "Segments": [
        0,
        0,
        0,
        20.17,
        0
      ]
    },
    {
      "Target": "Parameter",
      "Id": "ParamHandRDefaultAlpha",
      "Segments": [
        0,
        1,
        0,
        20.17,
        1
      ]
    },
    {
      "Target": "Parameter",
      "Id": "ParamHandRMoveAlpha",
      "Segments": [
        0,
        0,
        0,
        20.17,
        0
      ]
    },
    {
      "Target": "Parameter",
      "Id": "ParamHandRPengAlpha",
      "Segments": [
        0,
        0,
        0,
        20.17,
        0
      ]
    },
    {
      "Target": "Parameter",
      "Id": "ParamDeng7",
      "Segments": [
        0,
        0,
        0,
        20.17,
        0
      ]
    },
    {
      "Target": "Parameter",
      "Id": "ParamLu",
      "Segments": [
        0,
        0,
        0,
        20.17,
        0
      ]
    },
    {
      "Target": "Parameter",
      "Id": "ParamLuPosition",
      "Segments": [
        0,
        0,
        0,
        20.17,
        0
      ]
    },
    {
      "Target": "Parameter",
      "Id": "ParamBodyUpperZheng",
      "Segments": [
        0,
        10,
        0,
        20.17,
        10
      ]
    },
    {
      "Target": "Parameter",
      "Id": "ParamChestPhysicY",
      "Segments": [
        0,
        0,
        0,
        20.17,
        0
      ]
    },
    {
      "Target": "Parameter",
      "Id": "ParamHairSide",
      "Segments": [
        0,
        0,
        0,
        20.17,
        0
      ]
    },
    {
      "Target": "Parameter",
      "Id": "ParamHairAcce",
      "Segments": [
        0,
        0,
        0,
        20.17,
        0
      ]
    },
    {
      "Target": "Parameter",
      "Id": "ParamDeng1",
      "Segments": [
        0,
        0,
        0,
        20.17,
        0
      ]
    },
    {
      "Target": "Parameter",
      "Id": "ParamWuliBase",
      "Segments": [
        0,
        0,
        0,
        20.17,
        0
      ]
    },
    {
      "Target": "PartOpacity",
      "Id": "PartLoginParts",
      "Segments": [
        0,
        0,
        0,
        20.17,
        0
      ]
    },
    {
      "Target": "PartOpacity",
      "Id": "PartShuizhuDange",
      "Segments": [
        0,
        0,
        0,
        20.17,
        0
      ]
    },
    {
      "Target": "PartOpacity",
      "Id": "PartMask",
      "Segments": [
        0,
        0,
        0,
        20.17,
        0
      ]
    },
    {
      "Target": "PartOpacity",
      "Id": "PartHandLCongxia",
      "Segments": [
        0,
        0,
        0,
        20.17,
        0
      ]
    },
    {
      "Target": "PartOpacity",
      "Id": "PartHandLNakaiDuli",
      "Segments": [
        0,
        0,
        0,
        20.17,
        0
      ]
    },
    {
      "Target": "PartOpacity",
      "Id": "PartHandLNie",
      "Segments": [
        0,
        0,
        0,
        20.17,
        0
      ]
    },
    {
      "Target": "PartOpacity",
      "Id": "PartHandRPeng",
      "Segments": [
        0,
        0,
        0,
        20.17,
        0
      ]
    },
    {
      "Target": "PartOpacity",
      "Id": "PartHandRMove",
      "Segments": [
        0,
        0,
        0,
        20.17,
        0
      ]
    },
    {
      "Target": "PartOpacity",
      "Id": "PartHandRDefault",
      "Segments": [
        0,
        1,
        0,
        20.17,
        1
      ]
    },
    {
      "Target": "PartOpacity",
      "Id": "PartArmRMove",
      "Segments": [
        0,
        0,
        0,
        20.17,
        0
      ]
    },
    {
      "Target": "PartOpacity",
      "Id": "PartArmRDefault",
      "Segments": [
        0,
        1,
        0,
        20.17,
        1
      ]
    },
    {
      "Target": "PartOpacity",
      "Id": "PartAhogeShuai",
      "Segments": [
        0,
        0,
        0,
        20.17,
        0
      ]
    },
    {
      "Target": "PartOpacity",
      "Id": "PartHairFrontShuai",
      "Segments": [
        0,
        0,
        0,
        20.17,
        0
      ]
    }
  ],
  "UserData": [
    {
      "Time": 0.0,
      "Value": ""
    },
    {
      "Time": 19.67,
      "Value": ""
    }
  ]
}