{
  "Version": 3,
  "Meta": {
    "Duration": 12.0,
    "Fps": 30.0,
    "Loop": true,
    "CurveCount": 64,
    "TotalSegmentCount": 417,
    "TotalPointCount": 665,
    "UserDataCount": 1,
    "TotalUserDataSize": 0
  },
  "Curves": [
    {
      "Target": "Parameter",
      "Id": "ParamAngleX",
      "Segments": [
        0,
        9.998,
        1,
        0.711,
        3.144,
        1.422,
        -1.4,
        2.133,
        -1.4,
        0,
        4.067,
        6.6,
        0,
        6.867,
        -5.1,
        1,
        7.645,
        -5.1,
        8.422,
        -1.212,
        9.2,
        7.1,
        1,
        9.7,
        12.444,
        10.2,
        15.4,
        10.7,
        15.4,
        1,
        11.133,
        15.4,
        11.567,
        14.174,
        12,
        9.998
      ]
    },
    {
      "Target": "Parameter",
      "Id": "ParamAngleY",
      "Segments": [
        0,
        4.174,
        1,
        0.378,
        -0.461,
        0.755,
        -4.8,
        1.133,
        -4.8,
        0,
        3.833,
        13.741,
        0,
        5.833,
        -0.208,
        0,
        6.433,
        7.842,
        1,
        6.789,
        7.842,
        7.144,
        -5.378,
        7.5,
        -12.977,
        1,
        7.711,
        -17.489,
        7.922,
        -17,
        8.133,
        -17,
        0,
        10.7,
        15.2,
        1,
        11.133,
        15.2,
        11.567,
        9.492,
        12,
        4.174
      ]
    },
    {
      "Target": "Parameter",
      "Id": "ParamAngleZ",
      "Segments": [
        0,
        7.683,
        1,
        0.578,
        5.754,
        1.155,
        -7.747,
        1.733,
        -7.747,
        0,
        3.2,
        16.254,
        1,
        3.622,
        16.254,
        4.045,
        6.299,
        4.467,
        -3.337,
        1,
        4.689,
        -8.409,
        4.911,
        -8.534,
        5.133,
        -8.534,
        0,
        7.233,
        8.712,
        1,
        7.566,
        8.712,
        7.9,
        7.354,
        8.233,
        2.298,
        1,
        8.666,
        -4.276,
        9.1,
        -9.212,
        9.533,
        -9.212,
        1,
        9.811,
        -9.212,
        10.089,
        -8.321,
        10.367,
        -4.356,
        1,
        10.867,
        2.781,
        11.367,
        7.911,
        11.867,
        7.911,
        1,
        11.911,
        7.911,
        11.956,
        7.831,
        12,
        7.683
      ]
    },
    {
      "Target": "Parameter",
      "Id": "ParamEyeLOpen",
      "Segments": [
        0,
        1,
        2,
        1.9,
        1,
        0,
        2.367,
        0,
        0,
        2.867,
        1,
        2,
        3.533,
        1,
        1,
        3.933,
        1,
        4.333,
        0.931,
        4.733,
        0.929,
        1,
        5.255,
        0.927,
        5.778,
        0.927,
        6.3,
        0.927,
        0,
        6.733,
        1.001,
        1,
        6.911,
        1.001,
        7.089,
        0.254,
        7.267,
        0.15,
        1,
        7.534,
        -0.005,
        7.8,
        0,
        8.067,
        0,
        1,
        8.267,
        0,
        8.467,
        0.009,
        8.667,
        0.147,
        1,
        8.922,
        0.323,
        9.178,
        0.747,
        9.433,
        0.918,
        1,
        9.566,
        1.008,
        9.7,
        1,
        9.833,
        1,
        2,
        12,
        1
      ]
    },
    {
      "Target": "Parameter",
      "Id": "ParamEyeROpen",
      "Segments": [
        0,
        1,
        2,
        1.9,
        1,
        0,
        2.367,
        0,
        0,
        2.867,
        1,
        2,
        3.533,
        1,
        1,
        3.933,
        1,
        4.333,
        0.931,
        4.733,
        0.93,
        1,
        5.255,
        0.928,
        5.778,
        0.928,
        6.3,
        0.928,
        0,
        6.733,
        0.999,
        1,
        6.911,
        0.999,
        7.089,
        0.253,
        7.267,
        0.15,
        1,
        7.534,
        -0.004,
        7.8,
        0,
        8.067,
        0,
        1,
        8.267,
        0,
        8.467,
        0.008,
        8.667,
        0.145,
        1,
        8.922,
        0.319,
        9.178,
        0.748,
        9.433,
        0.919,
        1,
        9.566,
        1.008,
        9.7,
        1,
        9.833,
        1,
        2,
        12,
        1
      ]
    },
    {
      "Target": "Parameter",
      "Id": "ParamEyeBallX",
      "Segments": [
        0,
        -0.221,
        1,
        0.711,
        0.007,
        1.422,
        0.157,
        2.133,
        0.157,
        0,
        4.067,
        -0.337,
        0,
        6.867,
        0.165,
        0,
        10.7,
        -0.4,
        1,
        11.133,
        -0.4,
        11.567,
        -0.359,
        12,
        -0.221
      ]
    },
    {
      "Target": "Parameter",
      "Id": "ParamEyeBallY",
      "Segments": [
        0,
        -0.064,
        1,
        0.378,
        0.002,
        0.755,
        0.032,
        1.133,
        0.032,
        0,
        3.833,
        -0.183,
        0,
        5.833,
        -0.011,
        0,
        6.433,
        -0.096,
        0,
        8.133,
        0.246,
        0,
        10.7,
        -0.183,
        1,
        11.133,
        -0.183,
        11.567,
        -0.14,
        12,
        -0.064
      ]
    },
    {
      "Target": "Parameter",
      "Id": "ParamBodyUpperZ",
      "Segments": [
        0,
        -0.981,
        1,
        0.456,
        1.715,
        0.911,
        4.791,
        1.367,
        4.791,
        1,
        1.634,
        4.791,
        1.9,
        4.654,
        2.167,
        3.383,
        1,
        2.5,
        1.794,
        2.834,
        -1.875,
        3.167,
        -3.28,
        1,
        3.411,
        -4.311,
        3.656,
        -4.313,
        3.9,
        -4.313,
        0,
        5.467,
        0.657,
        0,
        7.567,
        -2.902,
        0,
        9.067,
        1.968,
        0,
        10.933,
        -4.959,
        1,
        11.289,
        -4.959,
        11.644,
        -3.086,
        12,
        -0.981
      ]
    },
    {
      "Target": "Parameter",
      "Id": "ParamBodyUpperY",
      "Segments": [
        0,
        8.311,
        1,
        0.111,
        8.152,
        0.222,
        8.2,
        0.333,
        8.2,
        0,
        2.433,
        9,
        0,
        6.2,
        8,
        1,
        6.878,
        8,
        7.555,
        8.345,
        8.233,
        9.035,
        1,
        8.866,
        9.679,
        9.5,
        10,
        10.133,
        10,
        1,
        10.755,
        10,
        11.378,
        9.205,
        12,
        8.311
      ]
    },
    {
      "Target": "Parameter",
      "Id": "ParamBodyAngleX",
      "Segments": [
        0,
        -0.973,
        1,
        0.456,
        1.72,
        0.911,
        4.792,
        1.367,
        4.792,
        1,
        1.634,
        4.792,
        1.9,
        4.653,
        2.167,
        3.383,
        1,
        2.5,
        1.796,
        2.834,
        -1.835,
        3.167,
        -3.255,
        1,
        3.411,
        -4.296,
        3.656,
        -4.306,
        3.9,
        -4.306,
        0,
        5.467,
        0.641,
        0,
        7.567,
        -2.871,
        0,
        9.067,
        1.973,
        0,
        10.933,
        -4.946,
        1,
        11.289,
        -4.946,
        11.644,
        -3.075,
        12,
        -0.973
      ]
    },
    {
      "Target": "Parameter",
      "Id": "ParamBodyLowerY",
      "Segments": [
        0,
        8.036,
        1,
        0.278,
        7.025,
        0.555,
        6.479,
        0.833,
        6.479,
        0,
        3.367,
        8.295,
        0,
        4.133,
        6.854,
        0,
        5.067,
        7.459,
        0,
        7.467,
        4.347,
        1,
        7.9,
        4.347,
        8.334,
        5.261,
        8.767,
        7.788,
        1,
        8.911,
        8.63,
        9.056,
        9.612,
        9.2,
        9.612,
        0,
        9.8,
        5.73,
        0,
        10.9,
        10,
        1,
        11.267,
        10,
        11.633,
        9.371,
        12,
        8.036
      ]
    },
    {
      "Target": "Parameter",
      "Id": "ParamBodyLowerX",
      "Segments": [
        0,
        -9.548,
        1,
        0.1,
        -9.855,
        0.2,
        -10,
        0.3,
        -10,
        1,
        0.689,
        -10,
        1.078,
        -9.203,
        1.467,
        -4.001,
        1,
        1.822,
        0.755,
        2.178,
        6.837,
        2.533,
        6.837,
        1,
        2.755,
        6.837,
        2.978,
        4.089,
        3.2,
        0.766,
        1,
        3.689,
        -6.544,
        4.178,
        -9.388,
        4.667,
        -9.388,
        1,
        5.1,
        -9.388,
        5.534,
        -7.41,
        5.967,
        -4.256,
        1,
        6.222,
        -2.397,
        6.478,
        -1.792,
        6.733,
        -1.792,
        0,
        8.4,
        -7.12,
        1,
        8.822,
        -7.12,
        9.245,
        -0.449,
        9.667,
        7.082,
        1,
        9.756,
        8.668,
        9.844,
        8.325,
        9.933,
        8.325,
        1,
        10.3,
        8.325,
        10.666,
        4.713,
        11.033,
        -0.927,
        1,
        11.355,
        -5.883,
        11.678,
        -8.559,
        12,
        -9.548
      ]
    },
    {
      "Target": "Parameter",
      "Id": "ParamChestSqueeze",
      "Segments": [
        0,
        0.875,
        1,
        0.3,
        0.82,
        0.6,
        0.8,
        0.9,
        0.8,
        0,
        3.7,
        1,
        0,
        7.633,
        0.8,
        0,
        10.733,
        1,
        1,
        11.155,
        1,
        11.578,
        0.952,
        12,
        0.875
      ]
    },
    {
      "Target": "Parameter",
      "Id": "ParamChestLX",
      "Segments": [
        0,
        -0.359,
        0,
        2.433,
        0.359,
        0,
        4.567,
        -0.231,
        0,
        6.533,
        0.077,
        0,
        8.367,
        -0.231,
        0,
        9.9,
        0.205,
        0,
        12,
        -0.359
      ]
    },
    {
      "Target": "Parameter",
      "Id": "ParamChestLY",
      "Segments": [
        0,
        -0.01,
        1,
        0.3,
        -0.156,
        0.6,
        -0.22,
        0.9,
        -0.22,
        0,
        3.867,
        0.287,
        0,
        7.967,
        -0.317,
        0,
        10.933,
        0.261,
        1,
        11.289,
        0.261,
        11.644,
        0.164,
        12,
        -0.01
      ]
    },
    {
      "Target": "Parameter",
      "Id": "ParamChestRX",
      "Segments": [
        0,
        -0.358,
        0,
        2.433,
        0.362,
        0,
        4.567,
        -0.224,
        0,
        6.533,
        0.078,
        0,
        8.367,
        -0.228,
        0,
        9.9,
        0.207,
        0,
        12,
        -0.358
      ]
    },
    {
      "Target": "Parameter",
      "Id": "ParamChestRY",
      "Segments": [
        0,
        -0.01,
        1,
        0.3,
        -0.156,
        0.6,
        -0.219,
        0.9,
        -0.219,
        0,
        3.867,
        0.286,
        0,
        7.967,
        -0.315,
        0,
        10.933,
        0.261,
        1,
        11.289,
        0.261,
        11.644,
        0.164,
        12,
        -0.01
      ]
    },
    {
      "Target": "Parameter",
      "Id": "ParamAhoge",
      "Segments": [
        0,
        0.208,
        1,
        0.011,
        0.209,
        0.022,
        0.209,
        0.033,
        0.209,
        0,
        1.833,
        -0.145,
        0,
        3.6,
        0.101,
        0,
        4.767,
        -0.092,
        0,
        6.8,
        0.085,
        0,
        6.933,
        0.084,
        0,
        7.267,
        0.096,
        0,
        9.833,
        -0.139,
        1,
        10.555,
        -0.139,
        11.278,
        0.198,
        12,
        0.208
      ]
    },
    {
      "Target": "Parameter",
      "Id": "ParamAhogeMo",
      "Segments": [
        0,
        0.201,
        1,
        0.133,
        0.232,
        0.267,
        0.253,
        0.4,
        0.253,
        0,
        3.033,
        -0.238,
        0,
        4.6,
        0.154,
        0,
        5.067,
        0.087,
        0,
        5.467,
        0.134,
        0,
        7.267,
        -0.033,
        0,
        7.733,
        0.001,
        0,
        8.5,
        -0.121,
        0,
        10.533,
        -0.057,
        0,
        10.833,
        -0.069,
        1,
        11.222,
        -0.069,
        11.611,
        0.11,
        12,
        0.201
      ]
    },
    {
      "Target": "Parameter",
      "Id": "ParamHairFront",
      "Segments": [
        0,
        0.397,
        0,
        1.8,
        -0.37,
        0,
        3.5,
        0.262,
        0,
        4.8,
        -0.295,
        0,
        7.267,
        0.223,
        0,
        9.967,
        -0.322,
        0,
        12,
        0.397
      ]
    },
    {
      "Target": "Parameter",
      "Id": "ParamHairFrontMo",
      "Segments": [
        0,
        0.459,
        1,
        0.144,
        0.677,
        0.289,
        0.713,
        0.433,
        0.713,
        0,
        3.033,
        -0.709,
        0,
        4.533,
        0.485,
        0,
        5.133,
        0.103,
        0,
        5.5,
        0.22,
        0,
        6.233,
        0.041,
        0,
        6.5,
        0.065,
        0,
        7.233,
        -0.091,
        0,
        8.4,
        0.126,
        0,
        9.633,
        -0.512,
        0,
        10.433,
        -0.18,
        0,
        11.067,
        -0.359,
        1,
        11.378,
        -0.359,
        11.689,
        -0.013,
        12,
        0.459
      ]
    },
    {
      "Target": "Parameter",
      "Id": "ParamHairBack",
      "Segments": [
        0,
        0.098,
        1,
        0.156,
        0.015,
        0.311,
        -0.056,
        0.467,
        -0.056,
        0,
        0.967,
        0.007,
        0,
        1.767,
        -0.143,
        0,
        2.367,
        -0.017,
        0,
        2.933,
        -0.065,
        0,
        3.467,
        0.135,
        0,
        4,
        -0.012,
        0,
        4.333,
        0.022,
        0,
        4.8,
        -0.128,
        0,
        5.133,
        -0.122,
        2,
        5.3,
        -0.122,
        0,
        6.1,
        0.011,
        0,
        6.533,
        -0.035,
        0,
        7.233,
        0.101,
        0,
        7.967,
        -0.024,
        0,
        8.233,
        0.033,
        0,
        9.3,
        -0.151,
        0,
        9.7,
        -0.138,
        0,
        9.867,
        -0.139,
        0,
        11.067,
        0.014,
        0,
        11.3,
        -0.019,
        0,
        11.9,
        0.112,
        1,
        11.933,
        0.112,
        11.967,
        0.115,
        12,
        0.098
      ]
    },
    {
      "Target": "Parameter",
      "Id": "ParamHairBackMo",
      "Segments": [
        0,
        0.055,
        1,
        0.078,
        0.075,
        0.155,
        0.076,
        0.233,
        0.076,
        0,
        0.567,
        -0.035,
        0,
        0.867,
        0.066,
        0,
        1.267,
        -0.027,
        0,
        1.533,
        0.004,
        0,
        2.067,
        -0.072,
        0,
        2.4,
        0.009,
        0,
        2.7,
        -0.094,
        0,
        3.067,
        0.038,
        0,
        3.333,
        -0.009,
        0,
        3.767,
        0.097,
        0,
        4.133,
        0.002,
        0,
        4.367,
        0.057,
        0,
        4.8,
        -0.097,
        0,
        5.2,
        0.038,
        0,
        5.567,
        -0.09,
        0,
        5.933,
        0.001,
        0,
        6.267,
        -0.047,
        0,
        6.7,
        0.002,
        0,
        6.867,
        -0.001,
        2,
        6.9,
        -0.001,
        0,
        7.1,
        -0.02,
        0,
        7.433,
        0.061,
        0,
        7.767,
        -0.009,
        0,
        8.133,
        0.063,
        0,
        8.667,
        -0.022,
        0,
        9.033,
        0.024,
        0,
        9.433,
        -0.066,
        0,
        9.8,
        0.049,
        0,
        10.167,
        -0.07,
        0,
        10.467,
        -0.032,
        1,
        10.522,
        -0.032,
        10.578,
        -0.032,
        10.633,
        -0.037,
        1,
        10.678,
        -0.042,
        10.722,
        -0.084,
        10.767,
        -0.084,
        0,
        11.1,
        -0.015,
        0,
        11.367,
        -0.038,
        1,
        11.578,
        -0.038,
        11.789,
        0.003,
        12,
        0.055
      ]
    },
    {
      "Target": "Parameter",
      "Id": "ParamHairBackFtB",
      "Segments": [
        0,
        0.492,
        2,
        0.033,
        0.492,
        0,
        1.733,
        -0.183,
        0,
        3.033,
        0.089,
        0,
        3.3,
        0.086,
        0,
        4.3,
        0.119,
        0,
        8.367,
        -0.422,
        1,
        8.967,
        -0.422,
        9.567,
        -0.325,
        10.167,
        -0.031,
        1,
        10.778,
        0.269,
        11.389,
        0.484,
        12,
        0.492
      ]
    },
    {
      "Target": "Parameter",
      "Id": "ParamShuiZhuChestL1",
      "Segments": [
        0,
        0,
        2,
        2.867,
        0,
        1,
        3.256,
        0.417,
        3.644,
        0.833,
        4.033,
        1.25,
        2,
        4.067,
        0,
        2,
        5.533,
        0,
        1,
        5.922,
        0.417,
        6.311,
        0.833,
        6.7,
        1.25,
        2,
        6.733,
        0,
        2,
        12,
        0
      ]
    },
    {
      "Target": "Parameter",
      "Id": "ParamShuiZhuChestL2",
      "Segments": [
        0,
        0,
        2,
        2.567,
        0,
        1,
        2.956,
        0.417,
        3.344,
        0.833,
        3.733,
        1.25,
        2,
        3.767,
        0,
        2,
        6.1,
        0,
        1,
        6.489,
        0.417,
        6.878,
        0.833,
        7.267,
        1.25,
        2,
        7.3,
        0,
        2,
        12,
        0
      ]
    },
    {
      "Target": "Parameter",
      "Id": "ParamShuiZhuChestL3",
      "Segments": [
        0,
        0,
        2,
        0.967,
        0,
        1,
        1.356,
        0.417,
        1.744,
        0.833,
        2.133,
        1.25,
        2,
        2.167,
        0,
        2,
        4.933,
        0,
        1,
        5.322,
        0.417,
        5.711,
        0.833,
        6.1,
        1.25,
        2,
        6.133,
        0,
        2,
        12,
        0
      ]
    },
    {
      "Target": "Parameter",
      "Id": "ParamShuiZhuChestL4",
      "Segments": [
        0,
        0,
        2,
        0.167,
        0,
        1,
        0.556,
        0.417,
        0.944,
        0.833,
        1.333,
        1.25,
        2,
        1.367,
        0,
        2,
        5.233,
        0,
        1,
        5.622,
        0.417,
        6.011,
        0.833,
        6.4,
        1.25,
        2,
        6.433,
        0,
        2,
        12,
        0
      ]
    },
    {
      "Target": "Parameter",
      "Id": "ParamShuiZhuChestL5",
      "Segments": [
        0,
        0,
        2,
        1.633,
        0,
        1,
        2.022,
        0.417,
        2.411,
        0.833,
        2.8,
        1.25,
        2,
        2.833,
        0,
        2,
        6.967,
        0,
        1,
        7.356,
        0.417,
        7.744,
        0.833,
        8.133,
        1.25,
        2,
        8.167,
        0,
        2,
        12,
        0
      ]
    },
    {
      "Target": "Parameter",
      "Id": "ParamShuiZhuChestL6",
      "Segments": [
        0,
        0.5,
        1,
        0.133,
        0.75,
        0.267,
        1,
        0.4,
        1.25,
        2,
        0.433,
        0,
        2,
        3.2,
        0,
        1,
        3.489,
        0.167,
        3.778,
        0.333,
        4.067,
        0.5,
        1,
        4.2,
        0.75,
        4.334,
        1,
        4.467,
        1.25,
        2,
        4.5,
        0,
        2,
        8.133,
        0,
        1,
        8.422,
        0.167,
        8.711,
        0.333,
        9,
        0.5,
        1,
        9.133,
        0.75,
        9.267,
        1,
        9.4,
        1.25,
        2,
        9.433,
        0,
        2,
        12,
        0
      ]
    },
    {
      "Target": "Parameter",
      "Id": "ParamShuiZhuChestL7",
      "Segments": [
        0,
        0,
        2,
        0.5,
        0,
        1,
        0.889,
        0.417,
        1.278,
        0.833,
        1.667,
        1.25,
        2,
        1.7,
        0,
        2,
        4.4,
        0,
        1,
        4.789,
        0.417,
        5.178,
        0.833,
        5.567,
        1.25,
        2,
        5.6,
        0,
        2,
        12,
        0
      ]
    },
    {
      "Target": "Parameter",
      "Id": "ParamShuiZhuChestR1",
      "Segments": [
        0,
        0,
        1,
        0.389,
        0.417,
        0.778,
        0.833,
        1.167,
        1.25,
        2,
        1.2,
        0,
        2,
        5.167,
        0,
        1,
        5.556,
        0.417,
        5.944,
        0.833,
        6.333,
        1.25,
        2,
        6.367,
        0,
        2,
        12,
        0
      ]
    },
    {
      "Target": "Parameter",
      "Id": "ParamShuiZhuChestR2",
      "Segments": [
        0,
        0,
        2,
        1.333,
        0,
        1,
        1.722,
        0.417,
        2.111,
        0.833,
        2.5,
        1.25,
        2,
        2.533,
        0,
        2,
        4.967,
        0,
        1,
        5.356,
        0.417,
        5.744,
        0.833,
        6.133,
        1.25,
        2,
        6.167,
        0,
        2,
        12,
        0
      ]
    },
    {
      "Target": "Parameter",
      "Id": "ParamShuiZhuChesrtR3",
      "Segments": [
        0,
        0,
        2,
        1.833,
        0,
        1,
        2.222,
        0.417,
        2.611,
        0.833,
        3,
        1.25,
        2,
        3.033,
        0,
        2,
        5.833,
        0,
        1,
        6.222,
        0.417,
        6.611,
        0.833,
        7,
        1.25,
        2,
        7.033,
        0,
        2,
        12,
        0
      ]
    },
    {
      "Target": "Parameter",
      "Id": "ParamShuiZhuChestR4",
      "Segments": [
        0,
        0,
        2,
        0.5,
        0,
        1,
        0.889,
        0.417,
        1.278,
        0.833,
        1.667,
        1.25,
        2,
        1.7,
        0,
        2,
        3.533,
        0,
        1,
        3.922,
        0.417,
        4.311,
        0.833,
        4.7,
        1.25,
        2,
        4.733,
        0,
        2,
        12,
        0
      ]
    },
    {
      "Target": "Parameter",
      "Id": "ParamShuiZhuChestR5",
      "Segments": [
        0,
        0,
        1,
        0.233,
        0.417,
        0.467,
        0.833,
        0.7,
        1.25,
        2,
        0.733,
        0,
        2,
        5.6,
        0,
        1,
        5.989,
        0.417,
        6.378,
        0.833,
        6.767,
        1.25,
        2,
        6.8,
        0,
        2,
        8.533,
        0,
        1,
        8.922,
        0.417,
        9.311,
        0.833,
        9.7,
        1.25,
        2,
        9.733,
        0,
        1,
        10.166,
        0.417,
        10.6,
        0.833,
        11.033,
        1.25,
        2,
        11.067,
        0,
        2,
        12,
        0
      ]
    },
    {
      "Target": "Parameter",
      "Id": "ParamShuiZhuChestR6",
      "Segments": [
        0,
        0,
        1,
        0.333,
        0.417,
        0.667,
        0.833,
        1,
        1.25,
        2,
        1.033,
        0,
        2,
        6.7,
        0,
        1,
        7.089,
        0.417,
        7.478,
        0.833,
        7.867,
        1.25,
        2,
        7.9,
        0,
        2,
        8.833,
        0,
        1,
        9.222,
        0.417,
        9.611,
        0.833,
        10,
        1.25,
        2,
        10.033,
        0,
        1,
        10.466,
        0.417,
        10.9,
        0.833,
        11.333,
        1.25,
        2,
        11.367,
        0,
        2,
        12,
        0
      ]
    },
    {
      "Target": "Parameter",
      "Id": "ParamWaterWenYao",
      "Segments": [
        0,
        0,
        1,
        3,
        4,
        6,
        8,
        9,
        12,
        1,
        10,
        13.402,
        11,
        14.803,
        12,
        16.205
      ]
    },
    {
      "Target": "Parameter",
      "Id": "ParamWaterBaseYaoX",
      "Segments": [
        0,
        10,
        0,
        1.5,
        -10,
        0,
        3,
        10,
        0,
        4.5,
        -10,
        0,
        6,
        10,
        0,
        7.5,
        -10,
        0,
        9,
        10,
        0,
        10.5,
        -10,
        0,
        12,
        10
      ]
    },
    {
      "Target": "Parameter",
      "Id": "ParamWaterBaseYaoY",
      "Segments": [
        0,
        0.333,
        1,
        0.256,
        -4.775,
        0.511,
        -10,
        0.767,
        -10,
        0,
        2.267,
        10,
        0,
        3.767,
        -10,
        0,
        5.267,
        10,
        0,
        6.767,
        -10,
        0,
        8.267,
        10,
        0,
        9.767,
        -10,
        0,
        11.267,
        10,
        1,
        11.511,
        10,
        11.756,
        5.22,
        12,
        0.333
      ]
    },
    {
      "Target": "Parameter",
      "Id": "ParamCrossLight1",
      "Segments": [
        0,
        0,
        0,
        1.5,
        1,
        0,
        3,
        0,
        0,
        4.5,
        1,
        0,
        6,
        0,
        0,
        7.5,
        1,
        0,
        9,
        0,
        0,
        10.5,
        1,
        0,
        12,
        0
      ]
    },
    {
      "Target": "Parameter",
      "Id": "ParamCrossLight2",
      "Segments": [
        0,
        0.32,
        1,
        0.189,
        0.143,
        0.378,
        0,
        0.567,
        0,
        0,
        2.067,
        1,
        0,
        3.567,
        0,
        0,
        5.067,
        1,
        0,
        6.567,
        0,
        0,
        8.067,
        1,
        0,
        9.567,
        0,
        0,
        11.067,
        1,
        1,
        11.378,
        1,
        11.689,
        0.613,
        12,
        0.32
      ]
    },
    {
      "Target": "Parameter",
      "Id": "ParamCrossLight3",
      "Segments": [
        0,
        0.978,
        1,
        0.456,
        0.83,
        0.911,
        0,
        1.367,
        0,
        0,
        2.867,
        1,
        0,
        4.367,
        0,
        0,
        5.867,
        1,
        0,
        7.367,
        0,
        0,
        8.867,
        1,
        0,
        10.367,
        0,
        0,
        11.867,
        1,
        1,
        11.911,
        1,
        11.956,
        0.992,
        12,
        0.978
      ]
    },
    {
      "Target": "Parameter",
      "Id": "ParamGanLight",
      "Segments": [
        0,
        0.5,
        0,
        2.367,
        1,
        0,
        4.467,
        0.5,
        2,
        5.167,
        0.5,
        0,
        6.2,
        0.9,
        0,
        6.667,
        0.661,
        0,
        7.167,
        1,
        0,
        9,
        0.5,
        2,
        12,
        0.5
      ]
    },
    {
      "Target": "Parameter",
      "Id": "ParamChestWuliSwitch",
      "Segments": [
        0,
        1,
        0,
        12,
        1
      ]
    },
    {
      "Target": "PartOpacity",
      "Id": "PartLoginParts",
      "Segments": [
        0,
        0,
        0,
        12,
        0
      ]
    },
    {
      "Target": "PartOpacity",
      "Id": "PartShuizhuDange",
      "Segments": [
        0,
        0,
        0,
        12,
        0
      ]
    },
    {
      "Target": "PartOpacity",
      "Id": "PartMask",
      "Segments": [
        0,
        0,
        0,
        12,
        0
      ]
    },
    {
      "Target": "PartOpacity",
      "Id": "PartHandLCongxia",
      "Segments": [
        0,
        0,
        0,
        12,
        0
      ]
    },
    {
      "Target": "PartOpacity",
      "Id": "PartHandLNakaiDuli",
      "Segments": [
        0,
        0,
        0,
        12,
        0
      ]
    },
    {
      "Target": "PartOpacity",
      "Id": "PartHandLNie",
      "Segments": [
        0,
        0,
        0,
        12,
        0
      ]
    },
    {
      "Target": "PartOpacity",
      "Id": "PartHandLPeng",
      "Segments": [
        0,
        0,
        0,
        12,
        0
      ]
    },
    {
      "Target": "PartOpacity",
      "Id": "PartHandLMove",
      "Segments": [
        0,
        0,
        0,
        12,
        0
      ]
    },
    {
      "Target": "PartOpacity",
      "Id": "PartHandLDefault",
      "Segments": [
        0,
        1,
        0,
        12,
        1
      ]
    },
    {
      "Target": "PartOpacity",
      "Id": "PartArmLMove",
      "Segments": [
        0,
        0,
        0,
        12,
        0
      ]
    },
    {
      "Target": "PartOpacity",
      "Id": "PartArmLDefault",
      "Segments": [
        0,
        1,
        0,
        12,
        1
      ]
    },
    {
      "Target": "PartOpacity",
      "Id": "PartHandRPeng",
      "Segments": [
        0,
        0,
        0,
        12,
        0
      ]
    },
    {
      "Target": "PartOpacity",
      "Id": "PartHandRMove",
      "Segments": [
        0,
        0,
        0,
        12,
        0
      ]
    },
    {
      "Target": "PartOpacity",
      "Id": "PartHandRDefault",
      "Segments": [
        0,
        1,
        0,
        12,
        1
      ]
    },
    {
      "Target": "PartOpacity",
      "Id": "PartArmRMove",
      "Segments": [
        0,
        0,
        0,
        12,
        0
      ]
    },
    {
      "Target": "PartOpacity",
      "Id": "PartArmRDefault",
      "Segments": [
        0,
        1,
        0,
        12,
        1
      ]
    },
    {
      "Target": "PartOpacity",
      "Id": "PartAhogeShuai",
      "Segments": [
        0,
        0,
        0,
        12,
        0
      ]
    },
    {
      "Target": "PartOpacity",
      "Id": "PartHairFrontShuai",
      "Segments": [
        0,
        0,
        0,
        12,
        0
      ]
    },
    {
      "Target": "PartOpacity",
      "Id": "PartMouthKey",
      "Segments": [
        0,
        0,
        0,
        12,
        0
      ]
    }
  ],
  "UserData": [
    {
      "Time": 0.0,
      "Value": ""
    }
  ]
}