{
  "Version": 3,
  "Meta": {
    "Duration": 15.5,
    "Fps": 30.0,
    "Loop": true,
    "CurveCount": 140,
    "TotalSegmentCount": 802,
    "TotalPointCount": 1170,
    "UserDataCount": 2,
    "TotalUserDataSize": 0
  },
  "Curves": [
    {
      "Target": "Parameter",
      "Id": "ParamAngleX",
      "Segments": [
        0,
        2.112,
        1,
        0.211,
        -0.305,
        0.422,
        -15.485,
        0.633,
        -15.485,
        0,
        1.467,
        15.483,
        1,
        1.856,
        15.483,
        2.244,
        14.791,
        2.633,
        11.875,
        1,
        2.744,
        11.042,
        2.856,
        6,
        2.967,
        6,
        0,
        3.5,
        16.685,
        0,
        4.667,
        10.812,
        0,
        5.667,
        16.969,
        0,
        6.867,
        13.852,
        0,
        7.833,
        20.877,
        0,
        8.9,
        11.968,
        0,
        9.7,
        15.4,
        1,
        10.133,
        15.4,
        10.567,
        14.174,
        11,
        9.998,
        1,
        11.711,
        3.144,
        12.422,
        -1.4,
        13.133,
        -1.4,
        0,
        15,
        9.998,
        1,
        15.167,
        9.998,
        15.333,
        6.452,
        15.5,
        5.588
      ]
    },
    {
      "Target": "Parameter",
      "Id": "ParamAngleY",
      "Segments": [
        0,
        -3.139,
        1,
        0.167,
        -4.017,
        0.333,
        -4.654,
        0.5,
        -5.864,
        1,
        0.556,
        -6.268,
        0.611,
        -9.323,
        0.667,
        -9.323,
        0,
        1.6,
        25.351,
        0,
        2.967,
        6,
        0,
        4.433,
        30,
        0,
        7.2,
        22.376,
        0,
        8.767,
        30,
        1,
        9.067,
        30,
        9.367,
        24.68,
        9.667,
        20.234,
        1,
        10.2,
        12.328,
        10.734,
        8.107,
        11.267,
        0,
        1,
        11.411,
        -2.196,
        11.556,
        -27,
        11.7,
        -27,
        1,
        11.844,
        -27,
        11.989,
        -7.423,
        12.133,
        -4.8,
        1,
        12.822,
        7.711,
        13.511,
        11.562,
        14.2,
        11.562,
        1,
        14.467,
        11.562,
        14.733,
        8.331,
        15,
        4.176,
        1,
        15.167,
        1.579,
        15.333,
        -1.088,
        15.5,
        -2.089
      ]
    },
    {
      "Target": "Parameter",
      "Id": "ParamAngleZ",
      "Segments": [
        0,
        17.845,
        1,
        0.167,
        19.131,
        0.333,
        20.428,
        0.5,
        21.854,
        1,
        0.567,
        22.424,
        0.633,
        22.954,
        0.7,
        23.599,
        1,
        1.133,
        27.792,
        1.567,
        29.996,
        2,
        29.996,
        0,
        2.967,
        -8,
        0,
        4.533,
        17.491,
        0,
        5.7,
        0,
        0,
        7,
        26.237,
        0,
        7.833,
        24.763,
        0,
        8.933,
        29.676,
        1,
        9.411,
        29.676,
        9.889,
        14.116,
        10.367,
        9.925,
        1,
        10.6,
        7.878,
        10.834,
        9.236,
        11.067,
        7.272,
        1,
        11.622,
        2.595,
        12.178,
        -7.747,
        12.733,
        -7.747,
        0,
        14.2,
        16.254,
        1,
        14.467,
        16.254,
        14.733,
        12.248,
        15,
        7.683,
        1,
        15.167,
        4.831,
        15.333,
        3.486,
        15.5,
        1.152
      ]
    },
    {
      "Target": "Parameter",
      "Id": "ParamEyeLOpen",
      "Segments": [
        0,
        1,
        2,
        0.633,
        1,
        0,
        1.4,
        0.008,
        0,
        2.1,
        1,
        2,
        3.233,
        1,
        0,
        4.233,
        0.8,
        2,
        8,
        0.8,
        0,
        8.633,
        0,
        2,
        13.5,
        0,
        1,
        13.689,
        0,
        13.878,
        0.995,
        14.067,
        0.997,
        1,
        14.378,
        1,
        14.689,
        1,
        15,
        1,
        2,
        15.5,
        1
      ]
    },
    {
      "Target": "Parameter",
      "Id": "ParamEyeLSmile",
      "Segments": [
        0,
        0,
        2,
        8,
        0,
        0,
        8.633,
        1,
        2,
        13.5,
        1,
        0,
        14.067,
        0,
        2,
        15,
        0,
        2,
        15.5,
        0
      ]
    },
    {
      "Target": "Parameter",
      "Id": "ParamEyeROpen",
      "Segments": [
        0,
        1,
        2,
        0.633,
        1,
        0,
        1.4,
        0.008,
        0,
        2.1,
        1,
        2,
        3.233,
        1,
        0,
        4.233,
        0.8,
        2,
        8,
        0.8,
        0,
        8.633,
        0,
        2,
        13.5,
        0,
        1,
        13.689,
        0,
        13.878,
        0.995,
        14.067,
        0.997,
        1,
        14.378,
        1,
        14.689,
        1,
        15,
        1,
        2,
        15.5,
        1
      ]
    },
    {
      "Target": "Parameter",
      "Id": "ParamEyeRSmile",
      "Segments": [
        0,
        0,
        2,
        8,
        0,
        0,
        8.633,
        1,
        2,
        13.5,
        1,
        0,
        14.067,
        0,
        2,
        15,
        0,
        2,
        15.5,
        0
      ]
    },
    {
      "Target": "Parameter",
      "Id": "ParamEyeBallX",
      "Segments": [
        0,
        -0.225,
        1,
        3.233,
        -0.253,
        6.467,
        -0.4,
        9.7,
        -0.4,
        1,
        10.133,
        -0.4,
        10.567,
        -0.359,
        11,
        -0.221,
        1,
        11.711,
        0.007,
        12.422,
        0.157,
        13.133,
        0.157,
        0,
        15,
        -0.221,
        1,
        15.167,
        -0.221,
        15.333,
        -0.103,
        15.5,
        -0.074
      ]
    },
    {
      "Target": "Parameter",
      "Id": "ParamEyeBallY",
      "Segments": [
        0,
        -0.045,
        1,
        1.089,
        -0.028,
        2.178,
        -0.024,
        3.267,
        -0.024,
        0,
        4.233,
        -0.183,
        2,
        9.7,
        -0.183,
        1,
        10.133,
        -0.183,
        10.567,
        -0.14,
        11,
        -0.064,
        1,
        11.378,
        0.002,
        11.755,
        0.032,
        12.133,
        0.032,
        0,
        14.833,
        -0.183,
        1,
        14.889,
        -0.183,
        14.944,
        -0.074,
        15,
        -0.064,
        1,
        15.167,
        -0.035,
        15.333,
        -0.008,
        15.5,
        0.003
      ]
    },
    {
      "Target": "Parameter",
      "Id": "ParamBrowLStyle1",
      "Segments": [
        0,
        0,
        2,
        0.767,
        0,
        0,
        1.4,
        0.5,
        2,
        9.1,
        0.5,
        0,
        9.7,
        0,
        2,
        15,
        0,
        2,
        15.5,
        0
      ]
    },
    {
      "Target": "Parameter",
      "Id": "ParamBrowRStyle1",
      "Segments": [
        0,
        0,
        2,
        0.767,
        0,
        0,
        1.4,
        0.5,
        2,
        9.1,
        0.5,
        0,
        9.7,
        0,
        2,
        15,
        0,
        2,
        15.5,
        0
      ]
    },
    {
      "Target": "Parameter",
      "Id": "ParamMouthForm",
      "Segments": [
        0,
        1,
        2,
        0.5,
        1,
        0,
        15,
        0,
        2,
        15.5,
        0
      ]
    },
    {
      "Target": "Parameter",
      "Id": "ParamBodyUpperZ",
      "Segments": [
        0,
        -0.882,
        1,
        0.167,
        -0.45,
        0.333,
        -0.409,
        0.5,
        0,
        1,
        0.578,
        0.191,
        0.655,
        1.916,
        0.733,
        1.916,
        0,
        1.167,
        0.15,
        0,
        1.6,
        0.637,
        0,
        2.9,
        -10,
        0,
        4.6,
        -2.767,
        0,
        5.933,
        -10,
        0,
        7.4,
        -3.472,
        0,
        8.4,
        -10,
        1,
        8.544,
        -10,
        8.689,
        -10.045,
        8.833,
        -7.784,
        1,
        9.055,
        -4.304,
        9.278,
        0.448,
        9.5,
        0.448,
        0,
        9.8,
        0,
        2,
        10.6,
        0,
        0,
        12.367,
        -4.791,
        1,
        12.634,
        -4.791,
        12.9,
        -4.961,
        13.167,
        -3.383,
        1,
        13.5,
        -1.41,
        13.834,
        3.28,
        14.167,
        3.28,
        0,
        15,
        -0.979,
        1,
        15.167,
        -0.979,
        15.333,
        1.199,
        15.5,
        2.377
      ]
    },
    {
      "Target": "Parameter",
      "Id": "ParamBodyUpperY",
      "Segments": [
        0,
        8.509,
        1,
        0.167,
        8.673,
        0.333,
        8.908,
        0.5,
        9.23,
        1,
        0.544,
        9.316,
        0.589,
        10,
        0.633,
        10,
        1,
        0.778,
        10,
        0.922,
        4.857,
        1.067,
        3.97,
        1,
        1.456,
        1.583,
        1.844,
        1.168,
        2.233,
        1.168,
        0,
        3.867,
        2.849,
        0,
        5.9,
        0.047,
        0,
        7.5,
        1.829,
        0,
        7.967,
        1.328,
        1,
        8.167,
        1.328,
        8.367,
        1.299,
        8.567,
        2.255,
        1,
        8.756,
        3.158,
        8.944,
        7.834,
        9.133,
        8.816,
        1,
        9.355,
        9.97,
        9.578,
        10,
        9.8,
        10,
        1,
        10.089,
        10,
        10.378,
        9.599,
        10.667,
        9.126,
        1,
        10.978,
        8.617,
        11.289,
        8.477,
        11.6,
        8.477,
        0,
        13.433,
        9,
        1,
        13.955,
        9,
        14.478,
        8.746,
        15,
        8.311,
        1,
        15.111,
        8.219,
        15.222,
        8.2,
        15.333,
        8.2,
        1,
        15.389,
        8.2,
        15.444,
        8.194,
        15.5,
        8.214
      ]
    },
    {
      "Target": "Parameter",
      "Id": "ParamBodyAngleX",
      "Segments": [
        0,
        -0.85,
        1,
        0.167,
        -0.42,
        0.333,
        -0.381,
        0.5,
        0.027,
        1,
        0.578,
        0.217,
        0.655,
        1.966,
        0.733,
        1.966,
        0,
        1.167,
        0.159,
        0,
        1.6,
        0.638,
        0,
        2.9,
        -10,
        0,
        4.6,
        -2.763,
        0,
        5.933,
        -10,
        0,
        7.4,
        -3.481,
        0,
        8.4,
        -10,
        1,
        8.544,
        -10,
        8.689,
        -10.019,
        8.833,
        -7.732,
        1,
        9.055,
        -4.213,
        9.278,
        0.425,
        9.5,
        0.425,
        1,
        9.6,
        0.425,
        9.7,
        0.084,
        9.8,
        0,
        1,
        10.067,
        -0.224,
        10.333,
        -0.096,
        10.6,
        -0.531,
        1,
        11.189,
        -1.493,
        11.778,
        -4.809,
        12.367,
        -4.809,
        1,
        12.634,
        -4.809,
        12.9,
        -4.975,
        13.167,
        -3.374,
        1,
        13.5,
        -1.373,
        13.834,
        3.295,
        14.167,
        3.295,
        0,
        15,
        -0.983,
        1,
        15.167,
        -0.983,
        15.333,
        1.271,
        15.5,
        2.444
      ]
    },
    {
      "Target": "Parameter",
      "Id": "ParamBodyLowerY",
      "Segments": [
        0,
        7.029,
        1,
        0.167,
        8.019,
        0.333,
        10,
        0.5,
        10,
        0,
        0.633,
        8.32,
        0,
        1.867,
        9.999,
        0,
        5,
        -9.998,
        0,
        8.133,
        10,
        0,
        8.967,
        6.365,
        0,
        9.767,
        10,
        1,
        9.845,
        10,
        9.922,
        9.386,
        10,
        9.272,
        1,
        10.333,
        8.787,
        10.667,
        8.628,
        11,
        8.036,
        1,
        11.278,
        7.543,
        11.555,
        6.479,
        11.833,
        6.479,
        0,
        14.367,
        8.295,
        1,
        14.578,
        8.295,
        14.789,
        8.283,
        15,
        8.036,
        1,
        15.167,
        7.842,
        15.333,
        6.959,
        15.5,
        6.736
      ]
    },
    {
      "Target": "Parameter",
      "Id": "ParamBodyLowerX",
      "Segments": [
        0,
        0.289,
        1,
        0.167,
        0.197,
        0.333,
        0.102,
        0.5,
        0,
        1,
        0.544,
        -0.027,
        0.589,
        -1.053,
        0.633,
        -1.053,
        0,
        2.233,
        9.994,
        0,
        3.733,
        -9.998,
        0,
        5.233,
        10,
        0,
        6.733,
        -10,
        0,
        8.233,
        10,
        0,
        9.033,
        -1.235,
        0,
        9.8,
        1.58,
        0,
        10.033,
        0.927,
        0,
        11.3,
        10,
        1,
        11.689,
        10,
        12.078,
        9.203,
        12.467,
        4.001,
        1,
        12.822,
        -0.755,
        13.178,
        -6.837,
        13.533,
        -6.837,
        0,
        14.2,
        -0.766,
        1,
        14.467,
        -0.766,
        14.733,
        -7.438,
        15,
        -9.548,
        1,
        15.1,
        -10.34,
        15.2,
        -10,
        15.3,
        -10,
        1,
        15.367,
        -10,
        15.433,
        -10.113,
        15.5,
        -9.912
      ]
    },
    {
      "Target": "Parameter",
      "Id": "ParamArmUpperLMoveAngel",
      "Segments": [
        0,
        0,
        2,
        0.5,
        0,
        0,
        0.667,
        2,
        1,
        0.922,
        2,
        1.178,
        -4.393,
        1.433,
        -5.256,
        1,
        1.689,
        -6.119,
        1.944,
        -5.973,
        2.2,
        -5.973,
        0,
        4.367,
        -4.749,
        0,
        6.433,
        -6.152,
        0,
        7.733,
        -5.277,
        0,
        8.5,
        -6.666,
        1,
        8.667,
        -6.666,
        8.833,
        -6.257,
        9,
        -4.591,
        1,
        9.267,
        -1.925,
        9.533,
        0,
        9.8,
        0,
        2,
        10.6,
        0,
        2,
        15,
        0,
        2,
        15.5,
        0
      ]
    },
    {
      "Target": "Parameter",
      "Id": "ParamArmForeLMoveAngel",
      "Segments": [
        0,
        0,
        2,
        0.5,
        0,
        0,
        0.767,
        -3.972,
        1,
        1.056,
        -3.972,
        1.344,
        28.736,
        1.633,
        32.977,
        1,
        1.9,
        36.891,
        2.166,
        36.302,
        2.433,
        36.302,
        0,
        4.8,
        34.366,
        0,
        6.833,
        36.378,
        0,
        8,
        35.425,
        0,
        8.667,
        36.075,
        0,
        9.8,
        0,
        2,
        10.6,
        0,
        2,
        15,
        0,
        2,
        15.5,
        0
      ]
    },
    {
      "Target": "Parameter",
      "Id": "ParamArmForeLMoveLength",
      "Segments": [
        0,
        0,
        2,
        0.5,
        0,
        2,
        0.767,
        0,
        0,
        1.633,
        10,
        2,
        8.667,
        10,
        0,
        9.8,
        0,
        2,
        10.167,
        0,
        2,
        10.6,
        0,
        2,
        15,
        0,
        2,
        15.5,
        0
      ]
    },
    {
      "Target": "Parameter",
      "Id": "ParamHandLMoveAngel",
      "Segments": [
        0,
        0,
        2,
        0.5,
        0,
        1,
        0.6,
        0,
        0.7,
        7.28,
        0.8,
        8.156,
        1,
        0.911,
        9.131,
        1.022,
        9.021,
        1.133,
        9.021,
        0,
        1.567,
        -5,
        0,
        1.9,
        -4.823,
        0,
        2.533,
        -5.008,
        0,
        5.033,
        -4.808,
        0,
        7.167,
        -5.582,
        0,
        8.333,
        -4.676,
        0,
        8.767,
        -5.073,
        1,
        8.978,
        -5.073,
        9.189,
        -4.9,
        9.4,
        -3.826,
        1,
        9.533,
        -3.148,
        9.667,
        -0.829,
        9.8,
        0,
        1,
        9.989,
        1.175,
        10.178,
        1.416,
        10.367,
        1.416,
        0,
        10.6,
        0,
        2,
        15,
        0,
        2,
        15.5,
        0
      ]
    },
    {
      "Target": "Parameter",
      "Id": "ParamHandLGanLayer",
      "Segments": [
        0,
        0,
        2,
        0.5,
        0,
        0,
        0.533,
        -1,
        2,
        9.733,
        -1,
        0,
        9.767,
        0,
        2,
        15,
        0,
        2,
        15.5,
        0
      ]
    },
    {
      "Target": "Parameter",
      "Id": "ParamHandLDefaultDMZ",
      "Segments": [
        0,
        0,
        2,
        0.133,
        0,
        0,
        0.633,
        1,
        2,
        1.533,
        1,
        2,
        8.9,
        1,
        2,
        9.8,
        1,
        0,
        10.567,
        0,
        2,
        15,
        0,
        2,
        15.5,
        0
      ]
    },
    {
      "Target": "Parameter",
      "Id": "ParamHandLDefaultSZ",
      "Segments": [
        0,
        0,
        2,
        0.133,
        0,
        0,
        0.633,
        1,
        2,
        1.533,
        1,
        2,
        8.9,
        1,
        2,
        9.8,
        1,
        0,
        10.567,
        0,
        2,
        15,
        0,
        2,
        15.5,
        0
      ]
    },
    {
      "Target": "Parameter",
      "Id": "ParamHandLDefaultZZ",
      "Segments": [
        0,
        0,
        2,
        0.133,
        0,
        0,
        0.633,
        1,
        2,
        1.533,
        1,
        2,
        8.9,
        1,
        2,
        9.8,
        1,
        0,
        10.567,
        0,
        2,
        15,
        0,
        2,
        15.5,
        0
      ]
    },
    {
      "Target": "Parameter",
      "Id": "ParamHandLDefaultWMZ",
      "Segments": [
        0,
        0,
        2,
        0.133,
        0,
        0,
        0.633,
        1,
        2,
        1.533,
        1,
        2,
        8.9,
        1,
        2,
        9.8,
        1,
        0,
        10.567,
        0,
        2,
        15,
        0,
        2,
        15.5,
        0
      ]
    },
    {
      "Target": "Parameter",
      "Id": "ParamHandLDefaultXZ",
      "Segments": [
        0,
        0,
        2,
        0.133,
        0,
        0,
        0.633,
        1,
        2,
        1.533,
        1,
        2,
        8.9,
        1,
        2,
        9.8,
        1,
        0,
        10.567,
        0,
        2,
        15,
        0,
        2,
        15.5,
        0
      ]
    },
    {
      "Target": "Parameter",
      "Id": "ParamArmForeLMoveAlpha",
      "Segments": [
        0,
        1,
        2,
        0.767,
        1,
        2,
        1.133,
        1,
        0,
        1.5,
        0,
        2,
        9.1,
        0,
        0,
        9.333,
        1,
        2,
        15,
        1,
        2,
        15.5,
        1
      ]
    },
    {
      "Target": "Parameter",
      "Id": "ParamArmForeLNieAlpha",
      "Segments": [
        0,
        0,
        2,
        0.767,
        0,
        0,
        1.167,
        1,
        2,
        9.333,
        1,
        0,
        9.667,
        0,
        2,
        15,
        0,
        2,
        15.5,
        0
      ]
    },
    {
      "Target": "Parameter",
      "Id": "ParamHandLMoveAlpha",
      "Segments": [
        0,
        1,
        2,
        1.4,
        1,
        0,
        1.433,
        0,
        2,
        8.9,
        0,
        0,
        9.1,
        1,
        2,
        15.5,
        1
      ]
    },
    {
      "Target": "Parameter",
      "Id": "ParamHandLNieAlpha",
      "Segments": [
        0,
        0,
        2,
        1.1,
        0,
        0,
        1.4,
        1,
        2,
        9.1,
        1,
        0,
        9.333,
        0,
        2,
        15,
        0,
        2,
        15.5,
        0
      ]
    },
    {
      "Target": "Parameter",
      "Id": "ParamHandLMoveToNietoNakai2",
      "Segments": [
        0,
        0,
        2,
        0.633,
        0,
        0,
        1.533,
        1,
        2,
        9,
        1,
        0,
        9.667,
        0,
        2,
        15,
        0,
        2,
        15.5,
        0
      ]
    },
    {
      "Target": "Parameter",
      "Id": "ParamChestSqueeze",
      "Segments": [
        0,
        0.821,
        1,
        0.133,
        0.872,
        0.267,
        1,
        0.4,
        1,
        2,
        1.033,
        1,
        0,
        2.2,
        0.7,
        1,
        4.3,
        0.7,
        6.4,
        0.701,
        8.5,
        0.705,
        1,
        8.744,
        0.706,
        8.989,
        1,
        9.233,
        1,
        2,
        9.733,
        1,
        1,
        10.155,
        1,
        10.578,
        0.952,
        11,
        0.875,
        1,
        11.3,
        0.82,
        11.6,
        0.8,
        11.9,
        0.8,
        0,
        14.7,
        1,
        1,
        14.8,
        1,
        14.9,
        0.893,
        15,
        0.875,
        1,
        15.167,
        0.845,
        15.333,
        0.828,
        15.5,
        0.813
      ]
    },
    {
      "Target": "Parameter",
      "Id": "ParamChestSqueezeL",
      "Segments": [
        0,
        1,
        2,
        1.033,
        1,
        1,
        1.422,
        0,
        1.811,
        0,
        2.2,
        0,
        0,
        4.367,
        0.106,
        0,
        6.433,
        0,
        0,
        7.733,
        0.093,
        0,
        8.5,
        0,
        0,
        9.233,
        1,
        2,
        15,
        1,
        2,
        15.5,
        1
      ]
    },
    {
      "Target": "Parameter",
      "Id": "ParamChestLX",
      "Segments": [
        0,
        -0.004,
        1,
        0.022,
        -0.008,
        0.045,
        -0.01,
        0.067,
        -0.01,
        0,
        0.6,
        0,
        0,
        1.967,
        -0.01,
        0,
        2.4,
        0,
        0,
        3.3,
        -0.2,
        0,
        4.833,
        0.4,
        0,
        6.4,
        -0.4,
        0,
        8.033,
        0.6,
        0,
        9.3,
        -0.6,
        0,
        9.933,
        0,
        2,
        11.333,
        0,
        2,
        11.967,
        0,
        0,
        12.7,
        0.316,
        0,
        14.4,
        -0.6,
        0,
        15,
        0,
        0,
        15.5,
        -0.28
      ]
    },
    {
      "Target": "Parameter",
      "Id": "ParamChestLY",
      "Segments": [
        0,
        -0.008,
        1,
        0.011,
        -0.007,
        0.022,
        -0.007,
        0.033,
        -0.006,
        1,
        0.044,
        -0.005,
        0.056,
        -0.004,
        0.067,
        0,
        1,
        0.245,
        0.062,
        0.422,
        0.106,
        0.6,
        0.2,
        1,
        0.7,
        0.253,
        0.8,
        0.478,
        0.9,
        0.478,
        0,
        1.367,
        -0.7,
        0,
        1.967,
        0,
        0,
        2.4,
        -0.5,
        0,
        3.3,
        -0.2,
        0,
        4.833,
        -0.5,
        2,
        6.4,
        -0.5,
        0,
        7.533,
        0,
        0,
        8.033,
        -0.3,
        0,
        8.467,
        -0.288,
        0,
        8.967,
        -0.58,
        0,
        9.633,
        0.013,
        0,
        10.6,
        -0.678,
        0,
        11.333,
        0,
        0,
        11.967,
        -0.518,
        1,
        12.211,
        -0.518,
        12.456,
        -0.249,
        12.7,
        0,
        1,
        12.989,
        0.295,
        13.278,
        0.358,
        13.567,
        0.358,
        0,
        14.4,
        0,
        2,
        15,
        0,
        1,
        15.167,
        0,
        15.333,
        -0.125,
        15.5,
        -0.18
      ]
    },
    {
      "Target": "Parameter",
      "Id": "ParamChestRX",
      "Segments": [
        0,
        0.005,
        1,
        0.022,
        0.002,
        0.045,
        0,
        0.067,
        0,
        2,
        0.6,
        0,
        2,
        1.967,
        0,
        2,
        2.4,
        0,
        0,
        3.3,
        -0.2,
        0,
        4.833,
        0.4,
        0,
        6.4,
        -0.4,
        1,
        6.778,
        -0.4,
        7.155,
        -0.032,
        7.533,
        0.4,
        1,
        7.7,
        0.591,
        7.866,
        0.6,
        8.033,
        0.6,
        0,
        9.3,
        -0.6,
        0,
        9.933,
        0,
        2,
        11.333,
        0,
        2,
        11.967,
        0,
        0,
        12.7,
        0.352,
        0,
        14.4,
        -0.6,
        0,
        15,
        0,
        0,
        15.5,
        -0.279
      ]
    },
    {
      "Target": "Parameter",
      "Id": "ParamChestRY",
      "Segments": [
        0,
        -0.008,
        1,
        0.011,
        -0.007,
        0.022,
        -0.007,
        0.033,
        -0.006,
        1,
        0.044,
        -0.005,
        0.056,
        -0.004,
        0.067,
        0,
        1,
        0.156,
        0.029,
        0.244,
        0.067,
        0.333,
        0.1,
        1,
        0.422,
        0.133,
        0.511,
        0.142,
        0.6,
        0.2,
        1,
        0.7,
        0.265,
        0.8,
        0.488,
        0.9,
        0.488,
        0,
        1.367,
        -0.7,
        0,
        1.967,
        0,
        0,
        2.4,
        -0.494,
        0,
        3.3,
        -0.2,
        0,
        4.833,
        -0.6,
        1,
        5.355,
        -0.6,
        5.878,
        -0.604,
        6.4,
        -0.5,
        1,
        6.778,
        -0.425,
        7.155,
        0,
        7.533,
        0,
        0,
        8.033,
        -0.3,
        0,
        8.467,
        -0.288,
        0,
        8.967,
        -0.562,
        0,
        9.633,
        -0.025,
        0,
        10.6,
        -0.7,
        0,
        11.333,
        0,
        0,
        11.967,
        -0.5,
        1,
        12.211,
        -0.5,
        12.456,
        -0.246,
        12.7,
        0,
        1,
        12.989,
        0.29,
        13.278,
        0.356,
        13.567,
        0.356,
        0,
        14.4,
        0,
        2,
        15,
        0,
        1,
        15.167,
        0,
        15.333,
        -0.125,
        15.5,
        -0.18
      ]
    },
    {
      "Target": "Parameter",
      "Id": "ParamAhoge",
      "Segments": [
        0,
        0.622,
        1,
        0.133,
        0.726,
        0.267,
        0.81,
        0.4,
        0.81,
        0,
        1,
        -0.639,
        0,
        1.633,
        0.915,
        0,
        2.133,
        0.275,
        0,
        2.533,
        0.414,
        0,
        3.1,
        0.178,
        0,
        3.733,
        0.371,
        0,
        5.067,
        0.107,
        0,
        5.9,
        0.371,
        0,
        6.333,
        0.344,
        0,
        6.6,
        0.35,
        0,
        7.333,
        0.173,
        0,
        8.267,
        0.509,
        0,
        9.267,
        0.246,
        0,
        9.767,
        0.287,
        0,
        10.4,
        0.138,
        0,
        11.033,
        0.202,
        0,
        12.833,
        -0.098,
        1,
        13.3,
        -0.098,
        13.766,
        0.133,
        14.233,
        0.178,
        1,
        14.489,
        0.202,
        14.744,
        0.199,
        15,
        0.208,
        1,
        15.011,
        0.209,
        15.022,
        0.209,
        15.033,
        0.209,
        1,
        15.189,
        0.209,
        15.344,
        0.207,
        15.5,
        0.15
      ]
    },
    {
      "Target": "Parameter",
      "Id": "ParamAhogeMo",
      "Segments": [
        0,
        0.036,
        2,
        0.033,
        0.036,
        0,
        0.233,
        -0.045,
        0,
        0.733,
        0.669,
        0,
        1.333,
        -0.968,
        0,
        1.933,
        0.468,
        0,
        2.433,
        -0.105,
        0,
        2.867,
        0.099,
        0,
        3.4,
        -0.136,
        0,
        4.133,
        0.112,
        0,
        5.467,
        -0.142,
        0,
        6.2,
        0.057,
        0,
        6.667,
        0.021,
        0,
        7.1,
        0.042,
        0,
        7.7,
        -0.157,
        0,
        8.6,
        0.147,
        0,
        9.5,
        -0.076,
        0,
        10.167,
        0.086,
        0,
        10.667,
        0.015,
        0,
        11.4,
        0.133,
        0,
        12.033,
        0.073,
        2,
        12.133,
        0.073,
        0,
        13.9,
        -0.088,
        1,
        14.267,
        -0.088,
        14.633,
        0.049,
        15,
        0.201,
        1,
        15.133,
        0.256,
        15.267,
        0.253,
        15.4,
        0.253,
        1,
        15.433,
        0.253,
        15.467,
        0.257,
        15.5,
        0.251
      ]
    },
    {
      "Target": "Parameter",
      "Id": "ParamHairFront",
      "Segments": [
        0,
        0.758,
        1,
        0.133,
        0.778,
        0.267,
        0.789,
        0.4,
        0.789,
        0,
        1.033,
        -0.411,
        0,
        1.667,
        0.932,
        0,
        2.2,
        0.385,
        0,
        2.6,
        0.473,
        0,
        3.167,
        0.274,
        0,
        3.767,
        0.416,
        0,
        5.067,
        0.185,
        0,
        5.967,
        0.436,
        0,
        6.367,
        0.421,
        0,
        6.633,
        0.425,
        0,
        7.4,
        0.275,
        0,
        8.333,
        0.573,
        0,
        9.667,
        0.331,
        2,
        9.733,
        0.331,
        0,
        10.467,
        0.154,
        0,
        11.033,
        0.214,
        0,
        12.8,
        -0.126,
        1,
        13.278,
        -0.126,
        13.755,
        0.02,
        14.233,
        0.244,
        1,
        14.489,
        0.363,
        14.744,
        0.397,
        15,
        0.397,
        1,
        15.167,
        0.397,
        15.333,
        0.387,
        15.5,
        0.252
      ]
    },
    {
      "Target": "Parameter",
      "Id": "ParamHairFrontMo",
      "Segments": [
        0,
        0,
        1,
        0.011,
        0.001,
        0.022,
        0.001,
        0.033,
        0.001,
        0,
        0.267,
        -0.112,
        0,
        0.8,
        0.676,
        0,
        1.433,
        -0.958,
        0,
        2,
        0.435,
        0,
        2.533,
        -0.082,
        0,
        2.967,
        0.094,
        0,
        3.533,
        -0.115,
        0,
        4.2,
        0.108,
        0,
        5.567,
        -0.137,
        0,
        6.267,
        0.044,
        0,
        6.733,
        0.016,
        0,
        7.167,
        0.052,
        0,
        7.8,
        -0.143,
        0,
        8.733,
        0.125,
        0,
        9.6,
        -0.039,
        0,
        10.2,
        0.097,
        0,
        10.8,
        0.001,
        0,
        11.467,
        0.139,
        0,
        13.767,
        -0.105,
        1,
        14.178,
        -0.105,
        14.589,
        0.06,
        15,
        0.459,
        1,
        15.144,
        0.599,
        15.289,
        0.713,
        15.433,
        0.713,
        1,
        15.455,
        0.713,
        15.478,
        0.721,
        15.5,
        0.71
      ]
    },
    {
      "Target": "Parameter",
      "Id": "ParamHairBack",
      "Segments": [
        0,
        0.655,
        1,
        0.1,
        0.668,
        0.2,
        0.676,
        0.3,
        0.676,
        0,
        0.8,
        0.098,
        0,
        1.567,
        0.875,
        0,
        1.9,
        0.522,
        0,
        2.233,
        0.678,
        0,
        3.1,
        0.484,
        2,
        3.133,
        0.484,
        2,
        3.167,
        0.484,
        0,
        3.367,
        0.488,
        0,
        3.5,
        0.487,
        0,
        3.533,
        0.488,
        0,
        4.9,
        0.32,
        0,
        5.833,
        0.499,
        0,
        6.033,
        0.491,
        0,
        6.533,
        0.535,
        0,
        7.2,
        0.473,
        0,
        8.2,
        0.596,
        0,
        8.367,
        0.594,
        0,
        8.667,
        0.602,
        0,
        10.667,
        0.195,
        0,
        10.9,
        0.2,
        0,
        12.767,
        -0.168,
        0,
        14.2,
        0.341,
        1,
        14.467,
        0.341,
        14.733,
        0.265,
        15,
        0.098,
        1,
        15.156,
        0,
        15.311,
        -0.056,
        15.467,
        -0.056,
        1,
        15.478,
        -0.056,
        15.489,
        -0.057,
        15.5,
        -0.055
      ]
    },
    {
      "Target": "Parameter",
      "Id": "ParamHairBackMo",
      "Segments": [
        0,
        -0.044,
        1,
        0.067,
        -0.09,
        0.133,
        -0.147,
        0.2,
        -0.147,
        0,
        0.5,
        0.311,
        0,
        0.933,
        -0.312,
        0,
        1.3,
        0.168,
        0,
        1.533,
        -0.064,
        0,
        1.767,
        0.213,
        0,
        2.067,
        -0.265,
        0,
        2.4,
        0.219,
        0,
        2.733,
        -0.129,
        0,
        3.033,
        0.058,
        0,
        3.367,
        -0.031,
        0,
        3.767,
        0.036,
        0,
        4.133,
        -0.024,
        0,
        4.467,
        0.018,
        0,
        4.767,
        -0.008,
        0,
        4.867,
        -0.006,
        0,
        5.133,
        -0.024,
        0,
        5.467,
        0.008,
        0,
        5.733,
        -0.016,
        0,
        5.967,
        0.029,
        0,
        6.3,
        -0.03,
        0,
        6.633,
        0.024,
        0,
        6.9,
        -0.009,
        0,
        7.1,
        0.024,
        0,
        7.4,
        -0.043,
        0,
        7.733,
        0.026,
        0,
        8,
        -0.027,
        0,
        8.3,
        0.026,
        0,
        8.6,
        -0.016,
        0,
        8.967,
        0.027,
        0,
        9.233,
        -0.023,
        0,
        9.533,
        0.039,
        0,
        9.8,
        -0.004,
        0,
        10,
        0.028,
        0,
        10.333,
        -0.031,
        0,
        10.633,
        0.009,
        0,
        10.9,
        -0.006,
        0,
        11.233,
        0.042,
        0,
        11.567,
        -0.027,
        0,
        11.9,
        0.029,
        0,
        12.267,
        -0.014,
        0,
        12.567,
        0.006,
        0,
        13.133,
        -0.037,
        0,
        13.4,
        -0.001,
        0,
        13.467,
        -0.004,
        2,
        13.5,
        -0.004,
        0,
        13.733,
        -0.019,
        0,
        14.133,
        0.023,
        0,
        14.667,
        0.005,
        1,
        14.778,
        0.005,
        14.889,
        0.03,
        15,
        0.055,
        1,
        15.078,
        0.073,
        15.155,
        0.076,
        15.233,
        0.076,
        1,
        15.322,
        0.076,
        15.411,
        0.03,
        15.5,
        -0.024
      ]
    },
    {
      "Target": "Parameter",
      "Id": "ParamHairBackFtB",
      "Segments": [
        0,
        -0.097,
        1,
        0.222,
        -0.156,
        0.445,
        -0.215,
        0.667,
        -0.215,
        0,
        1.067,
        1,
        0,
        1.9,
        -0.164,
        0,
        2.533,
        -0.014,
        0,
        3.233,
        -0.082,
        0,
        4.733,
        0.107,
        0,
        6.7,
        -0.089,
        0,
        7.9,
        0.109,
        0,
        9.033,
        -0.802,
        0,
        9.8,
        0.274,
        0,
        10.6,
        -0.06,
        0,
        11,
        0.278,
        0,
        11.7,
        -0.093,
        0,
        12.533,
        -0.011,
        0,
        12.967,
        -0.017,
        0,
        14.1,
        0.014,
        2,
        14.3,
        0.014,
        1,
        14.533,
        0.014,
        14.767,
        0.387,
        15,
        0.492,
        1,
        15.011,
        0.497,
        15.022,
        0.492,
        15.033,
        0.492,
        1,
        15.189,
        0.492,
        15.344,
        0.485,
        15.5,
        0.367
      ]
    },
    {
      "Target": "Parameter",
      "Id": "ParamShuiZhuChestL2",
      "Segments": [
        0,
        0,
        2,
        13.567,
        0,
        1,
        13.956,
        0.417,
        14.344,
        0.833,
        14.733,
        1.25,
        2,
        14.767,
        0,
        2,
        15,
        0,
        2,
        15.5,
        0
      ]
    },
    {
      "Target": "Parameter",
      "Id": "ParamShuiZhuChestL3",
      "Segments": [
        0,
        0,
        2,
        11.967,
        0,
        1,
        12.356,
        0.417,
        12.744,
        0.833,
        13.133,
        1.25,
        2,
        13.167,
        0,
        2,
        15,
        0,
        2,
        15.5,
        0
      ]
    },
    {
      "Target": "Parameter",
      "Id": "ParamShuiZhuChestL4",
      "Segments": [
        0,
        0,
        1,
        0.111,
        0.417,
        0.222,
        0.833,
        0.333,
        1.25,
        2,
        0.367,
        0,
        2,
        11.167,
        0,
        1,
        11.556,
        0.417,
        11.944,
        0.833,
        12.333,
        1.25,
        2,
        12.367,
        0,
        2,
        15,
        0,
        2,
        15.167,
        0,
        1,
        15.278,
        0.119,
        15.389,
        0.238,
        15.5,
        0.357
      ]
    },
    {
      "Target": "Parameter",
      "Id": "ParamShuiZhuChestL5",
      "Segments": [
        0,
        0,
        2,
        12.633,
        0,
        1,
        13.022,
        0.417,
        13.411,
        0.833,
        13.8,
        1.25,
        2,
        13.833,
        0,
        2,
        15,
        0,
        2,
        15.5,
        0
      ]
    },
    {
      "Target": "Parameter",
      "Id": "ParamShuiZhuChestL6",
      "Segments": [
        0,
        0,
        1,
        3.667,
        0.167,
        7.333,
        0.333,
        11,
        0.5,
        1,
        11.133,
        0.75,
        11.267,
        1,
        11.4,
        1.25,
        2,
        11.433,
        0,
        2,
        14.2,
        0,
        1,
        14.467,
        0.167,
        14.733,
        0.333,
        15,
        0.5,
        1,
        15.133,
        0.75,
        15.267,
        1,
        15.4,
        1.25,
        2,
        15.433,
        0,
        2,
        15.5,
        0
      ]
    },
    {
      "Target": "Parameter",
      "Id": "ParamShuiZhuChestL7",
      "Segments": [
        0,
        0,
        2,
        11.5,
        0,
        1,
        11.889,
        0.417,
        12.278,
        0.833,
        12.667,
        1.25,
        2,
        12.7,
        0,
        2,
        15,
        0,
        2,
        15.5,
        0
      ]
    },
    {
      "Target": "Parameter",
      "Id": "ParamShuiZhuChestR1",
      "Segments": [
        0,
        0,
        1,
        0.056,
        0.417,
        0.111,
        0.833,
        0.167,
        1.25,
        2,
        0.2,
        0,
        2,
        11,
        0,
        1,
        11.389,
        0.417,
        11.778,
        0.833,
        12.167,
        1.25,
        2,
        12.2,
        0,
        2,
        15,
        0,
        1,
        15.167,
        0.179,
        15.333,
        0.357,
        15.5,
        0.536
      ]
    },
    {
      "Target": "Parameter",
      "Id": "ParamShuiZhuChestR2",
      "Segments": [
        0,
        0,
        2,
        0.333,
        0,
        2,
        12.333,
        0,
        1,
        12.722,
        0.417,
        13.111,
        0.833,
        13.5,
        1.25,
        2,
        13.533,
        0,
        2,
        15,
        0,
        2,
        15.5,
        0
      ]
    },
    {
      "Target": "Parameter",
      "Id": "ParamShuiZhuChesrtR3",
      "Segments": [
        0,
        0,
        2,
        12.833,
        0,
        1,
        13.222,
        0.417,
        13.611,
        0.833,
        14,
        1.25,
        2,
        14.033,
        0,
        2,
        15,
        0,
        2,
        15.5,
        0
      ]
    },
    {
      "Target": "Parameter",
      "Id": "ParamShuiZhuChestR4",
      "Segments": [
        0,
        0,
        2,
        11.5,
        0,
        1,
        11.889,
        0.417,
        12.278,
        0.833,
        12.667,
        1.25,
        2,
        12.7,
        0,
        2,
        14.533,
        0,
        2,
        15,
        0,
        2,
        15.5,
        0
      ]
    },
    {
      "Target": "Parameter",
      "Id": "ParamShuiZhuChestR5",
      "Segments": [
        0,
        0,
        1,
        3.344,
        0.417,
        6.689,
        0.833,
        10.033,
        1.25,
        2,
        10.067,
        0,
        1,
        10.611,
        0.417,
        11.156,
        0.833,
        11.7,
        1.25,
        2,
        11.733,
        0,
        1,
        12.822,
        0.167,
        13.911,
        0.333,
        15,
        0.5,
        1,
        15.167,
        0.679,
        15.333,
        0.857,
        15.5,
        1.036
      ]
    },
    {
      "Target": "Parameter",
      "Id": "ParamShuiZhuChestR6",
      "Segments": [
        0,
        1.25,
        2,
        0.033,
        0,
        1,
        3.466,
        0.417,
        6.9,
        0.833,
        10.333,
        1.25,
        2,
        10.367,
        0,
        1,
        10.911,
        0.417,
        11.456,
        0.833,
        12,
        1.25,
        2,
        12.033,
        0,
        1,
        13.022,
        0.06,
        14.011,
        0.119,
        15,
        0.179,
        1,
        15.167,
        0.357,
        15.333,
        0.536,
        15.5,
        0.714
      ]
    },
    {
      "Target": "Parameter",
      "Id": "ParamWaterWenYao",
      "Segments": [
        0,
        0,
        2,
        11,
        0,
        2,
        15,
        0,
        1,
        15.167,
        0.222,
        15.333,
        0.445,
        15.5,
        0.667
      ]
    },
    {
      "Target": "Parameter",
      "Id": "ParamWaterBaseYaoX",
      "Segments": [
        0,
        9.49,
        1,
        3.167,
        6.372,
        6.333,
        -10,
        9.5,
        -10,
        0,
        11,
        10,
        0,
        12.5,
        -10,
        0,
        14,
        10,
        2,
        15,
        10,
        1,
        15.167,
        10,
        15.333,
        9.117,
        15.5,
        4.81
      ]
    },
    {
      "Target": "Parameter",
      "Id": "ParamWaterBaseYaoY",
      "Segments": [
        0,
        -9.971,
        1,
        3.422,
        -9.121,
        6.845,
        10,
        10.267,
        10,
        0,
        11.767,
        -10,
        0,
        13.267,
        10,
        0,
        14.767,
        -10,
        0,
        15,
        0.337,
        1,
        15.167,
        0.337,
        15.333,
        -5.78,
        15.5,
        -8.732
      ]
    },
    {
      "Target": "Parameter",
      "Id": "ParamCrossLight1",
      "Segments": [
        0,
        0.025,
        1,
        3.167,
        0.181,
        6.333,
        1,
        9.5,
        1,
        0,
        11,
        0,
        0,
        12.5,
        1,
        0,
        14,
        0,
        2,
        15,
        0,
        1,
        15.167,
        0,
        15.333,
        0.043,
        15.5,
        0.259
      ]
    },
    {
      "Target": "Parameter",
      "Id": "ParamCrossLight2",
      "Segments": [
        0,
        0.005,
        1,
        3.356,
        0.081,
        6.711,
        1,
        10.067,
        1,
        0,
        11.567,
        0,
        0,
        13.067,
        1,
        0,
        14.567,
        0,
        0,
        15,
        0.321,
        1,
        15.167,
        0.321,
        15.333,
        0.089,
        15.5,
        0.003
      ]
    },
    {
      "Target": "Parameter",
      "Id": "ParamCrossLight3",
      "Segments": [
        0,
        0.968,
        1,
        3.122,
        0.796,
        6.245,
        0,
        9.367,
        0,
        0,
        10.867,
        1,
        0,
        12.367,
        0,
        0,
        13.867,
        1,
        1,
        14.245,
        1,
        14.622,
        0.999,
        15,
        0.978,
        1,
        15.167,
        0.968,
        15.333,
        0.633,
        15.5,
        0.458
      ]
    },
    {
      "Target": "Parameter",
      "Id": "ParamGanLight",
      "Segments": [
        0,
        0.5,
        2,
        11,
        0.5,
        0,
        13.367,
        1,
        0,
        15,
        0.5,
        1,
        15.167,
        0.5,
        15.333,
        0.493,
        15.5,
        0.557
      ]
    },
    {
      "Target": "PartOpacity",
      "Id": "PartHandLNie",
      "Segments": [
        0,
        0,
        2,
        0.53,
        1,
        2,
        9.8,
        0,
        2,
        15.5,
        0
      ]
    },
    {
      "Target": "PartOpacity",
      "Id": "PartHandLPeng",
      "Segments": [
        0,
        0,
        2,
        9.8,
        0,
        2,
        15.5,
        0
      ]
    },
    {
      "Target": "PartOpacity",
      "Id": "PartHandLMove",
      "Segments": [
        0,
        0,
        2,
        0.53,
        1,
        2,
        9.8,
        0,
        2,
        15.5,
        0
      ]
    },
    {
      "Target": "PartOpacity",
      "Id": "PartHandLDefault",
      "Segments": [
        0,
        1,
        2,
        0.53,
        0,
        2,
        9.8,
        1,
        2,
        15.5,
        1
      ]
    },
    {
      "Target": "PartOpacity",
      "Id": "PartArmLMove",
      "Segments": [
        0,
        0,
        2,
        0.53,
        1,
        2,
        9.8,
        0,
        2,
        15.5,
        0
      ]
    },
    {
      "Target": "PartOpacity",
      "Id": "PartArmLDefault",
      "Segments": [
        0,
        1,
        2,
        0.53,
        0,
        2,
        9.8,
        1,
        2,
        15.5,
        1
      ]
    },
    {
      "Target": "Parameter",
      "Id": "ParamEyeBallScale",
      "Segments": [
        0,
        0,
        0,
        15.5,
        0
      ]
    },
    {
      "Target": "Parameter",
      "Id": "ParamUruUru",
      "Segments": [
        0,
        0,
        0,
        15.5,
        0
      ]
    },
    {
      "Target": "Parameter",
      "Id": "ParamBrowLX",
      "Segments": [
        0,
        0,
        0,
        15.5,
        0
      ]
    },
    {
      "Target": "Parameter",
      "Id": "ParamBrowLY",
      "Segments": [
        0,
        0,
        0,
        15.5,
        0
      ]
    },
    {
      "Target": "Parameter",
      "Id": "ParamBrowRX",
      "Segments": [
        0,
        0,
        0,
        15.5,
        0
      ]
    },
    {
      "Target": "Parameter",
      "Id": "ParamBrowRY",
      "Segments": [
        0,
        0,
        0,
        15.5,
        0
      ]
    },
    {
      "Target": "Parameter",
      "Id": "ParamBrowLAngle",
      "Segments": [
        0,
        0,
        0,
        15.5,
        0
      ]
    },
    {
      "Target": "Parameter",
      "Id": "ParamBrowRAngle",
      "Segments": [
        0,
        0,
        0,
        15.5,
        0
      ]
    },
    {
      "Target": "Parameter",
      "Id": "ParamBrowLForm",
      "Segments": [
        0,
        0,
        0,
        15.5,
        0
      ]
    },
    {
      "Target": "Parameter",
      "Id": "ParamBrowRForm",
      "Segments": [
        0,
        0,
        0,
        15.5,
        0
      ]
    },
    {
      "Target": "Parameter",
      "Id": "ParamMouthOpenY",
      "Segments": [
        0,
        0,
        0,
        15.5,
        0
      ]
    },
    {
      "Target": "Parameter",
      "Id": "ParamSheTouChu",
      "Segments": [
        0,
        0,
        0,
        15.5,
        0
      ]
    },
    {
      "Target": "Parameter",
      "Id": "ParamSheTouTian",
      "Segments": [
        0,
        0,
        0,
        15.5,
        0
      ]
    },
    {
      "Target": "Parameter",
      "Id": "ParamSheTou2RLayer",
      "Segments": [
        0,
        0,
        0,
        15.5,
        0
      ]
    },
    {
      "Target": "Parameter",
      "Id": "ParamCheek",
      "Segments": [
        0,
        0,
        0,
        15.5,
        0
      ]
    },
    {
      "Target": "Parameter",
      "Id": "ParamBodyAngleY",
      "Segments": [
        0,
        0,
        0,
        15.5,
        0
      ]
    },
    {
      "Target": "Parameter",
      "Id": "ParamBodyAngleZ",
      "Segments": [
        0,
        0,
        0,
        15.5,
        0
      ]
    },
    {
      "Target": "Parameter",
      "Id": "ParamBreath",
      "Segments": [
        0,
        0,
        0,
        15.5,
        0
      ]
    },
    {
      "Target": "Parameter",
      "Id": "ParamArmUpperLMoveLength",
      "Segments": [
        0,
        0,
        0,
        15.5,
        0
      ]
    },
    {
      "Target": "Parameter",
      "Id": "ParamArmUpperRMoveAngel",
      "Segments": [
        0,
        0,
        0,
        15.5,
        0
      ]
    },
    {
      "Target": "Parameter",
      "Id": "ParamArmUpperRMoveLength",
      "Segments": [
        0,
        0,
        0,
        15.5,
        0
      ]
    },
    {
      "Target": "Parameter",
      "Id": "ParamArmForeRMoveAngel",
      "Segments": [
        0,
        0,
        0,
        15.5,
        0
      ]
    },
    {
      "Target": "Parameter",
      "Id": "ParamArmForeRMoveLength",
      "Segments": [
        0,
        0,
        0,
        15.5,
        0
      ]
    },
    {
      "Target": "Parameter",
      "Id": "ParamHandRMoveAngel",
      "Segments": [
        0,
        0,
        0,
        15.5,
        0
      ]
    },
    {
      "Target": "Parameter",
      "Id": "ParamHandLNieDmzLayer",
      "Segments": [
        0,
        0,
        0,
        15.5,
        0
      ]
    },
    {
      "Target": "Parameter",
      "Id": "ParamDeng2",
      "Segments": [
        0,
        0,
        0,
        15.5,
        0
      ]
    },
    {
      "Target": "Parameter",
      "Id": "ParamDeng3",
      "Segments": [
        0,
        0,
        0,
        15.5,
        0
      ]
    },
    {
      "Target": "Parameter",
      "Id": "ParamArmForeLPengAlpha",
      "Segments": [
        0,
        0,
        0,
        15.5,
        0
      ]
    },
    {
      "Target": "Parameter",
      "Id": "ParamHandLDefaultAlpha",
      "Segments": [
        0,
        1,
        0,
        15.5,
        1
      ]
    },
    {
      "Target": "Parameter",
      "Id": "ParamHandLPengAlpha",
      "Segments": [
        0,
        0,
        0,
        15.5,
        0
      ]
    },
    {
      "Target": "Parameter",
      "Id": "ParamDeng4",
      "Segments": [
        0,
        0,
        0,
        15.5,
        0
      ]
    },
    {
      "Target": "Parameter",
      "Id": "ParamHandLNieZhi",
      "Segments": [
        0,
        0,
        0,
        15.5,
        0
      ]
    },
    {
      "Target": "Parameter",
      "Id": "ParamHandRGanLayer",
      "Segments": [
        0,
        0,
        0,
        15.5,
        0
      ]
    },
    {
      "Target": "Parameter",
      "Id": "ParamDeng5",
      "Segments": [
        0,
        0,
        0,
        15.5,
        0
      ]
    },
    {
      "Target": "Parameter",
      "Id": "ParamHandRDMZ",
      "Segments": [
        0,
        0,
        0,
        15.5,
        0
      ]
    },
    {
      "Target": "Parameter",
      "Id": "ParamHandRSZ",
      "Segments": [
        0,
        0,
        0,
        15.5,
        0
      ]
    },
    {
      "Target": "Parameter",
      "Id": "ParamHandRZZ",
      "Segments": [
        0,
        0,
        0,
        15.5,
        0
      ]
    },
    {
      "Target": "Parameter",
      "Id": "ParamHandRWMZ",
      "Segments": [
        0,
        0,
        0,
        15.5,
        0
      ]
    },
    {
      "Target": "Parameter",
      "Id": "ParamHandRXZ",
      "Segments": [
        0,
        0,
        0,
        15.5,
        0
      ]
    },
    {
      "Target": "Parameter",
      "Id": "ParamDeng6",
      "Segments": [
        0,
        0,
        0,
        15.5,
        0
      ]
    },
    {
      "Target": "Parameter",
      "Id": "ParamArmForeRMoveAlpha",
      "Segments": [
        0,
        1,
        0,
        15.5,
        1
      ]
    },
    {
      "Target": "Parameter",
      "Id": "ParamArmForeRPengAlpha",
      "Segments": [
        0,
        0,
        0,
        15.5,
        0
      ]
    },
    {
      "Target": "Parameter",
      "Id": "ParamHandRDefaultAlpha",
      "Segments": [
        0,
        1,
        0,
        15.5,
        1
      ]
    },
    {
      "Target": "Parameter",
      "Id": "ParamHandRMoveAlpha",
      "Segments": [
        0,
        0,
        0,
        15.5,
        0
      ]
    },
    {
      "Target": "Parameter",
      "Id": "ParamHandRPengAlpha",
      "Segments": [
        0,
        0,
        0,
        15.5,
        0
      ]
    },
    {
      "Target": "Parameter",
      "Id": "ParamDeng7",
      "Segments": [
        0,
        0,
        0,
        15.5,
        0
      ]
    },
    {
      "Target": "Parameter",
      "Id": "ParamLu",
      "Segments": [
        0,
        0,
        0,
        15.5,
        0
      ]
    },
    {
      "Target": "Parameter",
      "Id": "ParamLuPosition",
      "Segments": [
        0,
        0,
        0,
        15.5,
        0
      ]
    },
    {
      "Target": "Parameter",
      "Id": "ParamBodyUpperZheng",
      "Segments": [
        0,
        10,
        0,
        15.5,
        10
      ]
    },
    {
      "Target": "Parameter",
      "Id": "ParamChestPhysicX",
      "Segments": [
        0,
        0,
        0,
        15.5,
        0
      ]
    },
    {
      "Target": "Parameter",
      "Id": "ParamChestPhysicY",
      "Segments": [
        0,
        0,
        0,
        15.5,
        0
      ]
    },
    {
      "Target": "Parameter",
      "Id": "ParamHairSide",
      "Segments": [
        0,
        0,
        0,
        15.5,
        0
      ]
    },
    {
      "Target": "Parameter",
      "Id": "ParamHairAcce",
      "Segments": [
        0,
        0,
        0,
        15.5,
        0
      ]
    },
    {
      "Target": "Parameter",
      "Id": "ParamShuiZhuChestL1",
      "Segments": [
        0,
        0,
        0,
        15.5,
        0
      ]
    },
    {
      "Target": "Parameter",
      "Id": "ParamDeng1",
      "Segments": [
        0,
        0,
        0,
        15.5,
        0
      ]
    },
    {
      "Target": "Parameter",
      "Id": "ParamWuliBase",
      "Segments": [
        0,
        0,
        0,
        15.5,
        0
      ]
    },
    {
      "Target": "PartOpacity",
      "Id": "PartLoginParts",
      "Segments": [
        0,
        0,
        0,
        15.5,
        0
      ]
    },
    {
      "Target": "PartOpacity",
      "Id": "PartShuizhuDange",
      "Segments": [
        0,
        0,
        0,
        15.5,
        0
      ]
    },
    {
      "Target": "PartOpacity",
      "Id": "PartMask",
      "Segments": [
        0,
        0,
        0,
        15.5,
        0
      ]
    },
    {
      "Target": "PartOpacity",
      "Id": "PartHandLCongxia",
      "Segments": [
        0,
        0,
        0,
        15.5,
        0
      ]
    },
    {
      "Target": "PartOpacity",
      "Id": "PartHandLNakaiDuli",
      "Segments": [
        0,
        0,
        0,
        15.5,
        0
      ]
    },
    {
      "Target": "PartOpacity",
      "Id": "PartHandRPeng",
      "Segments": [
        0,
        0,
        0,
        15.5,
        0
      ]
    },
    {
      "Target": "PartOpacity",
      "Id": "PartHandRMove",
      "Segments": [
        0,
        0,
        0,
        15.5,
        0
      ]
    },
    {
      "Target": "PartOpacity",
      "Id": "PartHandRDefault",
      "Segments": [
        0,
        1,
        0,
        15.5,
        1
      ]
    },
    {
      "Target": "PartOpacity",
      "Id": "PartArmRMove",
      "Segments": [
        0,
        0,
        0,
        15.5,
        0
      ]
    },
    {
      "Target": "PartOpacity",
      "Id": "PartArmRDefault",
      "Segments": [
        0,
        1,
        0,
        15.5,
        1
      ]
    },
    {
      "Target": "PartOpacity",
      "Id": "PartAhogeShuai",
      "Segments": [
        0,
        0,
        0,
        15.5,
        0
      ]
    },
    {
      "Target": "PartOpacity",
      "Id": "PartHairFrontShuai",
      "Segments": [
        0,
        0,
        0,
        15.5,
        0
      ]
    },
    {
      "Target": "PartOpacity",
      "Id": "PartMouthKey",
      "Segments": [
        0,
        0,
        0,
        15.5,
        0
      ]
    },
    {
      "Target": "PartOpacity",
      "Id": "PartShaoziHan",
      "Segments": [
        0,
        0,
        0,
        15.5,
        0
      ]
    }
  ],
  "UserData": [
    {
      "Time": 0.0,
      "Value": ""
    },
    {
      "Time": 15.0,
      "Value": ""
    }
  ]
}