{
  "Version": 3,
  "Meta": {
    "Duration": 9.5,
    "Fps": 30.0,
    "Loop": true,
    "CurveCount": 140,
    "TotalSegmentCount": 676,
    "TotalPointCount": 1092,
    "UserDataCount": 2,
    "TotalUserDataSize": 0
  },
  "Curves": [
    {
      "Target": "Parameter",
      "Id": "ParamAngleX",
      "Segments": [
        0,
        2.112,
        1,
        0.211,
        -0.305,
        0.422,
        -15.485,
        0.633,
        -15.485,
        0,
        1.467,
        30,
        0,
        2.633,
        26.351,
        0,
        3.5,
        28.501,
        0,
        4.667,
        25.906,
        0,
        5.667,
        28.628,
        0,
        6.067,
        26.393,
        0,
        7.2,
        29.175,
        1,
        7.356,
        29.175,
        7.511,
        29.137,
        7.667,
        24.211,
        1,
        7.911,
        16.471,
        8.156,
        6.389,
        8.4,
        6.389,
        0,
        9,
        9.998,
        1,
        9.167,
        9.998,
        9.333,
        7.205,
        9.5,
        5.588
      ]
    },
    {
      "Target": "Parameter",
      "Id": "ParamAngleY",
      "Segments": [
        0,
        3.155,
        1,
        0.167,
        4.041,
        0.333,
        4.681,
        0.5,
        5.864,
        1,
        0.556,
        6.259,
        0.611,
        7.625,
        0.667,
        9.323,
        1,
        0.978,
        18.832,
        1.289,
        25,
        1.6,
        25,
        0,
        4.567,
        22.331,
        0,
        7.8,
        25.514,
        1,
        7.956,
        25.514,
        8.111,
        24.825,
        8.267,
        21.676,
        1,
        8.511,
        16.729,
        8.756,
        8.411,
        9,
        4.176,
        1,
        9.167,
        1.289,
        9.333,
        -0.433,
        9.5,
        -2.089
      ]
    },
    {
      "Target": "Parameter",
      "Id": "ParamAngleZ",
      "Segments": [
        0,
        17.845,
        1,
        0.167,
        19.131,
        0.333,
        20.428,
        0.5,
        21.854,
        1,
        0.567,
        22.424,
        0.633,
        22.954,
        0.7,
        23.599,
        1,
        1.133,
        27.792,
        1.567,
        29.996,
        2,
        29.996,
        0,
        4.533,
        17.491,
        0,
        6.1,
        29.676,
        1,
        6.578,
        29.676,
        7.055,
        20.01,
        7.533,
        9.925,
        1,
        7.789,
        4.53,
        8.044,
        4.196,
        8.3,
        4.196,
        0,
        9,
        7.683,
        1,
        9.167,
        7.683,
        9.333,
        3.9,
        9.5,
        1.152
      ]
    },
    {
      "Target": "Parameter",
      "Id": "ParamEyeLOpen",
      "Segments": [
        0,
        1,
        2,
        0.633,
        1,
        0,
        0.833,
        0.008,
        0,
        1,
        1,
        2,
        5.567,
        1,
        0,
        5.667,
        0,
        0,
        5.9,
        1,
        1,
        6.456,
        1,
        7.011,
        0.999,
        7.567,
        0.997,
        0,
        7.833,
        0,
        1,
        7.933,
        0,
        8.033,
        0.996,
        8.133,
        0.997,
        1,
        8.422,
        1,
        8.711,
        1,
        9,
        1,
        2,
        9.5,
        1
      ]
    },
    {
      "Target": "Parameter",
      "Id": "ParamEyeROpen",
      "Segments": [
        0,
        1,
        2,
        0.633,
        1,
        0,
        0.833,
        0.008,
        0,
        1,
        1,
        1,
        2.522,
        1,
        4.045,
        0.999,
        5.567,
        0.997,
        0,
        5.667,
        0,
        0,
        5.9,
        1,
        1,
        6.456,
        1,
        7.011,
        0.999,
        7.567,
        0.997,
        0,
        7.833,
        0,
        1,
        7.933,
        0,
        8.033,
        0.996,
        8.133,
        0.997,
        1,
        8.422,
        1,
        8.711,
        1,
        9,
        1,
        2,
        9.5,
        1
      ]
    },
    {
      "Target": "Parameter",
      "Id": "ParamEyeBallX",
      "Segments": [
        0,
        -0.144,
        1,
        0.2,
        -0.131,
        0.4,
        -0.118,
        0.6,
        -0.101,
        1,
        0.678,
        -0.095,
        0.755,
        1,
        0.833,
        1,
        1,
        3.166,
        1,
        5.5,
        0.991,
        7.833,
        0.973,
        1,
        7.866,
        0.973,
        7.9,
        0.151,
        7.933,
        0.034,
        1,
        7.966,
        -0.082,
        8,
        -0.178,
        8.033,
        -0.181,
        1,
        8.355,
        -0.21,
        8.678,
        -0.221,
        9,
        -0.221,
        1,
        9.167,
        -0.221,
        9.333,
        -0.128,
        9.5,
        -0.074
      ]
    },
    {
      "Target": "Parameter",
      "Id": "ParamEyeBallY",
      "Segments": [
        0,
        -0.065,
        1,
        0.4,
        -0.067,
        0.8,
        -0.07,
        1.2,
        -0.077,
        1,
        1.533,
        -0.083,
        1.867,
        -0.352,
        2.2,
        -0.355,
        1,
        4,
        -0.373,
        5.8,
        -0.377,
        7.6,
        -0.377,
        0,
        8.167,
        -0.064,
        2,
        9,
        -0.064,
        1,
        9.167,
        -0.064,
        9.333,
        -0.018,
        9.5,
        0.003
      ]
    },
    {
      "Target": "Parameter",
      "Id": "ParamBrowLForm",
      "Segments": [
        0,
        0,
        2,
        0.767,
        0,
        0,
        1.4,
        -1,
        2,
        6.167,
        -1,
        0,
        7.167,
        0,
        2,
        9,
        0,
        2,
        9.5,
        0
      ]
    },
    {
      "Target": "Parameter",
      "Id": "ParamBrowRForm",
      "Segments": [
        0,
        0,
        2,
        0.767,
        0,
        0,
        1.4,
        -1,
        2,
        6.167,
        -1,
        0,
        7.167,
        0,
        2,
        9,
        0,
        2,
        9.5,
        0
      ]
    },
    {
      "Target": "Parameter",
      "Id": "ParamBodyUpperZ",
      "Segments": [
        0,
        0.882,
        1,
        0.167,
        0.45,
        0.333,
        0.409,
        0.5,
        0,
        1,
        0.578,
        -0.191,
        0.655,
        -1.916,
        0.733,
        -1.916,
        0,
        1.167,
        -0.15,
        0,
        1.6,
        -0.637,
        0,
        2.767,
        4.517,
        0,
        4.2,
        -2.106,
        0,
        5.667,
        2.41,
        0,
        7.3,
        -3.214,
        1,
        7.456,
        -3.214,
        7.611,
        -0.587,
        7.767,
        0,
        1,
        7.956,
        0.713,
        8.144,
        0.673,
        8.333,
        0.673,
        0,
        9,
        -0.979,
        1,
        9.167,
        -0.979,
        9.333,
        1.199,
        9.5,
        2.377
      ]
    },
    {
      "Target": "Parameter",
      "Id": "ParamBodyUpperY",
      "Segments": [
        0,
        8.509,
        1,
        0.167,
        8.673,
        0.333,
        8.908,
        0.5,
        9.23,
        1,
        0.544,
        9.316,
        0.589,
        10,
        0.633,
        10,
        0,
        1.933,
        9.174,
        0,
        4.1,
        9.804,
        0,
        5.9,
        9.354,
        1,
        6.278,
        9.354,
        6.655,
        9.442,
        7.033,
        9.697,
        1,
        7.278,
        9.862,
        7.522,
        10,
        7.767,
        10,
        1,
        8.011,
        10,
        8.256,
        9.096,
        8.5,
        8.726,
        1,
        8.667,
        8.473,
        8.833,
        8.437,
        9,
        8.311,
        1,
        9.111,
        8.227,
        9.222,
        8.2,
        9.333,
        8.2,
        1,
        9.389,
        8.2,
        9.444,
        8.179,
        9.5,
        8.214
      ]
    },
    {
      "Target": "Parameter",
      "Id": "ParamBodyAngleX",
      "Segments": [
        0,
        0.883,
        1,
        0.167,
        0.451,
        0.333,
        0.41,
        0.5,
        0,
        1,
        0.578,
        -0.191,
        0.655,
        -1.907,
        0.733,
        -1.907,
        0,
        1.167,
        -0.128,
        0,
        1.6,
        -0.614,
        0,
        2.767,
        4.517,
        0,
        4.2,
        -2.086,
        0,
        5.667,
        2.418,
        0,
        7.3,
        -3.199,
        1,
        7.456,
        -3.199,
        7.611,
        -0.578,
        7.767,
        0.013,
        1,
        7.956,
        0.73,
        8.144,
        0.691,
        8.333,
        0.691,
        0,
        9,
        -0.972,
        1,
        9.167,
        -0.972,
        9.333,
        1.203,
        9.5,
        2.382
      ]
    },
    {
      "Target": "Parameter",
      "Id": "ParamBodyLowerY",
      "Segments": [
        0,
        7.029,
        1,
        0.167,
        8.019,
        0.333,
        10,
        0.5,
        10,
        0,
        0.933,
        8.808,
        0,
        1.567,
        9.36,
        0,
        3.833,
        4.321,
        0,
        4.767,
        8.922,
        0,
        6.033,
        4.304,
        1,
        6.355,
        4.304,
        6.678,
        7.183,
        7,
        8.348,
        1,
        7.211,
        9.11,
        7.422,
        8.963,
        7.633,
        8.963,
        1,
        8.089,
        8.963,
        8.544,
        8.745,
        9,
        8.036,
        1,
        9.167,
        7.777,
        9.333,
        7.077,
        9.5,
        6.736
      ]
    },
    {
      "Target": "Parameter",
      "Id": "ParamBodyLowerX",
      "Segments": [
        0,
        -0.289,
        1,
        0.167,
        -0.197,
        0.333,
        -0.102,
        0.5,
        0,
        1,
        0.544,
        0.027,
        0.589,
        1.053,
        0.633,
        1.053,
        0,
        2.233,
        -9.994,
        0,
        3.733,
        9.998,
        0,
        5.233,
        -10,
        0,
        6.2,
        1.235,
        0,
        6.967,
        -1.58,
        0,
        7.2,
        -0.927,
        0,
        8.467,
        -10,
        0,
        9,
        -9.548,
        0,
        9.3,
        -10,
        1,
        9.367,
        -10,
        9.433,
        -10.113,
        9.5,
        -9.912
      ]
    },
    {
      "Target": "Parameter",
      "Id": "ParamArmUpperLMoveAngel",
      "Segments": [
        0,
        0,
        2,
        0.5,
        0,
        0,
        0.667,
        2,
        1,
        0.922,
        2,
        1.178,
        -3.328,
        1.433,
        -4.05,
        1,
        1.689,
        -4.771,
        1.944,
        -4.647,
        2.2,
        -4.647,
        1,
        2.922,
        -4.647,
        3.645,
        -3.733,
        4.367,
        -3.627,
        1,
        4.967,
        -3.538,
        5.567,
        -3.562,
        6.167,
        -3.495,
        1,
        6.489,
        -3.459,
        6.811,
        1.15,
        7.133,
        1.15,
        0,
        7.767,
        0,
        2,
        9,
        0,
        2,
        9.5,
        0
      ]
    },
    {
      "Target": "Parameter",
      "Id": "ParamArmForeLMoveAngel",
      "Segments": [
        0,
        0,
        2,
        0.5,
        0,
        0,
        0.767,
        -3.972,
        1,
        1.056,
        -3.972,
        1.344,
        21.895,
        1.633,
        25.294,
        1,
        1.9,
        28.431,
        2.166,
        27.924,
        2.433,
        27.924,
        0,
        4.8,
        26.393,
        0,
        5.833,
        27.745,
        0,
        7.333,
        -2.064,
        0,
        7.767,
        0,
        2,
        9,
        0,
        2,
        9.5,
        0
      ]
    },
    {
      "Target": "Parameter",
      "Id": "ParamArmForeLMoveLength",
      "Segments": [
        0,
        0,
        2,
        0.5,
        0,
        2,
        0.767,
        0,
        0,
        1.3,
        -2.841,
        1,
        1.411,
        -2.841,
        1.522,
        1.193,
        1.633,
        1.785,
        1,
        1.9,
        3.204,
        2.166,
        4.481,
        2.433,
        5,
        1,
        2.911,
        5.929,
        3.389,
        6.083,
        3.867,
        6.083,
        1,
        4.522,
        6.083,
        5.178,
        6.129,
        5.833,
        5,
        1,
        6.333,
        4.139,
        6.833,
        0,
        7.333,
        0,
        2,
        7.767,
        0,
        2,
        9,
        0,
        2,
        9.5,
        0
      ]
    },
    {
      "Target": "Parameter",
      "Id": "ParamHandLMoveAngel",
      "Segments": [
        0,
        0,
        2,
        0.5,
        0,
        0,
        0.8,
        8.156,
        1,
        0.911,
        8.156,
        1.022,
        5.663,
        1.133,
        -1.841,
        1,
        1.278,
        -11.597,
        1.422,
        -30.642,
        1.567,
        -34.372,
        1,
        1.678,
        -37.242,
        1.789,
        -38.671,
        1.9,
        -39.406,
        1,
        2.111,
        -40.804,
        2.322,
        -41.032,
        2.533,
        -41.032,
        0,
        5.033,
        -39.277,
        0,
        5.933,
        -41.595,
        1,
        6.055,
        -41.595,
        6.178,
        -39.514,
        6.3,
        -33.563,
        1,
        6.511,
        -23.283,
        6.722,
        -4.789,
        6.933,
        -0.53,
        1,
        7.066,
        2.159,
        7.2,
        1.662,
        7.333,
        1.662,
        0,
        7.767,
        0,
        2,
        9,
        0,
        2,
        9.5,
        0
      ]
    },
    {
      "Target": "Parameter",
      "Id": "ParamHandLGanLayer",
      "Segments": [
        0,
        0,
        2,
        0.5,
        0,
        0,
        0.533,
        -1,
        2,
        7.1,
        -1,
        0,
        7.133,
        0,
        2,
        9,
        0,
        2,
        9.5,
        0
      ]
    },
    {
      "Target": "Parameter",
      "Id": "ParamHandLDefaultDMZ",
      "Segments": [
        0,
        0,
        2,
        0.133,
        0,
        1,
        0.3,
        0,
        0.466,
        0.56,
        0.633,
        1,
        1,
        0.933,
        1.792,
        1.233,
        2,
        1.533,
        2,
        2,
        6.067,
        2,
        1,
        6.478,
        2,
        6.889,
        1.518,
        7.3,
        0.7,
        1,
        7.556,
        0.191,
        7.811,
        0,
        8.067,
        0,
        2,
        9,
        0,
        2,
        9.5,
        0
      ]
    },
    {
      "Target": "Parameter",
      "Id": "ParamHandLDefaultSZ",
      "Segments": [
        0,
        0,
        2,
        0.133,
        0,
        1,
        0.3,
        0,
        0.466,
        0.56,
        0.633,
        1,
        1,
        0.933,
        1.792,
        1.233,
        2,
        1.533,
        2,
        2,
        6.067,
        2,
        1,
        6.478,
        2,
        6.889,
        1.518,
        7.3,
        0.7,
        1,
        7.556,
        0.191,
        7.811,
        0,
        8.067,
        0,
        2,
        9,
        0,
        2,
        9.5,
        0
      ]
    },
    {
      "Target": "Parameter",
      "Id": "ParamHandLDefaultZZ",
      "Segments": [
        0,
        0,
        2,
        0.133,
        0,
        1,
        0.3,
        0,
        0.466,
        0.56,
        0.633,
        1,
        1,
        0.933,
        1.792,
        1.233,
        2,
        1.533,
        2,
        2,
        6.067,
        2,
        1,
        6.478,
        2,
        6.889,
        1.518,
        7.3,
        0.7,
        1,
        7.556,
        0.191,
        7.811,
        0,
        8.067,
        0,
        2,
        9,
        0,
        2,
        9.5,
        0
      ]
    },
    {
      "Target": "Parameter",
      "Id": "ParamHandLDefaultWMZ",
      "Segments": [
        0,
        0,
        2,
        0.133,
        0,
        1,
        0.3,
        0,
        0.466,
        0.56,
        0.633,
        1,
        1,
        0.933,
        1.792,
        1.233,
        2,
        1.533,
        2,
        2,
        6.067,
        2,
        1,
        6.478,
        2,
        6.889,
        1.518,
        7.3,
        0.7,
        1,
        7.556,
        0.191,
        7.811,
        0,
        8.067,
        0,
        2,
        9,
        0,
        2,
        9.5,
        0
      ]
    },
    {
      "Target": "Parameter",
      "Id": "ParamHandLDefaultXZ",
      "Segments": [
        0,
        0,
        2,
        0.133,
        0,
        1,
        0.3,
        0,
        0.466,
        0.56,
        0.633,
        1,
        1,
        0.933,
        1.792,
        1.233,
        2,
        1.533,
        2,
        2,
        6.067,
        2,
        1,
        6.478,
        2,
        6.889,
        1.518,
        7.3,
        0.7,
        1,
        7.556,
        0.191,
        7.811,
        0,
        8.067,
        0,
        2,
        9,
        0,
        2,
        9.5,
        0
      ]
    },
    {
      "Target": "Parameter",
      "Id": "ParamArmForeLMoveAlpha",
      "Segments": [
        0,
        1,
        2,
        0.767,
        1,
        2,
        1.133,
        1,
        0,
        1.5,
        0,
        2,
        6.067,
        0,
        0,
        6.9,
        1,
        2,
        9,
        1,
        2,
        9.5,
        1
      ]
    },
    {
      "Target": "Parameter",
      "Id": "ParamArmForeLPengAlpha",
      "Segments": [
        0,
        0,
        2,
        0.767,
        0,
        0,
        1.167,
        1,
        2,
        6.9,
        1,
        0,
        7.3,
        0,
        2,
        9,
        0,
        2,
        9.5,
        0
      ]
    },
    {
      "Target": "Parameter",
      "Id": "ParamHandLMoveAlpha",
      "Segments": [
        0,
        1,
        2,
        0.5,
        1,
        2,
        1.133,
        1,
        0,
        1.367,
        0,
        2,
        5.833,
        0,
        0,
        6.267,
        1,
        2,
        9.5,
        1
      ]
    },
    {
      "Target": "Parameter",
      "Id": "ParamHandLPengAlpha",
      "Segments": [
        0,
        0,
        2,
        0.633,
        0,
        0,
        1.133,
        1,
        2,
        6.267,
        1,
        0,
        6.767,
        0,
        2,
        9,
        0,
        2,
        9.5,
        0
      ]
    },
    {
      "Target": "Parameter",
      "Id": "ParamChestSqueeze",
      "Segments": [
        0,
        0.821,
        1,
        0.133,
        0.872,
        0.267,
        1,
        0.4,
        1,
        2,
        6.9,
        1,
        0,
        8.167,
        0.875,
        2,
        9,
        0.875,
        1,
        9.167,
        0.875,
        9.333,
        0.832,
        9.5,
        0.813
      ]
    },
    {
      "Target": "Parameter",
      "Id": "ParamChestSqueezeL",
      "Segments": [
        0,
        1,
        2,
        1.033,
        1,
        1,
        1.422,
        0.526,
        1.811,
        0.486,
        2.2,
        0.486,
        1,
        2.922,
        0.486,
        3.645,
        0.577,
        4.367,
        0.754,
        1,
        5.045,
        0.92,
        5.722,
        1,
        6.4,
        1,
        2,
        9,
        1,
        2,
        9.5,
        1
      ]
    },
    {
      "Target": "Parameter",
      "Id": "ParamChestLX",
      "Segments": [
        0,
        -0.024,
        1,
        0.022,
        -0.03,
        0.045,
        -0.033,
        0.067,
        -0.033,
        0,
        0.3,
        0.008,
        0,
        0.467,
        0.004,
        1,
        0.489,
        0.004,
        0.511,
        0.009,
        0.533,
        0.036,
        1,
        0.678,
        0.205,
        0.822,
        0.3,
        0.967,
        0.3,
        0,
        1.567,
        -0.3,
        0,
        2.433,
        0.3,
        1,
        2.6,
        0.3,
        2.766,
        0.247,
        2.933,
        0.128,
        1,
        3.011,
        0.072,
        3.089,
        0.037,
        3.167,
        0.037,
        0,
        3.367,
        0.136,
        0,
        3.633,
        0.031,
        0,
        3.7,
        0.041,
        0,
        4.8,
        -0.223,
        0,
        5.2,
        -0.034,
        0,
        5.233,
        -0.035,
        1,
        5.411,
        -0.035,
        5.589,
        -0.033,
        5.767,
        -0.004,
        1,
        5.856,
        0.011,
        5.944,
        0.13,
        6.033,
        0.13,
        1,
        6.211,
        0.13,
        6.389,
        0.075,
        6.567,
        0,
        1,
        6.678,
        -0.047,
        6.789,
        -0.058,
        6.9,
        -0.058,
        0,
        7.1,
        0.054,
        0,
        7.3,
        -0.025,
        0,
        7.5,
        0.008,
        0,
        7.733,
        -0.009,
        0,
        7.967,
        0.002,
        1,
        8.122,
        0.002,
        8.278,
        0.007,
        8.433,
        -0.01,
        1,
        8.622,
        -0.031,
        8.811,
        -0.359,
        9,
        -0.359,
        1,
        9.167,
        -0.359,
        9.333,
        -0.37,
        9.5,
        -0.28
      ]
    },
    {
      "Target": "Parameter",
      "Id": "ParamChestLY",
      "Segments": [
        0,
        -0.009,
        1,
        0.011,
        -0.008,
        0.022,
        -0.007,
        0.033,
        -0.006,
        1,
        0.111,
        0.005,
        0.189,
        0.125,
        0.267,
        0.149,
        1,
        0.278,
        0.152,
        0.289,
        0.15,
        0.3,
        0.15,
        0,
        0.367,
        0.149,
        0,
        0.433,
        0.152,
        0,
        0.5,
        0.149,
        0,
        0.533,
        0.15,
        1,
        0.678,
        0.15,
        0.822,
        -0.128,
        0.967,
        -0.2,
        1,
        1.167,
        -0.3,
        1.367,
        -0.3,
        1.567,
        -0.3,
        1,
        1.856,
        -0.3,
        2.144,
        -0.108,
        2.433,
        0.1,
        1,
        2.522,
        0.164,
        2.611,
        0.156,
        2.7,
        0.156,
        0,
        2.8,
        0.153,
        0,
        4,
        0.209,
        0,
        4.267,
        0.194,
        2,
        4.3,
        0.194,
        0,
        4.433,
        0.19,
        2,
        4.467,
        0.19,
        0,
        4.5,
        0.187,
        2,
        4.533,
        0.187,
        0,
        4.667,
        0.18,
        2,
        4.7,
        0.18,
        0,
        4.9,
        0.171,
        0,
        4.933,
        0.172,
        0,
        5.133,
        0.162,
        2,
        5.167,
        0.162,
        0,
        5.3,
        0.155,
        0,
        5.333,
        0.156,
        0,
        5.367,
        0.152,
        2,
        5.4,
        0.152,
        0,
        5.933,
        -0.397,
        0,
        6.567,
        0.4,
        0,
        6.967,
        0.136,
        0,
        7.2,
        0.184,
        0,
        7.4,
        0.163,
        0,
        7.6,
        0.172,
        0,
        7.8,
        0.168,
        0,
        7.967,
        0.256,
        1,
        8.122,
        0.256,
        8.278,
        0.005,
        8.433,
        0,
        1,
        8.622,
        -0.006,
        8.811,
        -0.004,
        9,
        -0.01,
        1,
        9.167,
        -0.015,
        9.333,
        -0.138,
        9.5,
        -0.18
      ]
    },
    {
      "Target": "Parameter",
      "Id": "ParamChestRX",
      "Segments": [
        0,
        -0.024,
        1,
        0.022,
        -0.03,
        0.045,
        -0.033,
        0.067,
        -0.033,
        0,
        0.3,
        0.008,
        0,
        0.467,
        0.004,
        1,
        0.489,
        0.004,
        0.511,
        0.009,
        0.533,
        0.036,
        1,
        0.678,
        0.205,
        0.822,
        0.3,
        0.967,
        0.3,
        0,
        1.567,
        -0.3,
        0,
        2.433,
        0.3,
        1,
        2.6,
        0.3,
        2.766,
        0.247,
        2.933,
        0.128,
        1,
        3.011,
        0.072,
        3.089,
        0.037,
        3.167,
        0.037,
        0,
        3.367,
        0.136,
        0,
        3.633,
        0.031,
        0,
        3.7,
        0.041,
        0,
        4.8,
        -0.223,
        0,
        5.2,
        -0.034,
        0,
        5.233,
        -0.035,
        1,
        5.411,
        -0.035,
        5.589,
        -0.033,
        5.767,
        -0.004,
        1,
        5.856,
        0.011,
        5.944,
        0.13,
        6.033,
        0.13,
        1,
        6.211,
        0.13,
        6.389,
        0.075,
        6.567,
        0,
        1,
        6.678,
        -0.047,
        6.789,
        -0.058,
        6.9,
        -0.058,
        0,
        7.1,
        0.054,
        0,
        7.3,
        -0.025,
        0,
        7.5,
        0.008,
        0,
        7.733,
        -0.009,
        0,
        7.967,
        0.002,
        1,
        8.122,
        0.002,
        8.278,
        0.003,
        8.433,
        0,
        1,
        8.622,
        -0.004,
        8.811,
        -0.358,
        9,
        -0.358,
        1,
        9.167,
        -0.358,
        9.333,
        -0.369,
        9.5,
        -0.279
      ]
    },
    {
      "Target": "Parameter",
      "Id": "ParamChestRY",
      "Segments": [
        0,
        -0.009,
        1,
        0.011,
        -0.008,
        0.022,
        -0.007,
        0.033,
        -0.006,
        1,
        0.111,
        0.005,
        0.189,
        0.125,
        0.267,
        0.149,
        1,
        0.278,
        0.152,
        0.289,
        0.15,
        0.3,
        0.15,
        0,
        0.367,
        0.149,
        0,
        0.433,
        0.152,
        0,
        0.5,
        0.149,
        0,
        0.533,
        0.15,
        1,
        0.678,
        0.15,
        0.822,
        -0.128,
        0.967,
        -0.2,
        1,
        1.167,
        -0.3,
        1.367,
        -0.3,
        1.567,
        -0.3,
        0,
        2.433,
        0.2,
        1,
        2.522,
        0.2,
        2.611,
        0.169,
        2.7,
        0.156,
        1,
        2.733,
        0.151,
        2.767,
        0.153,
        2.8,
        0.153,
        0,
        4,
        0.209,
        0,
        4.267,
        0.194,
        2,
        4.3,
        0.194,
        0,
        4.433,
        0.19,
        2,
        4.467,
        0.19,
        0,
        4.5,
        0.187,
        2,
        4.533,
        0.187,
        0,
        4.667,
        0.18,
        2,
        4.7,
        0.18,
        0,
        4.9,
        0.171,
        0,
        4.933,
        0.172,
        0,
        5.133,
        0.162,
        2,
        5.167,
        0.162,
        0,
        5.3,
        0.155,
        0,
        5.333,
        0.156,
        0,
        5.367,
        0.152,
        2,
        5.4,
        0.152,
        0,
        5.933,
        -0.397,
        0,
        6.567,
        0.4,
        0,
        6.967,
        0.136,
        0,
        7.2,
        0.184,
        0,
        7.4,
        0.163,
        0,
        7.6,
        0.172,
        0,
        7.8,
        0.168,
        0,
        7.967,
        0.256,
        1,
        8.122,
        0.256,
        8.278,
        0.005,
        8.433,
        0,
        1,
        8.622,
        -0.006,
        8.811,
        -0.004,
        9,
        -0.01,
        1,
        9.167,
        -0.015,
        9.333,
        -0.137,
        9.5,
        -0.18
      ]
    },
    {
      "Target": "Parameter",
      "Id": "ParamAhoge",
      "Segments": [
        0,
        0.622,
        1,
        0.133,
        0.726,
        0.267,
        0.81,
        0.4,
        0.81,
        0,
        1,
        -0.639,
        0,
        1.633,
        0.915,
        0,
        2.133,
        0.275,
        0,
        2.533,
        0.414,
        0,
        3.1,
        0.178,
        0,
        3.733,
        0.371,
        0,
        5.067,
        0.107,
        1,
        5.522,
        0.107,
        5.978,
        0.158,
        6.433,
        0.246,
        1,
        6.6,
        0.278,
        6.766,
        0.287,
        6.933,
        0.287,
        0,
        7.567,
        0.138,
        1,
        7.778,
        0.138,
        7.989,
        0.199,
        8.2,
        0.202,
        1,
        8.467,
        0.206,
        8.733,
        0.206,
        9,
        0.208,
        0,
        9.033,
        0.209,
        1,
        9.189,
        0.209,
        9.344,
        0.207,
        9.5,
        0.15
      ]
    },
    {
      "Target": "Parameter",
      "Id": "ParamAhogeMo",
      "Segments": [
        0,
        0.036,
        2,
        0.033,
        0.036,
        0,
        0.233,
        -0.045,
        0,
        0.733,
        0.669,
        0,
        1.333,
        -0.968,
        0,
        1.933,
        0.468,
        0,
        2.433,
        -0.105,
        0,
        2.867,
        0.099,
        0,
        3.4,
        -0.136,
        0,
        4.133,
        0.112,
        0,
        5.467,
        -0.142,
        0,
        5.767,
        0.147,
        0,
        6.667,
        -0.076,
        0,
        7.333,
        0.086,
        0,
        7.833,
        0.015,
        1,
        8.078,
        0.015,
        8.322,
        0.076,
        8.567,
        0.133,
        1,
        8.711,
        0.166,
        8.856,
        0.173,
        9,
        0.201,
        1,
        9.133,
        0.227,
        9.267,
        0.253,
        9.4,
        0.253,
        1,
        9.433,
        0.253,
        9.467,
        0.261,
        9.5,
        0.251
      ]
    },
    {
      "Target": "Parameter",
      "Id": "ParamHairFront",
      "Segments": [
        0,
        0.758,
        1,
        0.133,
        0.778,
        0.267,
        0.789,
        0.4,
        0.789,
        0,
        1.033,
        -0.411,
        0,
        1.667,
        0.932,
        0,
        2.2,
        0.385,
        0,
        2.6,
        0.473,
        0,
        3.167,
        0.274,
        0,
        3.767,
        0.416,
        0,
        5.067,
        0.185,
        1,
        5.656,
        0.185,
        6.244,
        0.261,
        6.833,
        0.331,
        1,
        6.855,
        0.333,
        6.878,
        0.331,
        6.9,
        0.331,
        0,
        7.633,
        0.154,
        1,
        7.822,
        0.154,
        8.011,
        0.156,
        8.2,
        0.214,
        1,
        8.467,
        0.297,
        8.733,
        0.397,
        9,
        0.397,
        1,
        9.167,
        0.397,
        9.333,
        0.387,
        9.5,
        0.252
      ]
    },
    {
      "Target": "Parameter",
      "Id": "ParamHairFrontMo",
      "Segments": [
        0,
        0,
        1,
        0.011,
        0.001,
        0.022,
        0.001,
        0.033,
        0.001,
        0,
        0.267,
        -0.112,
        0,
        0.8,
        0.676,
        0,
        1.433,
        -0.958,
        0,
        2,
        0.435,
        0,
        2.533,
        -0.082,
        0,
        2.967,
        0.094,
        0,
        3.533,
        -0.115,
        0,
        4.2,
        0.108,
        0,
        5.567,
        -0.137,
        0,
        5.9,
        0.125,
        0,
        6.767,
        -0.039,
        0,
        7.367,
        0.097,
        0,
        7.967,
        0.001,
        1,
        8.189,
        0.001,
        8.411,
        0.026,
        8.633,
        0.139,
        1,
        8.755,
        0.201,
        8.878,
        0.335,
        9,
        0.459,
        1,
        9.144,
        0.605,
        9.289,
        0.713,
        9.433,
        0.713,
        1,
        9.455,
        0.713,
        9.478,
        0.729,
        9.5,
        0.71
      ]
    },
    {
      "Target": "Parameter",
      "Id": "ParamHairBack",
      "Segments": [
        0,
        0.655,
        1,
        0.1,
        0.668,
        0.2,
        0.676,
        0.3,
        0.676,
        0,
        0.8,
        0.098,
        0,
        1.567,
        0.875,
        0,
        1.9,
        0.522,
        0,
        2.233,
        0.678,
        0,
        3.1,
        0.484,
        2,
        3.133,
        0.484,
        2,
        3.167,
        0.484,
        0,
        3.367,
        0.488,
        0,
        3.5,
        0.487,
        0,
        3.533,
        0.488,
        0,
        4.9,
        0.32,
        0,
        5.833,
        0.602,
        0,
        7.833,
        0.195,
        0,
        8.067,
        0.2,
        1,
        8.378,
        0.2,
        8.689,
        0.186,
        9,
        0.098,
        1,
        9.156,
        0.054,
        9.311,
        -0.056,
        9.467,
        -0.056,
        1,
        9.478,
        -0.056,
        9.489,
        -0.057,
        9.5,
        -0.055
      ]
    },
    {
      "Target": "Parameter",
      "Id": "ParamHairBackMo",
      "Segments": [
        0,
        -0.044,
        1,
        0.067,
        -0.09,
        0.133,
        -0.147,
        0.2,
        -0.147,
        0,
        0.5,
        0.311,
        0,
        0.933,
        -0.312,
        0,
        1.3,
        0.168,
        0,
        1.533,
        -0.064,
        0,
        1.767,
        0.213,
        0,
        2.067,
        -0.265,
        0,
        2.4,
        0.219,
        0,
        2.733,
        -0.129,
        0,
        3.033,
        0.058,
        0,
        3.367,
        -0.031,
        0,
        3.767,
        0.036,
        0,
        4.133,
        -0.024,
        0,
        4.467,
        0.018,
        0,
        4.767,
        -0.008,
        0,
        4.867,
        -0.006,
        0,
        5.133,
        -0.024,
        0,
        5.467,
        0.008,
        1,
        5.556,
        0.008,
        5.644,
        -0.013,
        5.733,
        -0.016,
        2,
        5.767,
        -0.016,
        0,
        6.133,
        0.027,
        0,
        6.4,
        -0.023,
        0,
        6.7,
        0.039,
        0,
        6.967,
        -0.004,
        0,
        7.167,
        0.028,
        0,
        7.5,
        -0.031,
        0,
        7.8,
        0.009,
        0,
        8.067,
        -0.006,
        0,
        8.4,
        0.042,
        0,
        8.733,
        -0.027,
        1,
        8.822,
        -0.027,
        8.911,
        0.03,
        9,
        0.055,
        1,
        9.078,
        0.077,
        9.155,
        0.076,
        9.233,
        0.076,
        1,
        9.322,
        0.076,
        9.411,
        0.03,
        9.5,
        -0.024
      ]
    },
    {
      "Target": "Parameter",
      "Id": "ParamHairBackFtB",
      "Segments": [
        0,
        -0.097,
        1,
        0.222,
        -0.156,
        0.445,
        -0.215,
        0.667,
        -0.215,
        0,
        1.067,
        1,
        0,
        1.9,
        -0.164,
        0,
        2.533,
        -0.014,
        0,
        3.233,
        -0.082,
        0,
        4.733,
        0.107,
        0,
        6.2,
        -0.802,
        0,
        6.967,
        0.274,
        0,
        7.767,
        -0.06,
        0,
        8.167,
        0.278,
        0,
        8.6,
        0.197,
        0,
        9.033,
        0.492,
        1,
        9.189,
        0.492,
        9.344,
        0.485,
        9.5,
        0.367
      ]
    },
    {
      "Target": "Parameter",
      "Id": "ParamShuiZhuChestL4",
      "Segments": [
        0,
        0,
        1,
        0.111,
        0.417,
        0.222,
        0.833,
        0.333,
        1.25,
        2,
        0.367,
        0,
        2,
        8.333,
        0,
        2,
        9,
        0,
        2,
        9.167,
        0,
        1,
        9.278,
        0.119,
        9.389,
        0.238,
        9.5,
        0.357
      ]
    },
    {
      "Target": "Parameter",
      "Id": "ParamShuiZhuChestL6",
      "Segments": [
        0,
        0,
        1,
        2.722,
        0.167,
        5.445,
        0.333,
        8.167,
        0.5,
        1,
        8.3,
        0.75,
        8.434,
        1,
        8.567,
        1.25,
        2,
        8.6,
        0,
        1,
        8.733,
        0.167,
        8.867,
        0.333,
        9,
        0.5,
        1,
        9.133,
        0.75,
        9.267,
        1,
        9.4,
        1.25,
        2,
        9.433,
        0,
        2,
        9.5,
        0
      ]
    },
    {
      "Target": "Parameter",
      "Id": "ParamShuiZhuChestR1",
      "Segments": [
        0,
        0,
        1,
        0.056,
        0.417,
        0.111,
        0.833,
        0.167,
        1.25,
        2,
        0.2,
        0,
        2,
        8.167,
        0,
        2,
        9,
        0,
        1,
        9.167,
        0.179,
        9.333,
        0.357,
        9.5,
        0.536
      ]
    },
    {
      "Target": "Parameter",
      "Id": "ParamShuiZhuChestR5",
      "Segments": [
        0,
        0,
        1,
        2.4,
        0.417,
        4.8,
        0.833,
        7.2,
        1.25,
        2,
        7.233,
        0,
        1,
        7.778,
        0.417,
        8.322,
        0.833,
        8.867,
        1.25,
        2,
        8.9,
        0,
        1,
        8.933,
        0.167,
        8.967,
        0.333,
        9,
        0.5,
        1,
        9.167,
        0.679,
        9.333,
        0.857,
        9.5,
        1.036
      ]
    },
    {
      "Target": "Parameter",
      "Id": "ParamShuiZhuChestR6",
      "Segments": [
        0,
        1.25,
        2,
        0.033,
        0,
        1,
        2.522,
        0.417,
        5.011,
        0.833,
        7.5,
        1.25,
        2,
        7.533,
        0,
        1,
        8.022,
        0.06,
        8.511,
        0.119,
        9,
        0.179,
        1,
        9.167,
        0.357,
        9.333,
        0.536,
        9.5,
        0.714
      ]
    },
    {
      "Target": "Parameter",
      "Id": "ParamWaterWenYao",
      "Segments": [
        0,
        0,
        2,
        8.167,
        0,
        2,
        9,
        0,
        1,
        9.167,
        0.222,
        9.333,
        0.445,
        9.5,
        0.667
      ]
    },
    {
      "Target": "Parameter",
      "Id": "ParamWaterBaseYaoX",
      "Segments": [
        0,
        9.068,
        1,
        2.222,
        5.123,
        4.445,
        -10,
        6.667,
        -10,
        0,
        8.167,
        10,
        2,
        9,
        10,
        1,
        9.167,
        10,
        9.333,
        9.117,
        9.5,
        4.81
      ]
    },
    {
      "Target": "Parameter",
      "Id": "ParamWaterBaseYaoY",
      "Segments": [
        0,
        -9.946,
        1,
        2.478,
        -8.801,
        4.955,
        10,
        7.433,
        10,
        0,
        8.933,
        -10,
        0,
        9,
        0.337,
        1,
        9.167,
        0.337,
        9.333,
        -5.78,
        9.5,
        -8.732
      ]
    },
    {
      "Target": "Parameter",
      "Id": "ParamCrossLight1",
      "Segments": [
        0,
        0.047,
        1,
        2.222,
        0.244,
        4.445,
        1,
        6.667,
        1,
        0,
        8.167,
        0,
        2,
        9,
        0,
        1,
        9.167,
        0,
        9.333,
        0.043,
        9.5,
        0.259
      ]
    },
    {
      "Target": "Parameter",
      "Id": "ParamCrossLight2",
      "Segments": [
        0,
        0.009,
        1,
        2.411,
        0.11,
        4.822,
        1,
        7.233,
        1,
        0,
        8.733,
        0,
        0,
        9,
        0.321,
        1,
        9.167,
        0.321,
        9.333,
        0.089,
        9.5,
        0.003
      ]
    },
    {
      "Target": "Parameter",
      "Id": "ParamCrossLight3",
      "Segments": [
        0,
        0.941,
        1,
        2.178,
        0.726,
        4.355,
        0,
        6.533,
        0,
        0,
        8.033,
        1,
        1,
        8.355,
        1,
        8.678,
        1,
        9,
        0.978,
        1,
        9.167,
        0.966,
        9.333,
        0.633,
        9.5,
        0.458
      ]
    },
    {
      "Target": "Parameter",
      "Id": "ParamGanLight",
      "Segments": [
        0,
        0.5,
        2,
        8.167,
        0.5,
        2,
        9,
        0.5,
        1,
        9.167,
        0.5,
        9.333,
        0.493,
        9.5,
        0.557
      ]
    },
    {
      "Target": "PartOpacity",
      "Id": "PartHandLPeng",
      "Segments": [
        0,
        0,
        2,
        0.53,
        1,
        2,
        7.77,
        0,
        2,
        9.5,
        0
      ]
    },
    {
      "Target": "PartOpacity",
      "Id": "PartHandLMove",
      "Segments": [
        0,
        0,
        2,
        0.53,
        1,
        2,
        7.77,
        0,
        2,
        9.5,
        0
      ]
    },
    {
      "Target": "PartOpacity",
      "Id": "PartHandLDefault",
      "Segments": [
        0,
        1,
        2,
        0.53,
        0,
        2,
        7.77,
        1,
        2,
        9.5,
        1
      ]
    },
    {
      "Target": "PartOpacity",
      "Id": "PartArmLMove",
      "Segments": [
        0,
        0,
        2,
        0.53,
        1,
        2,
        7.77,
        0,
        2,
        9.5,
        0
      ]
    },
    {
      "Target": "PartOpacity",
      "Id": "PartArmLDefault",
      "Segments": [
        0,
        1,
        2,
        0.53,
        0,
        2,
        7.77,
        1,
        2,
        9.5,
        1
      ]
    },
    {
      "Target": "Parameter",
      "Id": "ParamEyeLSmile",
      "Segments": [
        0,
        0,
        0,
        9.5,
        0
      ]
    },
    {
      "Target": "Parameter",
      "Id": "ParamEyeRSmile",
      "Segments": [
        0,
        0,
        0,
        9.5,
        0
      ]
    },
    {
      "Target": "Parameter",
      "Id": "ParamEyeBallScale",
      "Segments": [
        0,
        0,
        0,
        9.5,
        0
      ]
    },
    {
      "Target": "Parameter",
      "Id": "ParamUruUru",
      "Segments": [
        0,
        0,
        0,
        9.5,
        0
      ]
    },
    {
      "Target": "Parameter",
      "Id": "ParamBrowLX",
      "Segments": [
        0,
        0,
        0,
        9.5,
        0
      ]
    },
    {
      "Target": "Parameter",
      "Id": "ParamBrowLY",
      "Segments": [
        0,
        0,
        0,
        9.5,
        0
      ]
    },
    {
      "Target": "Parameter",
      "Id": "ParamBrowRX",
      "Segments": [
        0,
        0,
        0,
        9.5,
        0
      ]
    },
    {
      "Target": "Parameter",
      "Id": "ParamBrowRY",
      "Segments": [
        0,
        0,
        0,
        9.5,
        0
      ]
    },
    {
      "Target": "Parameter",
      "Id": "ParamBrowLAngle",
      "Segments": [
        0,
        0,
        0,
        9.5,
        0
      ]
    },
    {
      "Target": "Parameter",
      "Id": "ParamBrowRAngle",
      "Segments": [
        0,
        0,
        0,
        9.5,
        0
      ]
    },
    {
      "Target": "Parameter",
      "Id": "ParamBrowLStyle1",
      "Segments": [
        0,
        0,
        0,
        9.5,
        0
      ]
    },
    {
      "Target": "Parameter",
      "Id": "ParamBrowRStyle1",
      "Segments": [
        0,
        0,
        0,
        9.5,
        0
      ]
    },
    {
      "Target": "Parameter",
      "Id": "ParamMouthForm",
      "Segments": [
        0,
        0,
        0,
        9.5,
        0
      ]
    },
    {
      "Target": "Parameter",
      "Id": "ParamMouthOpenY",
      "Segments": [
        0,
        0,
        0,
        9.5,
        0
      ]
    },
    {
      "Target": "Parameter",
      "Id": "ParamSheTouChu",
      "Segments": [
        0,
        0,
        0,
        9.5,
        0
      ]
    },
    {
      "Target": "Parameter",
      "Id": "ParamSheTouTian",
      "Segments": [
        0,
        0,
        0,
        9.5,
        0
      ]
    },
    {
      "Target": "Parameter",
      "Id": "ParamSheTou2RLayer",
      "Segments": [
        0,
        0,
        0,
        9.5,
        0
      ]
    },
    {
      "Target": "Parameter",
      "Id": "ParamCheek",
      "Segments": [
        0,
        0,
        0,
        9.5,
        0
      ]
    },
    {
      "Target": "Parameter",
      "Id": "ParamBodyAngleY",
      "Segments": [
        0,
        0,
        0,
        9.5,
        0
      ]
    },
    {
      "Target": "Parameter",
      "Id": "ParamBodyAngleZ",
      "Segments": [
        0,
        0,
        0,
        9.5,
        0
      ]
    },
    {
      "Target": "Parameter",
      "Id": "ParamBreath",
      "Segments": [
        0,
        0,
        0,
        9.5,
        0
      ]
    },
    {
      "Target": "Parameter",
      "Id": "ParamArmUpperLMoveLength",
      "Segments": [
        0,
        0,
        0,
        9.5,
        0
      ]
    },
    {
      "Target": "Parameter",
      "Id": "ParamArmUpperRMoveAngel",
      "Segments": [
        0,
        0,
        0,
        9.5,
        0
      ]
    },
    {
      "Target": "Parameter",
      "Id": "ParamArmUpperRMoveLength",
      "Segments": [
        0,
        0,
        0,
        9.5,
        0
      ]
    },
    {
      "Target": "Parameter",
      "Id": "ParamArmForeRMoveAngel",
      "Segments": [
        0,
        0,
        0,
        9.5,
        0
      ]
    },
    {
      "Target": "Parameter",
      "Id": "ParamArmForeRMoveLength",
      "Segments": [
        0,
        0,
        0,
        9.5,
        0
      ]
    },
    {
      "Target": "Parameter",
      "Id": "ParamHandRMoveAngel",
      "Segments": [
        0,
        0,
        0,
        9.5,
        0
      ]
    },
    {
      "Target": "Parameter",
      "Id": "ParamHandLNieDmzLayer",
      "Segments": [
        0,
        0,
        0,
        9.5,
        0
      ]
    },
    {
      "Target": "Parameter",
      "Id": "ParamDeng2",
      "Segments": [
        0,
        0,
        0,
        9.5,
        0
      ]
    },
    {
      "Target": "Parameter",
      "Id": "ParamDeng3",
      "Segments": [
        0,
        0,
        0,
        9.5,
        0
      ]
    },
    {
      "Target": "Parameter",
      "Id": "ParamArmForeLNieAlpha",
      "Segments": [
        0,
        0,
        0,
        9.5,
        0
      ]
    },
    {
      "Target": "Parameter",
      "Id": "ParamHandLDefaultAlpha",
      "Segments": [
        0,
        1,
        0,
        9.5,
        1
      ]
    },
    {
      "Target": "Parameter",
      "Id": "ParamHandLNieAlpha",
      "Segments": [
        0,
        0,
        0,
        9.5,
        0
      ]
    },
    {
      "Target": "Parameter",
      "Id": "ParamDeng4",
      "Segments": [
        0,
        0,
        0,
        9.5,
        0
      ]
    },
    {
      "Target": "Parameter",
      "Id": "ParamHandLMoveToNietoNakai2",
      "Segments": [
        0,
        0,
        0,
        9.5,
        0
      ]
    },
    {
      "Target": "Parameter",
      "Id": "ParamHandLNieZhi",
      "Segments": [
        0,
        0,
        0,
        9.5,
        0
      ]
    },
    {
      "Target": "Parameter",
      "Id": "ParamHandRGanLayer",
      "Segments": [
        0,
        0,
        0,
        9.5,
        0
      ]
    },
    {
      "Target": "Parameter",
      "Id": "ParamDeng5",
      "Segments": [
        0,
        0,
        0,
        9.5,
        0
      ]
    },
    {
      "Target": "Parameter",
      "Id": "ParamHandRDMZ",
      "Segments": [
        0,
        0,
        0,
        9.5,
        0
      ]
    },
    {
      "Target": "Parameter",
      "Id": "ParamHandRSZ",
      "Segments": [
        0,
        0,
        0,
        9.5,
        0
      ]
    },
    {
      "Target": "Parameter",
      "Id": "ParamHandRZZ",
      "Segments": [
        0,
        0,
        0,
        9.5,
        0
      ]
    },
    {
      "Target": "Parameter",
      "Id": "ParamHandRWMZ",
      "Segments": [
        0,
        0,
        0,
        9.5,
        0
      ]
    },
    {
      "Target": "Parameter",
      "Id": "ParamHandRXZ",
      "Segments": [
        0,
        0,
        0,
        9.5,
        0
      ]
    },
    {
      "Target": "Parameter",
      "Id": "ParamDeng6",
      "Segments": [
        0,
        0,
        0,
        9.5,
        0
      ]
    },
    {
      "Target": "Parameter",
      "Id": "ParamArmForeRMoveAlpha",
      "Segments": [
        0,
        1,
        0,
        9.5,
        1
      ]
    },
    {
      "Target": "Parameter",
      "Id": "ParamArmForeRPengAlpha",
      "Segments": [
        0,
        0,
        0,
        9.5,
        0
      ]
    },
    {
      "Target": "Parameter",
      "Id": "ParamHandRDefaultAlpha",
      "Segments": [
        0,
        1,
        0,
        9.5,
        1
      ]
    },
    {
      "Target": "Parameter",
      "Id": "ParamHandRMoveAlpha",
      "Segments": [
        0,
        0,
        0,
        9.5,
        0
      ]
    },
    {
      "Target": "Parameter",
      "Id": "ParamHandRPengAlpha",
      "Segments": [
        0,
        0,
        0,
        9.5,
        0
      ]
    },
    {
      "Target": "Parameter",
      "Id": "ParamDeng7",
      "Segments": [
        0,
        0,
        0,
        9.5,
        0
      ]
    },
    {
      "Target": "Parameter",
      "Id": "ParamLu",
      "Segments": [
        0,
        0,
        0,
        9.5,
        0
      ]
    },
    {
      "Target": "Parameter",
      "Id": "ParamLuPosition",
      "Segments": [
        0,
        0,
        0,
        9.5,
        0
      ]
    },
    {
      "Target": "Parameter",
      "Id": "ParamBodyUpperZheng",
      "Segments": [
        0,
        10,
        0,
        9.5,
        10
      ]
    },
    {
      "Target": "Parameter",
      "Id": "ParamChestPhysicX",
      "Segments": [
        0,
        0,
        0,
        9.5,
        0
      ]
    },
    {
      "Target": "Parameter",
      "Id": "ParamChestPhysicY",
      "Segments": [
        0,
        0,
        0,
        9.5,
        0
      ]
    },
    {
      "Target": "Parameter",
      "Id": "ParamHairSide",
      "Segments": [
        0,
        0,
        0,
        9.5,
        0
      ]
    },
    {
      "Target": "Parameter",
      "Id": "ParamHairAcce",
      "Segments": [
        0,
        0,
        0,
        9.5,
        0
      ]
    },
    {
      "Target": "Parameter",
      "Id": "ParamShuiZhuChestL1",
      "Segments": [
        0,
        0,
        0,
        9.5,
        0
      ]
    },
    {
      "Target": "Parameter",
      "Id": "ParamShuiZhuChestL2",
      "Segments": [
        0,
        0,
        0,
        9.5,
        0
      ]
    },
    {
      "Target": "Parameter",
      "Id": "ParamShuiZhuChestL3",
      "Segments": [
        0,
        0,
        0,
        9.5,
        0
      ]
    },
    {
      "Target": "Parameter",
      "Id": "ParamShuiZhuChestL5",
      "Segments": [
        0,
        0,
        0,
        9.5,
        0
      ]
    },
    {
      "Target": "Parameter",
      "Id": "ParamShuiZhuChestL7",
      "Segments": [
        0,
        0,
        0,
        9.5,
        0
      ]
    },
    {
      "Target": "Parameter",
      "Id": "ParamDeng1",
      "Segments": [
        0,
        0,
        0,
        9.5,
        0
      ]
    },
    {
      "Target": "Parameter",
      "Id": "ParamShuiZhuChestR2",
      "Segments": [
        0,
        0,
        0,
        9.5,
        0
      ]
    },
    {
      "Target": "Parameter",
      "Id": "ParamShuiZhuChesrtR3",
      "Segments": [
        0,
        0,
        0,
        9.5,
        0
      ]
    },
    {
      "Target": "Parameter",
      "Id": "ParamShuiZhuChestR4",
      "Segments": [
        0,
        0,
        0,
        9.5,
        0
      ]
    },
    {
      "Target": "Parameter",
      "Id": "ParamWuliBase",
      "Segments": [
        0,
        0,
        0,
        9.5,
        0
      ]
    },
    {
      "Target": "PartOpacity",
      "Id": "PartLoginParts",
      "Segments": [
        0,
        0,
        0,
        9.5,
        0
      ]
    },
    {
      "Target": "PartOpacity",
      "Id": "PartShuizhuDange",
      "Segments": [
        0,
        0,
        0,
        9.5,
        0
      ]
    },
    {
      "Target": "PartOpacity",
      "Id": "PartMask",
      "Segments": [
        0,
        0,
        0,
        9.5,
        0
      ]
    },
    {
      "Target": "PartOpacity",
      "Id": "PartHandLCongxia",
      "Segments": [
        0,
        0,
        0,
        9.5,
        0
      ]
    },
    {
      "Target": "PartOpacity",
      "Id": "PartHandLNakaiDuli",
      "Segments": [
        0,
        0,
        0,
        9.5,
        0
      ]
    },
    {
      "Target": "PartOpacity",
      "Id": "PartHandLNie",
      "Segments": [
        0,
        0,
        0,
        9.5,
        0
      ]
    },
    {
      "Target": "PartOpacity",
      "Id": "PartHandRPeng",
      "Segments": [
        0,
        0,
        0,
        9.5,
        0
      ]
    },
    {
      "Target": "PartOpacity",
      "Id": "PartHandRMove",
      "Segments": [
        0,
        0,
        0,
        9.5,
        0
      ]
    },
    {
      "Target": "PartOpacity",
      "Id": "PartHandRDefault",
      "Segments": [
        0,
        1,
        0,
        9.5,
        1
      ]
    },
    {
      "Target": "PartOpacity",
      "Id": "PartArmRMove",
      "Segments": [
        0,
        0,
        0,
        9.5,
        0
      ]
    },
    {
      "Target": "PartOpacity",
      "Id": "PartArmRDefault",
      "Segments": [
        0,
        1,
        0,
        9.5,
        1
      ]
    },
    {
      "Target": "PartOpacity",
      "Id": "PartAhogeShuai",
      "Segments": [
        0,
        0,
        0,
        9.5,
        0
      ]
    },
    {
      "Target": "PartOpacity",
      "Id": "PartHairFrontShuai",
      "Segments": [
        0,
        0,
        0,
        9.5,
        0
      ]
    },
    {
      "Target": "PartOpacity",
      "Id": "PartMouthKey",
      "Segments": [
        0,
        0,
        0,
        9.5,
        0
      ]
    },
    {
      "Target": "PartOpacity",
      "Id": "PartShaoziHan",
      "Segments": [
        0,
        0,
        0,
        9.5,
        0
      ]
    }
  ],
  "UserData": [
    {
      "Time": 0.0,
      "Value": ""
    },
    {
      "Time": 9.0,
      "Value": ""
    }
  ]
}