{
  "Version": 3,
  "Meta": {
    "Duration": 12.0,
    "Fps": 30.0,
    "Loop": true,
    "CurveCount": 139,
    "TotalSegmentCount": 770,
    "TotalPointCount": 1154,
    "UserDataCount": 2,
    "TotalUserDataSize": 0
  },
  "Curves": [
    {
      "Target": "Parameter",
      "Id": "ParamAngleX",
      "Segments": [
        0,
        2.112,
        1,
        0.211,
        -0.305,
        0.422,
        -15.485,
        0.633,
        -15.485,
        0,
        1.467,
        15.483,
        0,
        2.633,
        11.875,
        0,
        3.5,
        16.685,
        0,
        4.667,
        10.812,
        0,
        5.667,
        16.969,
        0,
        6.867,
        13.852,
        0,
        7.833,
        20.877,
        0,
        8.9,
        11.968,
        0,
        9.7,
        15.4,
        0,
        11,
        9.998,
        2,
        11.5,
        9.998,
        1,
        11.667,
        9.998,
        11.833,
        7.205,
        12,
        5.588
      ]
    },
    {
      "Target": "Parameter",
      "Id": "ParamAngleY",
      "Segments": [
        0,
        -3.139,
        1,
        0.167,
        -4.017,
        0.333,
        -4.654,
        0.5,
        -5.864,
        1,
        0.556,
        -6.268,
        0.611,
        -9.323,
        0.667,
        -9.323,
        1,
        0.978,
        -9.323,
        1.289,
        24.031,
        1.6,
        25.351,
        1,
        2.544,
        29.361,
        3.489,
        30,
        4.433,
        30,
        0,
        7.2,
        22.376,
        0,
        8.767,
        30,
        1,
        9.067,
        30,
        9.367,
        23.482,
        9.667,
        20.234,
        1,
        10.278,
        13.617,
        10.889,
        9.894,
        11.5,
        4.176,
        1,
        11.667,
        2.617,
        11.833,
        -0.433,
        12,
        -2.089
      ]
    },
    {
      "Target": "Parameter",
      "Id": "ParamAngleZ",
      "Segments": [
        0,
        17.845,
        1,
        0.167,
        19.131,
        0.333,
        20.428,
        0.5,
        21.854,
        1,
        0.567,
        22.424,
        0.633,
        22.954,
        0.7,
        23.599,
        1,
        1.133,
        27.792,
        1.567,
        29.996,
        2,
        29.996,
        0,
        4.533,
        17.491,
        0,
        7,
        26.237,
        0,
        7.833,
        24.763,
        0,
        8.933,
        29.676,
        1,
        9.411,
        29.676,
        9.889,
        16.821,
        10.367,
        9.925,
        1,
        10.6,
        6.557,
        10.834,
        7.272,
        11.067,
        7.272,
        0,
        11.5,
        7.683,
        1,
        11.667,
        7.683,
        11.833,
        3.9,
        12,
        1.152
      ]
    },
    {
      "Target": "Parameter",
      "Id": "ParamEyeLOpen",
      "Segments": [
        0,
        1,
        2,
        0.633,
        1,
        0,
        1.4,
        0.008,
        0,
        2.1,
        1,
        2,
        5.167,
        1,
        0,
        5.8,
        0,
        2,
        8.433,
        0,
        1,
        8.622,
        0,
        8.811,
        0.996,
        9,
        0.997,
        1,
        9.833,
        0.999,
        10.667,
        1,
        11.5,
        1,
        2,
        12,
        1
      ]
    },
    {
      "Target": "Parameter",
      "Id": "ParamEyeLSmile",
      "Segments": [
        0,
        0,
        2,
        5.167,
        0,
        0,
        5.8,
        1,
        2,
        8.433,
        1,
        0,
        9,
        0,
        2,
        11.5,
        0,
        2,
        12,
        0
      ]
    },
    {
      "Target": "Parameter",
      "Id": "ParamEyeROpen",
      "Segments": [
        0,
        1,
        2,
        0.633,
        1,
        0,
        1.4,
        0.008,
        0,
        2.1,
        1,
        1,
        3.122,
        1,
        4.145,
        0.999,
        5.167,
        0.997,
        0,
        5.8,
        0,
        2,
        8.433,
        0,
        1,
        8.622,
        0,
        8.811,
        0.996,
        9,
        0.997,
        1,
        9.833,
        0.999,
        10.667,
        1,
        11.5,
        1,
        2,
        12,
        1
      ]
    },
    {
      "Target": "Parameter",
      "Id": "ParamEyeRSmile",
      "Segments": [
        0,
        0,
        2,
        5.167,
        0,
        0,
        5.8,
        1,
        2,
        8.433,
        1,
        0,
        9,
        0,
        2,
        11.5,
        0,
        2,
        12,
        0
      ]
    },
    {
      "Target": "Parameter",
      "Id": "ParamEyeBallX",
      "Segments": [
        0,
        -0.225,
        1,
        3.233,
        -0.253,
        6.467,
        -0.4,
        9.7,
        -0.4,
        0,
        11,
        -0.221,
        2,
        11.5,
        -0.221,
        1,
        11.667,
        -0.221,
        11.833,
        -0.128,
        12,
        -0.074
      ]
    },
    {
      "Target": "Parameter",
      "Id": "ParamEyeBallY",
      "Segments": [
        0,
        -0.067,
        1,
        3.233,
        -0.085,
        6.467,
        -0.183,
        9.7,
        -0.183,
        0,
        11,
        -0.064,
        2,
        11.5,
        -0.064,
        1,
        11.667,
        -0.064,
        11.833,
        -0.018,
        12,
        0.003
      ]
    },
    {
      "Target": "Parameter",
      "Id": "ParamBrowLStyle1",
      "Segments": [
        0,
        0,
        2,
        0.767,
        0,
        0,
        1.4,
        0.5,
        2,
        9.1,
        0.5,
        0,
        9.7,
        0,
        2,
        11.5,
        0,
        2,
        12,
        0
      ]
    },
    {
      "Target": "Parameter",
      "Id": "ParamBrowRStyle1",
      "Segments": [
        0,
        0,
        2,
        0.767,
        0,
        0,
        1.4,
        0.5,
        2,
        9.1,
        0.5,
        0,
        9.7,
        0,
        2,
        11.5,
        0,
        2,
        12,
        0
      ]
    },
    {
      "Target": "Parameter",
      "Id": "ParamMouthForm",
      "Segments": [
        0,
        1,
        2,
        0.5,
        1,
        0,
        11.5,
        0,
        2,
        12,
        0
      ]
    },
    {
      "Target": "Parameter",
      "Id": "ParamBodyUpperZ",
      "Segments": [
        0,
        0.882,
        1,
        0.167,
        0.45,
        0.333,
        0.409,
        0.5,
        0,
        1,
        0.578,
        -0.191,
        0.655,
        -1.916,
        0.733,
        -1.916,
        0,
        1.167,
        -0.15,
        0,
        1.6,
        -0.637,
        0,
        2.9,
        10,
        0,
        4.6,
        2.767,
        0,
        5.933,
        10,
        0,
        7.4,
        3.472,
        0,
        8.4,
        10,
        1,
        8.544,
        10,
        8.689,
        10.334,
        8.833,
        7.784,
        1,
        9.089,
        3.272,
        9.344,
        -4.488,
        9.6,
        -4.488,
        1,
        9.667,
        -4.488,
        9.733,
        -3.362,
        9.8,
        -2.83,
        1,
        10.067,
        -0.704,
        10.333,
        0,
        10.6,
        0,
        0,
        11.5,
        -0.979,
        1,
        11.667,
        -0.979,
        11.833,
        1.199,
        12,
        2.377
      ]
    },
    {
      "Target": "Parameter",
      "Id": "ParamBodyUpperY",
      "Segments": [
        0,
        8.509,
        1,
        0.167,
        8.673,
        0.333,
        8.908,
        0.5,
        9.23,
        1,
        0.544,
        9.316,
        0.589,
        10,
        0.633,
        10,
        1,
        0.778,
        10,
        0.922,
        4.857,
        1.067,
        3.97,
        1,
        1.456,
        1.583,
        1.844,
        1.168,
        2.233,
        1.168,
        0,
        3.867,
        2.849,
        0,
        5.9,
        0.047,
        0,
        7.5,
        1.829,
        0,
        7.967,
        1.328,
        1,
        8.167,
        1.328,
        8.367,
        1.299,
        8.567,
        2.255,
        1,
        8.756,
        3.158,
        8.944,
        7.434,
        9.133,
        8.816,
        1,
        9.289,
        9.953,
        9.444,
        10,
        9.6,
        10,
        2,
        10.6,
        10,
        1,
        10.733,
        10,
        10.867,
        8.49,
        11,
        8.311,
        1,
        11.111,
        8.162,
        11.222,
        8.2,
        11.333,
        8.2,
        0,
        11.5,
        8.311,
        0,
        11.833,
        8.2,
        1,
        11.889,
        8.2,
        11.944,
        8.179,
        12,
        8.214
      ]
    },
    {
      "Target": "Parameter",
      "Id": "ParamBodyAngleX",
      "Segments": [
        0,
        0.926,
        1,
        0.167,
        0.488,
        0.333,
        0.446,
        0.5,
        0.032,
        1,
        0.578,
        -0.162,
        0.655,
        -1.884,
        0.733,
        -1.884,
        0,
        1.167,
        -0.16,
        0,
        1.6,
        -0.575,
        0,
        2.9,
        10,
        0,
        4.6,
        2.778,
        0,
        5.933,
        10,
        0,
        7.4,
        3.512,
        0,
        8.4,
        10,
        1,
        8.544,
        10,
        8.689,
        10.344,
        8.833,
        7.822,
        1,
        9.089,
        3.36,
        9.344,
        -4.47,
        9.6,
        -4.47,
        1,
        9.667,
        -4.47,
        9.733,
        -3.334,
        9.8,
        -2.811,
        1,
        10.067,
        -0.72,
        10.333,
        -0.032,
        10.6,
        -0.032,
        0,
        11.5,
        -0.927,
        1,
        11.667,
        -0.927,
        11.833,
        1.27,
        12,
        2.428
      ]
    },
    {
      "Target": "Parameter",
      "Id": "ParamBodyLowerY",
      "Segments": [
        0,
        7.029,
        1,
        0.167,
        8.019,
        0.333,
        10,
        0.5,
        10,
        0,
        0.633,
        8.32,
        0,
        1.867,
        9.999,
        0,
        5,
        -9.998,
        0,
        8.133,
        10,
        0,
        8.967,
        6.365,
        0,
        9.767,
        10,
        1,
        9.845,
        10,
        9.922,
        9.489,
        10,
        9.272,
        1,
        10.333,
        8.343,
        10.667,
        8.036,
        11,
        8.036,
        2,
        11.5,
        8.036,
        1,
        11.667,
        8.036,
        11.833,
        7.181,
        12,
        6.736
      ]
    },
    {
      "Target": "Parameter",
      "Id": "ParamBodyLowerX",
      "Segments": [
        0,
        -0.289,
        1,
        0.167,
        -0.197,
        0.333,
        -0.102,
        0.5,
        0,
        1,
        0.544,
        0.027,
        0.589,
        1.053,
        0.633,
        1.053,
        0,
        2.233,
        -9.994,
        0,
        3.733,
        9.998,
        0,
        5.233,
        -10,
        0,
        6.733,
        10,
        0,
        8.233,
        -10,
        0,
        9.033,
        1.235,
        0,
        9.8,
        -1.58,
        0,
        10.033,
        -0.927,
        0,
        11.3,
        -10,
        0,
        11.5,
        -9.548,
        0,
        11.8,
        -10,
        1,
        11.867,
        -10,
        11.933,
        -10.113,
        12,
        -9.912
      ]
    },
    {
      "Target": "Parameter",
      "Id": "ParamArmUpperLMoveAngel",
      "Segments": [
        0,
        0,
        2,
        0.5,
        0,
        0,
        0.667,
        2,
        1,
        0.922,
        2,
        1.178,
        -4.393,
        1.433,
        -5.256,
        1,
        1.689,
        -6.119,
        1.944,
        -5.973,
        2.2,
        -5.973,
        0,
        4.367,
        -4.749,
        0,
        6.433,
        -6.152,
        0,
        7.733,
        -5.277,
        0,
        8.5,
        -6.666,
        1,
        8.667,
        -6.666,
        8.833,
        -6.286,
        9,
        -4.591,
        1,
        9.322,
        -1.315,
        9.645,
        0.977,
        9.967,
        0.977,
        0,
        10.6,
        0,
        2,
        11.5,
        0,
        2,
        12,
        0
      ]
    },
    {
      "Target": "Parameter",
      "Id": "ParamArmForeLMoveAngel",
      "Segments": [
        0,
        0,
        2,
        0.5,
        0,
        0,
        0.767,
        -3.972,
        1,
        1.056,
        -3.972,
        1.344,
        40.039,
        1.633,
        45.641,
        1,
        1.9,
        50.812,
        2.166,
        50.107,
        2.433,
        50.107,
        0,
        4.8,
        47.507,
        0,
        6.833,
        50.209,
        0,
        8,
        48.929,
        0,
        8.667,
        49.803,
        0,
        10.167,
        -0.821,
        0,
        10.6,
        0,
        2,
        11.5,
        0,
        2,
        12,
        0
      ]
    },
    {
      "Target": "Parameter",
      "Id": "ParamArmForeLMoveLength",
      "Segments": [
        0,
        0,
        2,
        0.5,
        0,
        2,
        0.767,
        0,
        0,
        1.3,
        -2.841,
        1,
        1.411,
        -2.841,
        1.522,
        1.193,
        1.633,
        1.785,
        1,
        1.9,
        3.204,
        2.166,
        4.481,
        2.433,
        5,
        1,
        2.911,
        5.929,
        3.389,
        6.083,
        3.867,
        6.083,
        0,
        5.9,
        3.476,
        0,
        7.5,
        5.214,
        0,
        7.967,
        4.634,
        0,
        8.667,
        5,
        0,
        10.167,
        0,
        2,
        10.6,
        0,
        2,
        11.5,
        0,
        2,
        12,
        0
      ]
    },
    {
      "Target": "Parameter",
      "Id": "ParamHandLMoveAngel",
      "Segments": [
        0,
        0,
        2,
        0.5,
        0,
        0,
        0.8,
        8.156,
        1,
        0.911,
        8.156,
        1.022,
        3.632,
        1.133,
        -9.915,
        1,
        1.278,
        -27.525,
        1.422,
        -61.872,
        1.567,
        -68.5,
        1,
        1.678,
        -73.599,
        1.789,
        -76.25,
        1.9,
        -77.566,
        1,
        2.111,
        -80.067,
        2.322,
        -80.494,
        2.533,
        -80.494,
        0,
        5.033,
        -77.333,
        0,
        7.167,
        -83.166,
        0,
        8.333,
        -75.68,
        0,
        8.767,
        -81.508,
        1,
        8.889,
        -81.508,
        9.011,
        -77.762,
        9.133,
        -67.043,
        1,
        9.344,
        -48.527,
        9.556,
        -16.856,
        9.767,
        -7.554,
        1,
        9.967,
        1.258,
        10.167,
        1.416,
        10.367,
        1.416,
        0,
        10.6,
        0,
        2,
        11.5,
        0,
        2,
        12,
        0
      ]
    },
    {
      "Target": "Parameter",
      "Id": "ParamHandLGanLayer",
      "Segments": [
        0,
        0,
        2,
        0.5,
        0,
        0,
        0.533,
        -1,
        2,
        9.933,
        -1,
        0,
        9.967,
        0,
        2,
        11.5,
        0,
        2,
        12,
        0
      ]
    },
    {
      "Target": "Parameter",
      "Id": "ParamHandLDefaultDMZ",
      "Segments": [
        0,
        0,
        2,
        0.133,
        0,
        1,
        0.3,
        0,
        0.466,
        0.56,
        0.633,
        1,
        1,
        0.933,
        1.792,
        1.233,
        2,
        1.533,
        2,
        2,
        8.9,
        2,
        1,
        9.311,
        2,
        9.722,
        1.518,
        10.133,
        0.7,
        1,
        10.389,
        0.191,
        10.644,
        0,
        10.9,
        0,
        2,
        11.5,
        0,
        2,
        12,
        0
      ]
    },
    {
      "Target": "Parameter",
      "Id": "ParamHandLDefaultSZ",
      "Segments": [
        0,
        0,
        2,
        0.133,
        0,
        1,
        0.3,
        0,
        0.466,
        0.56,
        0.633,
        1,
        1,
        0.933,
        1.792,
        1.233,
        2,
        1.533,
        2,
        2,
        8.9,
        2,
        1,
        9.311,
        2,
        9.722,
        1.518,
        10.133,
        0.7,
        1,
        10.389,
        0.191,
        10.644,
        0,
        10.9,
        0,
        2,
        11.5,
        0,
        2,
        12,
        0
      ]
    },
    {
      "Target": "Parameter",
      "Id": "ParamHandLDefaultZZ",
      "Segments": [
        0,
        0,
        2,
        0.133,
        0,
        1,
        0.3,
        0,
        0.466,
        0.56,
        0.633,
        1,
        1,
        0.933,
        1.792,
        1.233,
        2,
        1.533,
        2,
        2,
        8.9,
        2,
        1,
        9.311,
        2,
        9.722,
        1.518,
        10.133,
        0.7,
        1,
        10.389,
        0.191,
        10.644,
        0,
        10.9,
        0,
        2,
        11.5,
        0,
        2,
        12,
        0
      ]
    },
    {
      "Target": "Parameter",
      "Id": "ParamHandLDefaultWMZ",
      "Segments": [
        0,
        0,
        2,
        0.133,
        0,
        1,
        0.3,
        0,
        0.466,
        0.56,
        0.633,
        1,
        1,
        0.933,
        1.792,
        1.233,
        2,
        1.533,
        2,
        2,
        8.9,
        2,
        1,
        9.311,
        2,
        9.722,
        1.518,
        10.133,
        0.7,
        1,
        10.389,
        0.191,
        10.644,
        0,
        10.9,
        0,
        2,
        11.5,
        0,
        2,
        12,
        0
      ]
    },
    {
      "Target": "Parameter",
      "Id": "ParamHandLDefaultXZ",
      "Segments": [
        0,
        0,
        2,
        0.133,
        0,
        1,
        0.3,
        0,
        0.466,
        0.56,
        0.633,
        1,
        1,
        0.933,
        1.792,
        1.233,
        2,
        1.533,
        2,
        2,
        8.9,
        2,
        1,
        9.311,
        2,
        9.722,
        1.518,
        10.133,
        0.7,
        1,
        10.389,
        0.191,
        10.644,
        0,
        10.9,
        0,
        2,
        11.5,
        0,
        2,
        12,
        0
      ]
    },
    {
      "Target": "Parameter",
      "Id": "ParamArmForeLMoveAlpha",
      "Segments": [
        0,
        1,
        2,
        0.767,
        1,
        2,
        1.133,
        1,
        0,
        1.5,
        0,
        2,
        8.9,
        0,
        0,
        9.733,
        1,
        2,
        11.5,
        1,
        2,
        12,
        1
      ]
    },
    {
      "Target": "Parameter",
      "Id": "ParamArmForeLPengAlpha",
      "Segments": [
        0,
        0,
        2,
        0.767,
        0,
        0,
        1.167,
        1,
        2,
        9.733,
        1,
        0,
        10.133,
        0,
        2,
        11.5,
        0,
        2,
        12,
        0
      ]
    },
    {
      "Target": "Parameter",
      "Id": "ParamHandLMoveAlpha",
      "Segments": [
        0,
        1,
        2,
        0.5,
        1,
        2,
        1.133,
        1,
        0,
        1.367,
        0,
        2,
        8.667,
        0,
        0,
        9.1,
        1,
        2,
        12,
        1
      ]
    },
    {
      "Target": "Parameter",
      "Id": "ParamHandLPengAlpha",
      "Segments": [
        0,
        0,
        2,
        0.633,
        0,
        0,
        1.133,
        1,
        2,
        9.1,
        1,
        0,
        9.6,
        0,
        2,
        11.5,
        0,
        2,
        12,
        0
      ]
    },
    {
      "Target": "Parameter",
      "Id": "ParamChestSqueeze",
      "Segments": [
        0,
        0.821,
        1,
        0.133,
        0.872,
        0.267,
        1,
        0.4,
        1,
        2,
        9.733,
        1,
        0,
        11,
        0.875,
        2,
        11.5,
        0.875,
        1,
        11.667,
        0.875,
        11.833,
        0.832,
        12,
        0.813
      ]
    },
    {
      "Target": "Parameter",
      "Id": "ParamChestSqueezeL",
      "Segments": [
        0,
        1,
        2,
        1.033,
        1,
        1,
        1.422,
        0,
        1.811,
        0,
        2.2,
        0,
        0,
        4.367,
        0.521,
        0,
        6.433,
        0,
        0,
        7.733,
        0.434,
        0,
        8.5,
        0,
        0,
        9.233,
        1,
        2,
        11.5,
        1,
        2,
        12,
        1
      ]
    },
    {
      "Target": "Parameter",
      "Id": "ParamChestLX",
      "Segments": [
        0,
        -0.024,
        1,
        0.022,
        -0.03,
        0.045,
        -0.033,
        0.067,
        -0.033,
        0,
        0.3,
        0.008,
        0,
        0.467,
        0.004,
        0,
        0.667,
        0.127,
        0,
        0.833,
        -0.229,
        0,
        1.1,
        0.101,
        0,
        1.4,
        -0.014,
        0,
        1.533,
        -0.004,
        0,
        1.8,
        -0.061,
        0,
        2.933,
        0.58,
        0,
        4.1,
        -0.689,
        1,
        4.333,
        -0.689,
        4.567,
        -0.35,
        4.8,
        -0.033,
        1,
        4.944,
        0.163,
        5.089,
        0.263,
        5.233,
        0.373,
        1,
        5.444,
        0.534,
        5.656,
        0.587,
        5.867,
        0.587,
        1,
        6.167,
        0.587,
        6.467,
        0.073,
        6.767,
        0,
        1,
        7.045,
        -0.067,
        7.322,
        -0.054,
        7.6,
        -0.054,
        0,
        8.433,
        0.049,
        0,
        8.6,
        -0.004,
        1,
        8.689,
        -0.004,
        8.778,
        0.092,
        8.867,
        0.13,
        1,
        8.956,
        0.167,
        9.044,
        0.166,
        9.133,
        0.2,
        1,
        9.178,
        0.217,
        9.222,
        0.4,
        9.267,
        0.4,
        0,
        9.733,
        -0.058,
        0,
        9.933,
        0.054,
        0,
        10.133,
        -0.025,
        0,
        10.333,
        0.008,
        0,
        10.567,
        -0.009,
        0,
        10.8,
        0.002,
        1,
        10.878,
        0.002,
        10.955,
        0.006,
        11.033,
        -0.002,
        1,
        11.189,
        -0.018,
        11.344,
        -0.359,
        11.5,
        -0.359,
        1,
        11.667,
        -0.359,
        11.833,
        -0.37,
        12,
        -0.28
      ]
    },
    {
      "Target": "Parameter",
      "Id": "ParamChestLY",
      "Segments": [
        0,
        -0.006,
        2,
        0.033,
        -0.006,
        0,
        0.267,
        -0.01,
        2,
        0.3,
        -0.01,
        2,
        0.367,
        -0.01,
        0,
        0.433,
        -0.008,
        0,
        0.5,
        -0.01,
        0,
        0.533,
        -0.009,
        0,
        0.633,
        -0.138,
        0,
        0.8,
        0.198,
        0,
        1.1,
        -0.495,
        0,
        1.333,
        0.414,
        0,
        1.533,
        -0.142,
        0,
        1.733,
        0.036,
        0,
        1.967,
        -0.045,
        0,
        2.5,
        0.271,
        0,
        3,
        -0.374,
        0,
        3.433,
        0.43,
        0,
        4,
        -0.214,
        1,
        4.089,
        -0.214,
        4.178,
        0.007,
        4.267,
        0.012,
        1,
        4.278,
        0.013,
        4.289,
        0.012,
        4.3,
        0.012,
        0,
        4.433,
        0.01,
        2,
        4.467,
        0.01,
        0,
        4.5,
        0.008,
        0,
        4.533,
        0.009,
        0,
        4.667,
        0.005,
        2,
        4.7,
        0.005,
        0,
        4.9,
        0.001,
        2,
        4.933,
        0.001,
        0,
        5.133,
        -0.004,
        2,
        5.167,
        -0.004,
        0,
        5.3,
        -0.007,
        2,
        5.333,
        -0.007,
        0,
        5.367,
        -0.009,
        0,
        5.4,
        -0.008,
        0,
        5.733,
        -0.274,
        1,
        6.078,
        -0.274,
        6.422,
        -0.071,
        6.767,
        0,
        1,
        7.067,
        0.062,
        7.367,
        0.054,
        7.667,
        0.054,
        0,
        8,
        -0.064,
        0,
        8.2,
        0.011,
        0,
        8.767,
        -0.28,
        1,
        8.889,
        -0.28,
        9.011,
        -0.164,
        9.133,
        0.193,
        1,
        9.178,
        0.323,
        9.222,
        0.5,
        9.267,
        0.5,
        0,
        9.467,
        0.035,
        0,
        9.567,
        0.041,
        0,
        9.8,
        -0.017,
        0,
        10.033,
        0.007,
        0,
        10.233,
        -0.003,
        0,
        10.433,
        0.001,
        0,
        10.633,
        -0.001,
        0,
        10.8,
        0.043,
        0,
        11.067,
        -0.051,
        0,
        11.267,
        0.034,
        1,
        11.345,
        0.034,
        11.422,
        0.017,
        11.5,
        -0.01,
        1,
        11.667,
        -0.068,
        11.833,
        -0.138,
        12,
        -0.18
      ]
    },
    {
      "Target": "Parameter",
      "Id": "ParamChestRX",
      "Segments": [
        0,
        -0.024,
        1,
        0.022,
        -0.03,
        0.045,
        -0.033,
        0.067,
        -0.033,
        0,
        0.3,
        0.008,
        0,
        0.467,
        0.004,
        0,
        0.667,
        0.127,
        0,
        0.833,
        -0.229,
        0,
        1.1,
        0.101,
        0,
        1.4,
        -0.014,
        0,
        1.533,
        -0.004,
        0,
        1.8,
        -0.061,
        0,
        2.933,
        0.586,
        0,
        4.1,
        -0.714,
        1,
        4.333,
        -0.714,
        4.567,
        -0.377,
        4.8,
        -0.033,
        1,
        4.944,
        0.179,
        5.089,
        0.333,
        5.233,
        0.425,
        1,
        5.444,
        0.559,
        5.656,
        0.583,
        5.867,
        0.583,
        1,
        6.167,
        0.583,
        6.467,
        0.073,
        6.767,
        0,
        1,
        7.045,
        -0.067,
        7.322,
        -0.054,
        7.6,
        -0.054,
        0,
        8.433,
        0.049,
        0,
        8.6,
        -0.004,
        1,
        8.689,
        -0.004,
        8.778,
        0.02,
        8.867,
        0.13,
        1,
        8.989,
        0.28,
        9.111,
        0.4,
        9.233,
        0.4,
        0,
        9.733,
        -0.058,
        0,
        9.933,
        0.054,
        0,
        10.133,
        -0.025,
        0,
        10.333,
        0.008,
        0,
        10.567,
        -0.009,
        0,
        10.8,
        0.002,
        1,
        10.878,
        0.002,
        10.955,
        0.006,
        11.033,
        -0.002,
        1,
        11.189,
        -0.018,
        11.344,
        -0.358,
        11.5,
        -0.358,
        1,
        11.667,
        -0.358,
        11.833,
        -0.369,
        12,
        -0.279
      ]
    },
    {
      "Target": "Parameter",
      "Id": "ParamChestRY",
      "Segments": [
        0,
        -0.006,
        2,
        0.033,
        -0.006,
        0,
        0.267,
        -0.01,
        2,
        0.3,
        -0.01,
        2,
        0.367,
        -0.01,
        0,
        0.433,
        -0.008,
        0,
        0.5,
        -0.01,
        0,
        0.533,
        -0.009,
        0,
        0.633,
        -0.138,
        0,
        0.8,
        0.198,
        0,
        1.1,
        -0.495,
        0,
        1.333,
        0.414,
        0,
        1.533,
        -0.142,
        0,
        1.733,
        0.036,
        0,
        1.967,
        -0.045,
        0,
        2.5,
        0.285,
        0,
        3,
        -0.366,
        0,
        3.433,
        0.39,
        0,
        4,
        -0.204,
        1,
        4.089,
        -0.204,
        4.178,
        0.007,
        4.267,
        0.012,
        1,
        4.278,
        0.013,
        4.289,
        0.012,
        4.3,
        0.012,
        0,
        4.433,
        0.01,
        2,
        4.467,
        0.01,
        0,
        4.5,
        0.008,
        0,
        4.533,
        0.009,
        0,
        4.667,
        0.005,
        2,
        4.7,
        0.005,
        0,
        4.9,
        0.001,
        2,
        4.933,
        0.001,
        0,
        5.133,
        -0.004,
        2,
        5.167,
        -0.004,
        0,
        5.3,
        -0.007,
        2,
        5.333,
        -0.007,
        0,
        5.367,
        -0.009,
        0,
        5.4,
        -0.008,
        0,
        5.733,
        -0.3,
        1,
        6.078,
        -0.3,
        6.422,
        -0.072,
        6.767,
        0,
        1,
        7.067,
        0.063,
        7.367,
        0.054,
        7.667,
        0.054,
        0,
        8,
        -0.064,
        0,
        8.2,
        0.011,
        0,
        8.767,
        -0.28,
        0,
        9.233,
        0.1,
        0,
        9.467,
        0.035,
        0,
        9.567,
        0.041,
        0,
        9.8,
        -0.017,
        0,
        10.033,
        0.007,
        0,
        10.233,
        -0.003,
        0,
        10.433,
        0.001,
        0,
        10.633,
        -0.001,
        0,
        10.8,
        0.043,
        0,
        11.067,
        -0.051,
        0,
        11.267,
        0.034,
        1,
        11.345,
        0.034,
        11.422,
        0.018,
        11.5,
        -0.01,
        1,
        11.667,
        -0.068,
        11.833,
        -0.137,
        12,
        -0.18
      ]
    },
    {
      "Target": "Parameter",
      "Id": "ParamAhoge",
      "Segments": [
        0,
        0.622,
        1,
        0.133,
        0.726,
        0.267,
        0.81,
        0.4,
        0.81,
        0,
        1,
        -0.639,
        0,
        1.633,
        0.915,
        0,
        2.133,
        0.275,
        0,
        2.533,
        0.414,
        0,
        3.1,
        0.178,
        0,
        3.733,
        0.371,
        0,
        5.067,
        0.107,
        0,
        5.9,
        0.371,
        0,
        6.333,
        0.344,
        0,
        6.6,
        0.35,
        0,
        7.333,
        0.173,
        0,
        8.267,
        0.509,
        0,
        9.267,
        0.246,
        0,
        9.767,
        0.287,
        0,
        10.4,
        0.138,
        1,
        10.611,
        0.138,
        10.822,
        0.195,
        11.033,
        0.202,
        1,
        11.189,
        0.207,
        11.344,
        0.206,
        11.5,
        0.208,
        1,
        11.511,
        0.209,
        11.522,
        0.209,
        11.533,
        0.209,
        1,
        11.689,
        0.209,
        11.844,
        0.207,
        12,
        0.15
      ]
    },
    {
      "Target": "Parameter",
      "Id": "ParamAhogeMo",
      "Segments": [
        0,
        0.036,
        2,
        0.033,
        0.036,
        0,
        0.233,
        -0.045,
        0,
        0.733,
        0.669,
        0,
        1.333,
        -0.968,
        0,
        1.933,
        0.468,
        0,
        2.433,
        -0.105,
        0,
        2.867,
        0.099,
        0,
        3.4,
        -0.136,
        0,
        4.133,
        0.112,
        0,
        5.467,
        -0.142,
        0,
        6.2,
        0.057,
        0,
        6.667,
        0.021,
        0,
        7.1,
        0.042,
        0,
        7.7,
        -0.157,
        0,
        8.6,
        0.147,
        0,
        9.5,
        -0.076,
        0,
        10.167,
        0.086,
        0,
        10.667,
        0.015,
        1,
        10.911,
        0.015,
        11.156,
        0.049,
        11.4,
        0.133,
        1,
        11.433,
        0.144,
        11.467,
        0.191,
        11.5,
        0.201,
        1,
        11.633,
        0.241,
        11.767,
        0.253,
        11.9,
        0.253,
        1,
        11.933,
        0.253,
        11.967,
        0.253,
        12,
        0.251
      ]
    },
    {
      "Target": "Parameter",
      "Id": "ParamHairFront",
      "Segments": [
        0,
        0.758,
        1,
        0.133,
        0.778,
        0.267,
        0.789,
        0.4,
        0.789,
        0,
        1.033,
        -0.411,
        0,
        1.667,
        0.932,
        0,
        2.2,
        0.385,
        0,
        2.6,
        0.473,
        0,
        3.167,
        0.274,
        0,
        3.767,
        0.416,
        0,
        5.067,
        0.185,
        0,
        5.967,
        0.436,
        0,
        6.367,
        0.421,
        0,
        6.633,
        0.425,
        0,
        7.4,
        0.275,
        0,
        8.333,
        0.573,
        0,
        9.667,
        0.331,
        2,
        9.733,
        0.331,
        0,
        10.467,
        0.154,
        1,
        10.656,
        0.154,
        10.844,
        0.154,
        11.033,
        0.214,
        1,
        11.189,
        0.264,
        11.344,
        0.397,
        11.5,
        0.397,
        1,
        11.667,
        0.397,
        11.833,
        0.387,
        12,
        0.252
      ]
    },
    {
      "Target": "Parameter",
      "Id": "ParamHairFrontMo",
      "Segments": [
        0,
        0,
        1,
        0.011,
        0.001,
        0.022,
        0.001,
        0.033,
        0.001,
        0,
        0.267,
        -0.112,
        0,
        0.8,
        0.676,
        0,
        1.433,
        -0.958,
        0,
        2,
        0.435,
        0,
        2.533,
        -0.082,
        0,
        2.967,
        0.094,
        0,
        3.533,
        -0.115,
        0,
        4.2,
        0.108,
        0,
        5.567,
        -0.137,
        0,
        6.267,
        0.044,
        0,
        6.733,
        0.016,
        0,
        7.167,
        0.052,
        0,
        7.8,
        -0.143,
        0,
        8.733,
        0.125,
        0,
        9.6,
        -0.039,
        0,
        10.2,
        0.097,
        0,
        10.8,
        0.001,
        1,
        11.022,
        0.001,
        11.245,
        0.042,
        11.467,
        0.139,
        1,
        11.478,
        0.143,
        11.489,
        0.445,
        11.5,
        0.459,
        1,
        11.644,
        0.64,
        11.789,
        0.713,
        11.933,
        0.713,
        1,
        11.955,
        0.713,
        11.978,
        0.714,
        12,
        0.71
      ]
    },
    {
      "Target": "Parameter",
      "Id": "ParamHairBack",
      "Segments": [
        0,
        0.655,
        1,
        0.1,
        0.668,
        0.2,
        0.676,
        0.3,
        0.676,
        0,
        0.8,
        0.098,
        0,
        1.567,
        0.875,
        0,
        1.9,
        0.522,
        0,
        2.233,
        0.678,
        0,
        3.1,
        0.484,
        2,
        3.133,
        0.484,
        2,
        3.167,
        0.484,
        0,
        3.367,
        0.488,
        0,
        3.5,
        0.487,
        0,
        3.533,
        0.488,
        0,
        4.9,
        0.32,
        0,
        5.833,
        0.499,
        0,
        6.033,
        0.491,
        0,
        6.533,
        0.535,
        0,
        7.2,
        0.473,
        0,
        8.2,
        0.596,
        0,
        8.367,
        0.594,
        0,
        8.667,
        0.602,
        0,
        10.667,
        0.195,
        0,
        10.9,
        0.2,
        1,
        11.1,
        0.2,
        11.3,
        0.184,
        11.5,
        0.098,
        1,
        11.656,
        0.03,
        11.811,
        -0.056,
        11.967,
        -0.056,
        1,
        11.978,
        -0.056,
        11.989,
        -0.057,
        12,
        -0.055
      ]
    },
    {
      "Target": "Parameter",
      "Id": "ParamHairBackMo",
      "Segments": [
        0,
        -0.044,
        1,
        0.067,
        -0.09,
        0.133,
        -0.147,
        0.2,
        -0.147,
        0,
        0.5,
        0.311,
        0,
        0.933,
        -0.312,
        0,
        1.3,
        0.168,
        0,
        1.533,
        -0.064,
        0,
        1.767,
        0.213,
        0,
        2.067,
        -0.265,
        0,
        2.4,
        0.219,
        0,
        2.733,
        -0.129,
        0,
        3.033,
        0.058,
        0,
        3.367,
        -0.031,
        0,
        3.767,
        0.036,
        0,
        4.133,
        -0.024,
        0,
        4.467,
        0.018,
        0,
        4.767,
        -0.008,
        0,
        4.867,
        -0.006,
        0,
        5.133,
        -0.024,
        0,
        5.467,
        0.008,
        0,
        5.733,
        -0.016,
        0,
        5.967,
        0.029,
        0,
        6.3,
        -0.03,
        0,
        6.633,
        0.024,
        0,
        6.9,
        -0.009,
        0,
        7.1,
        0.024,
        0,
        7.4,
        -0.043,
        0,
        7.733,
        0.026,
        0,
        8,
        -0.027,
        0,
        8.3,
        0.026,
        0,
        8.6,
        -0.016,
        0,
        8.967,
        0.027,
        0,
        9.233,
        -0.023,
        0,
        9.533,
        0.039,
        0,
        9.8,
        -0.004,
        0,
        10,
        0.028,
        0,
        10.333,
        -0.031,
        0,
        10.633,
        0.009,
        0,
        10.9,
        -0.006,
        1,
        11.011,
        -0.006,
        11.122,
        0.032,
        11.233,
        0.042,
        1,
        11.322,
        0.05,
        11.411,
        0.049,
        11.5,
        0.055,
        1,
        11.578,
        0.061,
        11.655,
        0.076,
        11.733,
        0.076,
        1,
        11.822,
        0.076,
        11.911,
        0.03,
        12,
        -0.024
      ]
    },
    {
      "Target": "Parameter",
      "Id": "ParamHairBackFtB",
      "Segments": [
        0,
        -0.097,
        1,
        0.222,
        -0.156,
        0.445,
        -0.215,
        0.667,
        -0.215,
        0,
        1.067,
        1,
        0,
        1.9,
        -0.164,
        0,
        2.533,
        -0.014,
        0,
        3.233,
        -0.082,
        0,
        4.733,
        0.107,
        0,
        6.7,
        -0.089,
        0,
        7.9,
        0.109,
        0,
        9.033,
        -0.802,
        0,
        9.8,
        0.274,
        0,
        10.6,
        -0.06,
        1,
        10.733,
        -0.06,
        10.867,
        0.192,
        11,
        0.278,
        1,
        11.167,
        0.384,
        11.333,
        0.453,
        11.5,
        0.492,
        1,
        11.511,
        0.494,
        11.522,
        0.492,
        11.533,
        0.492,
        1,
        11.689,
        0.492,
        11.844,
        0.485,
        12,
        0.367
      ]
    },
    {
      "Target": "Parameter",
      "Id": "ParamShuiZhuChestL4",
      "Segments": [
        0,
        0,
        1,
        0.111,
        0.417,
        0.222,
        0.833,
        0.333,
        1.25,
        2,
        0.367,
        0,
        2,
        11.167,
        0,
        2,
        11.5,
        0,
        2,
        11.667,
        0,
        1,
        11.778,
        0.119,
        11.889,
        0.238,
        12,
        0.357
      ]
    },
    {
      "Target": "Parameter",
      "Id": "ParamShuiZhuChestL6",
      "Segments": [
        0,
        0,
        1,
        3.667,
        0.167,
        7.333,
        0.333,
        11,
        0.5,
        1,
        11.133,
        0.75,
        11.267,
        1,
        11.4,
        1.25,
        2,
        11.433,
        0,
        1,
        11.455,
        0.167,
        11.478,
        0.333,
        11.5,
        0.5,
        1,
        11.633,
        0.75,
        11.767,
        1,
        11.9,
        1.25,
        2,
        11.933,
        0,
        2,
        12,
        0
      ]
    },
    {
      "Target": "Parameter",
      "Id": "ParamShuiZhuChestR1",
      "Segments": [
        0,
        0,
        1,
        0.056,
        0.417,
        0.111,
        0.833,
        0.167,
        1.25,
        2,
        0.2,
        0,
        2,
        11,
        0,
        2,
        11.5,
        0,
        1,
        11.667,
        0.179,
        11.833,
        0.357,
        12,
        0.536
      ]
    },
    {
      "Target": "Parameter",
      "Id": "ParamShuiZhuChestR5",
      "Segments": [
        0,
        0,
        1,
        3.344,
        0.417,
        6.689,
        0.833,
        10.033,
        1.25,
        2,
        10.067,
        0,
        1,
        10.545,
        0.167,
        11.022,
        0.333,
        11.5,
        0.5,
        1,
        11.667,
        0.679,
        11.833,
        0.857,
        12,
        1.036
      ]
    },
    {
      "Target": "Parameter",
      "Id": "ParamShuiZhuChestR6",
      "Segments": [
        0,
        1.25,
        2,
        0.033,
        0,
        1,
        3.466,
        0.417,
        6.9,
        0.833,
        10.333,
        1.25,
        2,
        10.367,
        0,
        1,
        10.745,
        0.06,
        11.122,
        0.119,
        11.5,
        0.179,
        1,
        11.667,
        0.357,
        11.833,
        0.536,
        12,
        0.714
      ]
    },
    {
      "Target": "Parameter",
      "Id": "ParamWaterWenYao",
      "Segments": [
        0,
        0,
        2,
        11,
        0,
        2,
        11.5,
        0,
        1,
        11.667,
        0.222,
        11.833,
        0.445,
        12,
        0.667
      ]
    },
    {
      "Target": "Parameter",
      "Id": "ParamWaterBaseYaoX",
      "Segments": [
        0,
        9.49,
        1,
        3.167,
        6.372,
        6.333,
        -10,
        9.5,
        -10,
        0,
        11,
        10,
        2,
        11.5,
        10,
        1,
        11.667,
        10,
        11.833,
        9.117,
        12,
        4.81
      ]
    },
    {
      "Target": "Parameter",
      "Id": "ParamWaterBaseYaoY",
      "Segments": [
        0,
        -9.971,
        1,
        3.422,
        -9.121,
        6.845,
        10,
        10.267,
        10,
        1,
        10.678,
        10,
        11.089,
        7.04,
        11.5,
        0.337,
        1,
        11.667,
        -2.381,
        11.833,
        -6.447,
        12,
        -8.732
      ]
    },
    {
      "Target": "Parameter",
      "Id": "ParamCrossLight1",
      "Segments": [
        0,
        0.025,
        1,
        3.167,
        0.181,
        6.333,
        1,
        9.5,
        1,
        0,
        11,
        0,
        2,
        11.5,
        0,
        1,
        11.667,
        0,
        11.833,
        0.043,
        12,
        0.259
      ]
    },
    {
      "Target": "Parameter",
      "Id": "ParamCrossLight2",
      "Segments": [
        0,
        0.005,
        1,
        3.356,
        0.081,
        6.711,
        1,
        10.067,
        1,
        1,
        10.545,
        1,
        11.022,
        0.722,
        11.5,
        0.321,
        1,
        11.667,
        0.18,
        11.833,
        0.066,
        12,
        0.003
      ]
    },
    {
      "Target": "Parameter",
      "Id": "ParamCrossLight3",
      "Segments": [
        0,
        0.968,
        1,
        3.122,
        0.796,
        6.245,
        0,
        9.367,
        0,
        0,
        10.867,
        1,
        1,
        11.078,
        1,
        11.289,
        1.003,
        11.5,
        0.978,
        1,
        11.667,
        0.958,
        11.833,
        0.633,
        12,
        0.458
      ]
    },
    {
      "Target": "Parameter",
      "Id": "ParamGanLight",
      "Segments": [
        0,
        0.5,
        2,
        11,
        0.5,
        2,
        11.5,
        0.5,
        1,
        11.667,
        0.5,
        11.833,
        0.493,
        12,
        0.557
      ]
    },
    {
      "Target": "PartOpacity",
      "Id": "PartHandLMove",
      "Segments": [
        0,
        0,
        2,
        0.5,
        1,
        2,
        10.6,
        0,
        2,
        12,
        0
      ]
    },
    {
      "Target": "PartOpacity",
      "Id": "PartHandLDefault",
      "Segments": [
        0,
        1,
        2,
        0.5,
        0,
        2,
        10.6,
        1,
        2,
        12,
        1
      ]
    },
    {
      "Target": "PartOpacity",
      "Id": "PartArmLMove",
      "Segments": [
        0,
        0,
        2,
        0.5,
        1,
        2,
        10.6,
        0,
        2,
        12,
        0
      ]
    },
    {
      "Target": "PartOpacity",
      "Id": "PartArmLDefault",
      "Segments": [
        0,
        1,
        2,
        0.5,
        0,
        2,
        10.6,
        1,
        2,
        12,
        1
      ]
    },
    {
      "Target": "Parameter",
      "Id": "ParamEyeBallScale",
      "Segments": [
        0,
        0,
        0,
        12,
        0
      ]
    },
    {
      "Target": "Parameter",
      "Id": "ParamUruUru",
      "Segments": [
        0,
        0,
        0,
        12,
        0
      ]
    },
    {
      "Target": "Parameter",
      "Id": "ParamBrowLX",
      "Segments": [
        0,
        0,
        0,
        12,
        0
      ]
    },
    {
      "Target": "Parameter",
      "Id": "ParamBrowLY",
      "Segments": [
        0,
        0,
        0,
        12,
        0
      ]
    },
    {
      "Target": "Parameter",
      "Id": "ParamBrowRX",
      "Segments": [
        0,
        0,
        0,
        12,
        0
      ]
    },
    {
      "Target": "Parameter",
      "Id": "ParamBrowRY",
      "Segments": [
        0,
        0,
        0,
        12,
        0
      ]
    },
    {
      "Target": "Parameter",
      "Id": "ParamBrowLAngle",
      "Segments": [
        0,
        0,
        0,
        12,
        0
      ]
    },
    {
      "Target": "Parameter",
      "Id": "ParamBrowRAngle",
      "Segments": [
        0,
        0,
        0,
        12,
        0
      ]
    },
    {
      "Target": "Parameter",
      "Id": "ParamBrowLForm",
      "Segments": [
        0,
        0,
        0,
        12,
        0
      ]
    },
    {
      "Target": "Parameter",
      "Id": "ParamBrowRForm",
      "Segments": [
        0,
        0,
        0,
        12,
        0
      ]
    },
    {
      "Target": "Parameter",
      "Id": "ParamMouthOpenY",
      "Segments": [
        0,
        0,
        0,
        12,
        0
      ]
    },
    {
      "Target": "Parameter",
      "Id": "ParamSheTouChu",
      "Segments": [
        0,
        0,
        0,
        12,
        0
      ]
    },
    {
      "Target": "Parameter",
      "Id": "ParamSheTouTian",
      "Segments": [
        0,
        0,
        0,
        12,
        0
      ]
    },
    {
      "Target": "Parameter",
      "Id": "ParamSheTou2RLayer",
      "Segments": [
        0,
        0,
        0,
        12,
        0
      ]
    },
    {
      "Target": "Parameter",
      "Id": "ParamCheek",
      "Segments": [
        0,
        0,
        0,
        12,
        0
      ]
    },
    {
      "Target": "Parameter",
      "Id": "ParamBodyAngleY",
      "Segments": [
        0,
        0,
        0,
        12,
        0
      ]
    },
    {
      "Target": "Parameter",
      "Id": "ParamBodyAngleZ",
      "Segments": [
        0,
        0,
        0,
        12,
        0
      ]
    },
    {
      "Target": "Parameter",
      "Id": "ParamBreath",
      "Segments": [
        0,
        0,
        0,
        12,
        0
      ]
    },
    {
      "Target": "Parameter",
      "Id": "ParamArmUpperLMoveLength",
      "Segments": [
        0,
        0,
        0,
        12,
        0
      ]
    },
    {
      "Target": "Parameter",
      "Id": "ParamArmUpperRMoveAngel",
      "Segments": [
        0,
        0,
        0,
        12,
        0
      ]
    },
    {
      "Target": "Parameter",
      "Id": "ParamArmUpperRMoveLength",
      "Segments": [
        0,
        0,
        0,
        12,
        0
      ]
    },
    {
      "Target": "Parameter",
      "Id": "ParamArmForeRMoveAngel",
      "Segments": [
        0,
        0,
        0,
        12,
        0
      ]
    },
    {
      "Target": "Parameter",
      "Id": "ParamArmForeRMoveLength",
      "Segments": [
        0,
        0,
        0,
        12,
        0
      ]
    },
    {
      "Target": "Parameter",
      "Id": "ParamHandRMoveAngel",
      "Segments": [
        0,
        0,
        0,
        12,
        0
      ]
    },
    {
      "Target": "Parameter",
      "Id": "ParamHandLNieDmzLayer",
      "Segments": [
        0,
        0,
        0,
        12,
        0
      ]
    },
    {
      "Target": "Parameter",
      "Id": "ParamDeng2",
      "Segments": [
        0,
        0,
        0,
        12,
        0
      ]
    },
    {
      "Target": "Parameter",
      "Id": "ParamDeng3",
      "Segments": [
        0,
        0,
        0,
        12,
        0
      ]
    },
    {
      "Target": "Parameter",
      "Id": "ParamArmForeLNieAlpha",
      "Segments": [
        0,
        0,
        0,
        12,
        0
      ]
    },
    {
      "Target": "Parameter",
      "Id": "ParamHandLDefaultAlpha",
      "Segments": [
        0,
        1,
        0,
        12,
        1
      ]
    },
    {
      "Target": "Parameter",
      "Id": "ParamHandLNieAlpha",
      "Segments": [
        0,
        0,
        0,
        12,
        0
      ]
    },
    {
      "Target": "Parameter",
      "Id": "ParamDeng4",
      "Segments": [
        0,
        0,
        0,
        12,
        0
      ]
    },
    {
      "Target": "Parameter",
      "Id": "ParamHandLMoveToNietoNakai2",
      "Segments": [
        0,
        0,
        0,
        12,
        0
      ]
    },
    {
      "Target": "Parameter",
      "Id": "ParamHandLNieZhi",
      "Segments": [
        0,
        0,
        0,
        12,
        0
      ]
    },
    {
      "Target": "Parameter",
      "Id": "ParamHandRGanLayer",
      "Segments": [
        0,
        0,
        0,
        12,
        0
      ]
    },
    {
      "Target": "Parameter",
      "Id": "ParamDeng5",
      "Segments": [
        0,
        0,
        0,
        12,
        0
      ]
    },
    {
      "Target": "Parameter",
      "Id": "ParamHandRDMZ",
      "Segments": [
        0,
        0,
        0,
        12,
        0
      ]
    },
    {
      "Target": "Parameter",
      "Id": "ParamHandRSZ",
      "Segments": [
        0,
        0,
        0,
        12,
        0
      ]
    },
    {
      "Target": "Parameter",
      "Id": "ParamHandRZZ",
      "Segments": [
        0,
        0,
        0,
        12,
        0
      ]
    },
    {
      "Target": "Parameter",
      "Id": "ParamHandRWMZ",
      "Segments": [
        0,
        0,
        0,
        12,
        0
      ]
    },
    {
      "Target": "Parameter",
      "Id": "ParamHandRXZ",
      "Segments": [
        0,
        0,
        0,
        12,
        0
      ]
    },
    {
      "Target": "Parameter",
      "Id": "ParamDeng6",
      "Segments": [
        0,
        0,
        0,
        12,
        0
      ]
    },
    {
      "Target": "Parameter",
      "Id": "ParamArmForeRMoveAlpha",
      "Segments": [
        0,
        1,
        0,
        12,
        1
      ]
    },
    {
      "Target": "Parameter",
      "Id": "ParamArmForeRPengAlpha",
      "Segments": [
        0,
        0,
        0,
        12,
        0
      ]
    },
    {
      "Target": "Parameter",
      "Id": "ParamHandRDefaultAlpha",
      "Segments": [
        0,
        1,
        0,
        12,
        1
      ]
    },
    {
      "Target": "Parameter",
      "Id": "ParamHandRMoveAlpha",
      "Segments": [
        0,
        0,
        0,
        12,
        0
      ]
    },
    {
      "Target": "Parameter",
      "Id": "ParamHandRPengAlpha",
      "Segments": [
        0,
        0,
        0,
        12,
        0
      ]
    },
    {
      "Target": "Parameter",
      "Id": "ParamDeng7",
      "Segments": [
        0,
        0,
        0,
        12,
        0
      ]
    },
    {
      "Target": "Parameter",
      "Id": "ParamLu",
      "Segments": [
        0,
        0,
        0,
        12,
        0
      ]
    },
    {
      "Target": "Parameter",
      "Id": "ParamLuPosition",
      "Segments": [
        0,
        0,
        0,
        12,
        0
      ]
    },
    {
      "Target": "Parameter",
      "Id": "ParamBodyUpperZheng",
      "Segments": [
        0,
        10,
        0,
        12,
        10
      ]
    },
    {
      "Target": "Parameter",
      "Id": "ParamChestPhysicX",
      "Segments": [
        0,
        0,
        0,
        12,
        0
      ]
    },
    {
      "Target": "Parameter",
      "Id": "ParamChestPhysicY",
      "Segments": [
        0,
        0,
        0,
        12,
        0
      ]
    },
    {
      "Target": "Parameter",
      "Id": "ParamHairSide",
      "Segments": [
        0,
        0,
        0,
        12,
        0
      ]
    },
    {
      "Target": "Parameter",
      "Id": "ParamHairAcce",
      "Segments": [
        0,
        0,
        0,
        12,
        0
      ]
    },
    {
      "Target": "Parameter",
      "Id": "ParamShuiZhuChestL1",
      "Segments": [
        0,
        0,
        0,
        12,
        0
      ]
    },
    {
      "Target": "Parameter",
      "Id": "ParamShuiZhuChestL2",
      "Segments": [
        0,
        0,
        0,
        12,
        0
      ]
    },
    {
      "Target": "Parameter",
      "Id": "ParamShuiZhuChestL3",
      "Segments": [
        0,
        0,
        0,
        12,
        0
      ]
    },
    {
      "Target": "Parameter",
      "Id": "ParamShuiZhuChestL5",
      "Segments": [
        0,
        0,
        0,
        12,
        0
      ]
    },
    {
      "Target": "Parameter",
      "Id": "ParamShuiZhuChestL7",
      "Segments": [
        0,
        0,
        0,
        12,
        0
      ]
    },
    {
      "Target": "Parameter",
      "Id": "ParamDeng1",
      "Segments": [
        0,
        0,
        0,
        12,
        0
      ]
    },
    {
      "Target": "Parameter",
      "Id": "ParamShuiZhuChestR2",
      "Segments": [
        0,
        0,
        0,
        12,
        0
      ]
    },
    {
      "Target": "Parameter",
      "Id": "ParamShuiZhuChesrtR3",
      "Segments": [
        0,
        0,
        0,
        12,
        0
      ]
    },
    {
      "Target": "Parameter",
      "Id": "ParamShuiZhuChestR4",
      "Segments": [
        0,
        0,
        0,
        12,
        0
      ]
    },
    {
      "Target": "Parameter",
      "Id": "ParamWuliBase",
      "Segments": [
        0,
        0,
        0,
        12,
        0
      ]
    },
    {
      "Target": "PartOpacity",
      "Id": "PartLoginParts",
      "Segments": [
        0,
        0,
        0,
        12,
        0
      ]
    },
    {
      "Target": "PartOpacity",
      "Id": "PartShuizhuDange",
      "Segments": [
        0,
        0,
        0,
        12,
        0
      ]
    },
    {
      "Target": "PartOpacity",
      "Id": "PartMask",
      "Segments": [
        0,
        0,
        0,
        12,
        0
      ]
    },
    {
      "Target": "PartOpacity",
      "Id": "PartHandLCongxia",
      "Segments": [
        0,
        0,
        0,
        12,
        0
      ]
    },
    {
      "Target": "PartOpacity",
      "Id": "PartHandLNakaiDuli",
      "Segments": [
        0,
        0,
        0,
        12,
        0
      ]
    },
    {
      "Target": "PartOpacity",
      "Id": "PartHandLNie",
      "Segments": [
        0,
        0,
        0,
        12,
        0
      ]
    },
    {
      "Target": "PartOpacity",
      "Id": "PartHandRPeng",
      "Segments": [
        0,
        0,
        0,
        12,
        0
      ]
    },
    {
      "Target": "PartOpacity",
      "Id": "PartHandRMove",
      "Segments": [
        0,
        0,
        0,
        12,
        0
      ]
    },
    {
      "Target": "PartOpacity",
      "Id": "PartHandRDefault",
      "Segments": [
        0,
        1,
        0,
        12,
        1
      ]
    },
    {
      "Target": "PartOpacity",
      "Id": "PartArmRMove",
      "Segments": [
        0,
        0,
        0,
        12,
        0
      ]
    },
    {
      "Target": "PartOpacity",
      "Id": "PartArmRDefault",
      "Segments": [
        0,
        1,
        0,
        12,
        1
      ]
    },
    {
      "Target": "PartOpacity",
      "Id": "PartAhogeShuai",
      "Segments": [
        0,
        0,
        0,
        12,
        0
      ]
    },
    {
      "Target": "PartOpacity",
      "Id": "PartHairFrontShuai",
      "Segments": [
        0,
        0,
        0,
        12,
        0
      ]
    },
    {
      "Target": "PartOpacity",
      "Id": "PartMouthKey",
      "Segments": [
        0,
        0,
        0,
        12,
        0
      ]
    },
    {
      "Target": "PartOpacity",
      "Id": "PartShaoziHan",
      "Segments": [
        0,
        0,
        0,
        12,
        0
      ]
    }
  ],
  "UserData": [
    {
      "Time": 0.0,
      "Value": ""
    },
    {
      "Time": 11.5,
      "Value": ""
    }
  ]
}