{
  "Version": 3,
  "Meta": {
    "Duration": 8.17,
    "Fps": 30.0,
    "Loop": true,
    "CurveCount": 140,
    "TotalSegmentCount": 592,
    "TotalPointCount": 888,
    "UserDataCount": 2,
    "TotalUserDataSize": 0
  },
  "Curves": [
    {
      "Target": "Parameter",
      "Id": "ParamAngleX",
      "Segments": [
        0,
        2.112,
        1,
        0.211,
        -0.305,
        0.422,
        -15.485,
        0.633,
        -15.485,
        0,
        1.467,
        15.483,
        0,
        2.633,
        11.875,
        0,
        3.5,
        16.685,
        0,
        4.667,
        10.812,
        1,
        5.134,
        10.812,
        5.6,
        10.879,
        6.067,
        11.968,
        1,
        6.334,
        12.591,
        6.6,
        15.4,
        6.867,
        15.4,
        1,
        7.134,
        15.4,
        7.4,
        12.983,
        7.667,
        9.998,
        1,
        7.834,
        8.132,
        8,
        7.024,
        8.167,
        5.588
      ]
    },
    {
      "Target": "Parameter",
      "Id": "ParamAngleY",
      "Segments": [
        0,
        -3.139,
        1,
        0.167,
        -4.017,
        0.333,
        -4.654,
        0.5,
        -5.864,
        1,
        0.556,
        -6.268,
        0.611,
        -9.323,
        0.667,
        -9.323,
        1,
        0.978,
        -9.323,
        1.289,
        24.682,
        1.6,
        25.351,
        1,
        2.544,
        27.382,
        3.489,
        29.998,
        4.433,
        30,
        2,
        5.933,
        30,
        1,
        6.233,
        30,
        6.533,
        26.37,
        6.833,
        20.234,
        1,
        7.111,
        14.552,
        7.389,
        8.617,
        7.667,
        4.176,
        1,
        7.834,
        1.512,
        8,
        -0.433,
        8.167,
        -2.089
      ]
    },
    {
      "Target": "Parameter",
      "Id": "ParamAngleZ",
      "Segments": [
        0,
        17.845,
        1,
        0.167,
        19.131,
        0.333,
        20.428,
        0.5,
        21.854,
        1,
        0.567,
        22.424,
        0.633,
        22.954,
        0.7,
        23.599,
        1,
        1.133,
        27.792,
        1.567,
        29.996,
        2,
        29.996,
        0,
        3.2,
        -5.452,
        0,
        4.967,
        20.184,
        0,
        5.7,
        16.936,
        0,
        6.633,
        22.272,
        1,
        6.978,
        22.272,
        7.322,
        14.646,
        7.667,
        7.683,
        1,
        7.834,
        4.314,
        8,
        3.486,
        8.167,
        1.152
      ]
    },
    {
      "Target": "Parameter",
      "Id": "ParamEyeLOpen",
      "Segments": [
        0,
        1,
        2,
        0.633,
        1,
        0,
        1.4,
        0.008,
        0,
        2.1,
        1,
        2,
        5.167,
        1,
        0,
        5.6,
        0,
        1,
        5.789,
        0,
        5.978,
        0.996,
        6.167,
        0.997,
        1,
        6.667,
        1,
        7.167,
        1,
        7.667,
        1,
        2,
        8.167,
        1
      ]
    },
    {
      "Target": "Parameter",
      "Id": "ParamEyeLSmile",
      "Segments": [
        0,
        0,
        2,
        5.167,
        0,
        0,
        5.6,
        1,
        0,
        6.167,
        0,
        2,
        7.667,
        0,
        2,
        8.167,
        0
      ]
    },
    {
      "Target": "Parameter",
      "Id": "ParamEyeROpen",
      "Segments": [
        0,
        1,
        2,
        0.633,
        1,
        0,
        1.4,
        0.008,
        0,
        2.1,
        1,
        1,
        3.122,
        1,
        4.145,
        0.999,
        5.167,
        0.997,
        0,
        5.6,
        0,
        1,
        5.789,
        0,
        5.978,
        0.996,
        6.167,
        0.997,
        1,
        6.667,
        1,
        7.167,
        1,
        7.667,
        1,
        2,
        8.167,
        1
      ]
    },
    {
      "Target": "Parameter",
      "Id": "ParamEyeRSmile",
      "Segments": [
        0,
        0,
        2,
        5.167,
        0,
        0,
        5.6,
        1,
        0,
        6.167,
        0,
        2,
        7.667,
        0,
        2,
        8.167,
        0
      ]
    },
    {
      "Target": "Parameter",
      "Id": "ParamEyeBallX",
      "Segments": [
        0,
        -0.229,
        1,
        2.289,
        -0.263,
        4.578,
        -0.4,
        6.867,
        -0.4,
        1,
        7.134,
        -0.4,
        7.4,
        -0.32,
        7.667,
        -0.221,
        1,
        7.834,
        -0.159,
        8,
        -0.122,
        8.167,
        -0.074
      ]
    },
    {
      "Target": "Parameter",
      "Id": "ParamEyeBallY",
      "Segments": [
        0,
        -0.069,
        1,
        2.289,
        -0.092,
        4.578,
        -0.183,
        6.867,
        -0.183,
        1,
        7.134,
        -0.183,
        7.4,
        -0.118,
        7.667,
        -0.064,
        1,
        7.834,
        -0.03,
        8,
        -0.015,
        8.167,
        0.003
      ]
    },
    {
      "Target": "Parameter",
      "Id": "ParamBrowLStyle1",
      "Segments": [
        0,
        0,
        2,
        0.767,
        0,
        0,
        1.4,
        0.5,
        2,
        6.267,
        0.5,
        0,
        6.867,
        0,
        2,
        7.667,
        0,
        2,
        8.167,
        0
      ]
    },
    {
      "Target": "Parameter",
      "Id": "ParamBrowRStyle1",
      "Segments": [
        0,
        0,
        2,
        0.767,
        0,
        0,
        1.4,
        0.5,
        2,
        6.267,
        0.5,
        0,
        6.867,
        0,
        2,
        7.667,
        0,
        2,
        8.167,
        0
      ]
    },
    {
      "Target": "Parameter",
      "Id": "ParamMouthForm",
      "Segments": [
        0,
        1,
        2,
        0.5,
        1,
        2,
        7.267,
        1,
        0,
        8.167,
        0
      ]
    },
    {
      "Target": "Parameter",
      "Id": "ParamBodyUpperZ",
      "Segments": [
        0,
        -0.882,
        1,
        0.167,
        -0.45,
        0.333,
        -0.409,
        0.5,
        0,
        1,
        0.578,
        0.191,
        0.655,
        1.916,
        0.733,
        1.916,
        0,
        1.167,
        0.15,
        0,
        1.6,
        0.637,
        0,
        2.9,
        -10,
        0,
        4.6,
        -2.767,
        0,
        5.567,
        -10,
        1,
        5.711,
        -10,
        5.856,
        -10.045,
        6,
        -7.784,
        1,
        6.222,
        -4.304,
        6.445,
        0.448,
        6.667,
        0.448,
        0,
        7.4,
        -1.964,
        1,
        7.489,
        -1.964,
        7.578,
        -1.596,
        7.667,
        -0.979,
        1,
        7.834,
        0.176,
        8,
        1.387,
        8.167,
        2.377
      ]
    },
    {
      "Target": "Parameter",
      "Id": "ParamBodyUpperY",
      "Segments": [
        0,
        8.509,
        1,
        0.167,
        8.673,
        0.333,
        8.908,
        0.5,
        9.23,
        1,
        0.544,
        9.316,
        0.589,
        10,
        0.633,
        10,
        1,
        0.778,
        10,
        0.922,
        4.857,
        1.067,
        3.97,
        1,
        1.456,
        1.583,
        1.844,
        1.168,
        2.233,
        1.168,
        0,
        3.867,
        2.849,
        0,
        5.733,
        2.255,
        1,
        5.922,
        2.255,
        6.111,
        7.165,
        6.3,
        8.816,
        1,
        6.456,
        10.175,
        6.611,
        10,
        6.767,
        10,
        2,
        6.967,
        10,
        1,
        7.2,
        10,
        7.434,
        8.685,
        7.667,
        8.311,
        1,
        7.778,
        8.133,
        7.889,
        8.2,
        8,
        8.2,
        1,
        8.056,
        8.2,
        8.111,
        8.179,
        8.167,
        8.214
      ]
    },
    {
      "Target": "Parameter",
      "Id": "ParamBodyAngleX",
      "Segments": [
        0,
        -0.836,
        1,
        0.167,
        -0.41,
        0.333,
        -0.376,
        0.5,
        0.023,
        1,
        0.578,
        0.209,
        0.655,
        1.905,
        0.733,
        1.905,
        0,
        1.167,
        0.139,
        0,
        1.6,
        0.65,
        0,
        2.9,
        -10,
        0,
        4.6,
        -2.741,
        0,
        5.6,
        -10,
        1,
        5.733,
        -10,
        5.867,
        -10.001,
        6,
        -7.759,
        1,
        6.222,
        -4.021,
        6.445,
        0.465,
        6.667,
        0.465,
        0,
        7.4,
        -1.928,
        1,
        7.489,
        -1.928,
        7.578,
        -1.565,
        7.667,
        -0.952,
        1,
        7.834,
        0.197,
        8,
        1.397,
        8.167,
        2.393
      ]
    },
    {
      "Target": "Parameter",
      "Id": "ParamBodyLowerY",
      "Segments": [
        0,
        7.029,
        1,
        0.167,
        8.019,
        0.333,
        10,
        0.5,
        10,
        0,
        0.633,
        8.32,
        0,
        1.867,
        9.999,
        0,
        5,
        -9.998,
        1,
        5.378,
        -9.998,
        5.755,
        0.744,
        6.133,
        6.365,
        1,
        6.4,
        10.333,
        6.666,
        10,
        6.933,
        10,
        1,
        7.011,
        10,
        7.089,
        9.51,
        7.167,
        9.272,
        1,
        7.334,
        8.763,
        7.5,
        8.459,
        7.667,
        8.036,
        1,
        7.834,
        7.614,
        8,
        7.077,
        8.167,
        6.736
      ]
    },
    {
      "Target": "Parameter",
      "Id": "ParamBodyLowerX",
      "Segments": [
        0,
        0.289,
        1,
        0.167,
        0.197,
        0.333,
        0.102,
        0.5,
        0,
        1,
        0.544,
        -0.027,
        0.589,
        -1.053,
        0.633,
        -1.053,
        0,
        2.233,
        9.994,
        0,
        3.733,
        -9.998,
        0,
        5.233,
        10,
        0,
        6.2,
        -1.235,
        0,
        6.667,
        -1.065,
        1,
        7,
        -1.065,
        7.334,
        -6.855,
        7.667,
        -9.548,
        1,
        7.767,
        -10.356,
        7.867,
        -10,
        7.967,
        -10,
        1,
        8.034,
        -10,
        8.1,
        -10.113,
        8.167,
        -9.912
      ]
    },
    {
      "Target": "Parameter",
      "Id": "ParamArmUpperLMoveAngel",
      "Segments": [
        0,
        0,
        2,
        0.5,
        0,
        0,
        0.667,
        2,
        1,
        0.922,
        2,
        1.178,
        -4.393,
        1.433,
        -5.256,
        1,
        1.689,
        -6.119,
        1.944,
        -5.973,
        2.2,
        -5.973,
        0,
        4.367,
        -4.749,
        0,
        5.667,
        -6.666,
        1,
        5.834,
        -6.666,
        6,
        -6.257,
        6.167,
        -4.591,
        1,
        6.434,
        -1.925,
        6.7,
        0,
        6.967,
        0,
        2,
        7.667,
        0,
        2,
        8.167,
        0
      ]
    },
    {
      "Target": "Parameter",
      "Id": "ParamArmForeLMoveAngel",
      "Segments": [
        0,
        0,
        2,
        0.5,
        0,
        0,
        0.767,
        -3.972,
        1,
        1.056,
        -3.972,
        1.344,
        28.736,
        1.633,
        32.977,
        1,
        1.9,
        36.891,
        2.166,
        36.302,
        2.433,
        36.302,
        0,
        4.8,
        34.366,
        0,
        5.833,
        36.075,
        0,
        6.967,
        0,
        2,
        7.667,
        0,
        2,
        8.167,
        0
      ]
    },
    {
      "Target": "Parameter",
      "Id": "ParamArmForeLMoveLength",
      "Segments": [
        0,
        0,
        2,
        0.5,
        0,
        2,
        0.767,
        0,
        0,
        1.633,
        10,
        2,
        5.833,
        10,
        0,
        6.967,
        0,
        2,
        7.333,
        0,
        2,
        7.667,
        0,
        2,
        8.167,
        0
      ]
    },
    {
      "Target": "Parameter",
      "Id": "ParamHandLMoveAngel",
      "Segments": [
        0,
        0,
        2,
        0.5,
        0,
        1,
        0.6,
        0,
        0.7,
        7.28,
        0.8,
        8.156,
        1,
        0.911,
        9.131,
        1.022,
        9.021,
        1.133,
        9.021,
        0,
        1.567,
        -5,
        0,
        1.9,
        -4.823,
        0,
        2.533,
        -5.008,
        1,
        3.366,
        -5.008,
        4.2,
        -4.959,
        5.033,
        -4.808,
        1,
        5.189,
        -4.78,
        5.344,
        -4.676,
        5.5,
        -4.676,
        0,
        5.933,
        -5.073,
        1,
        6.144,
        -5.073,
        6.356,
        -4.9,
        6.567,
        -3.826,
        1,
        6.7,
        -3.148,
        6.834,
        -0.829,
        6.967,
        0,
        1,
        7.156,
        1.175,
        7.344,
        1.416,
        7.533,
        1.416,
        0,
        7.667,
        0,
        2,
        8.167,
        0
      ]
    },
    {
      "Target": "Parameter",
      "Id": "ParamHandLGanLayer",
      "Segments": [
        0,
        0,
        2,
        0.5,
        0,
        0,
        0.533,
        -1,
        2,
        6.9,
        -1,
        0,
        6.933,
        0,
        2,
        7.667,
        0,
        2,
        8.167,
        0
      ]
    },
    {
      "Target": "Parameter",
      "Id": "ParamHandLDefaultDMZ",
      "Segments": [
        0,
        0,
        2,
        0.133,
        0,
        0,
        0.633,
        1,
        2,
        1.533,
        1,
        2,
        6.067,
        1,
        2,
        6.967,
        1,
        0,
        7.667,
        0,
        2,
        8.167,
        0
      ]
    },
    {
      "Target": "Parameter",
      "Id": "ParamHandLDefaultSZ",
      "Segments": [
        0,
        0,
        2,
        0.133,
        0,
        0,
        0.633,
        1,
        2,
        1.533,
        1,
        2,
        6.067,
        1,
        2,
        6.967,
        1,
        0,
        7.667,
        0,
        2,
        8.167,
        0
      ]
    },
    {
      "Target": "Parameter",
      "Id": "ParamHandLDefaultZZ",
      "Segments": [
        0,
        0,
        2,
        0.133,
        0,
        0,
        0.633,
        1,
        2,
        1.533,
        1,
        2,
        6.067,
        1,
        2,
        6.967,
        1,
        0,
        7.667,
        0,
        2,
        8.167,
        0
      ]
    },
    {
      "Target": "Parameter",
      "Id": "ParamHandLDefaultWMZ",
      "Segments": [
        0,
        0,
        2,
        0.133,
        0,
        0,
        0.633,
        1,
        2,
        1.533,
        1,
        2,
        6.067,
        1,
        2,
        6.967,
        1,
        0,
        7.667,
        0,
        2,
        8.167,
        0
      ]
    },
    {
      "Target": "Parameter",
      "Id": "ParamHandLDefaultXZ",
      "Segments": [
        0,
        0,
        2,
        0.133,
        0,
        0,
        0.633,
        1,
        2,
        1.533,
        1,
        2,
        6.067,
        1,
        2,
        6.967,
        1,
        0,
        7.667,
        0,
        2,
        8.167,
        0
      ]
    },
    {
      "Target": "Parameter",
      "Id": "ParamArmForeLMoveAlpha",
      "Segments": [
        0,
        1,
        2,
        0.767,
        1,
        2,
        1.133,
        1,
        0,
        1.5,
        0,
        2,
        6.267,
        0,
        0,
        6.5,
        1,
        2,
        7.667,
        1,
        2,
        8.167,
        1
      ]
    },
    {
      "Target": "Parameter",
      "Id": "ParamArmForeLNieAlpha",
      "Segments": [
        0,
        0,
        2,
        0.767,
        0,
        0,
        1.167,
        1,
        2,
        6.5,
        1,
        0,
        6.833,
        0,
        2,
        7.667,
        0,
        2,
        8.167,
        0
      ]
    },
    {
      "Target": "Parameter",
      "Id": "ParamHandLMoveAlpha",
      "Segments": [
        0,
        1,
        2,
        1.4,
        1,
        0,
        1.433,
        0,
        2,
        6.067,
        0,
        0,
        6.267,
        1,
        2,
        8.167,
        1
      ]
    },
    {
      "Target": "Parameter",
      "Id": "ParamHandLNieAlpha",
      "Segments": [
        0,
        0,
        2,
        1.1,
        0,
        0,
        1.4,
        1,
        2,
        6.267,
        1,
        0,
        6.5,
        0,
        2,
        7.667,
        0,
        2,
        8.167,
        0
      ]
    },
    {
      "Target": "Parameter",
      "Id": "ParamHandLMoveToNietoNakai2",
      "Segments": [
        0,
        0,
        2,
        0.633,
        0,
        0,
        1.533,
        1,
        2,
        6.167,
        1,
        0,
        6.833,
        0,
        2,
        7.667,
        0,
        2,
        8.167,
        0
      ]
    },
    {
      "Target": "Parameter",
      "Id": "ParamChestSqueeze",
      "Segments": [
        0,
        0.821,
        1,
        0.133,
        0.872,
        0.267,
        1,
        0.4,
        1,
        2,
        1.033,
        1,
        0,
        2.2,
        0.7,
        1,
        3.356,
        0.7,
        4.511,
        0.701,
        5.667,
        0.705,
        1,
        5.911,
        0.706,
        6.156,
        1,
        6.4,
        1,
        2,
        6.9,
        1,
        1,
        7.156,
        1,
        7.411,
        0.926,
        7.667,
        0.875,
        1,
        7.834,
        0.842,
        8,
        0.828,
        8.167,
        0.813
      ]
    },
    {
      "Target": "Parameter",
      "Id": "ParamChestSqueezeL",
      "Segments": [
        0,
        1,
        2,
        1.033,
        1,
        1,
        1.422,
        0,
        1.811,
        0,
        2.2,
        0,
        0,
        4.367,
        0.106,
        0,
        5.667,
        0,
        0,
        6.4,
        1,
        2,
        7.667,
        1,
        2,
        8.167,
        1
      ]
    },
    {
      "Target": "Parameter",
      "Id": "ParamChestLX",
      "Segments": [
        0,
        -0.024,
        1,
        0.022,
        -0.03,
        0.045,
        -0.033,
        0.067,
        -0.033,
        0,
        0.3,
        0.008,
        0,
        0.467,
        0.004,
        2,
        2.067,
        0.004,
        0,
        3,
        -0.101,
        0,
        4.533,
        0.289,
        0,
        5.833,
        -0.14,
        0,
        6.6,
        0.071,
        0,
        7.667,
        -0.359,
        1,
        7.834,
        -0.359,
        8,
        -0.37,
        8.167,
        -0.28
      ]
    },
    {
      "Target": "Parameter",
      "Id": "ParamChestLY",
      "Segments": [
        0,
        -0.006,
        2,
        0.033,
        -0.006,
        0,
        0.267,
        -0.01,
        2,
        0.3,
        -0.01,
        2,
        0.367,
        -0.01,
        0,
        0.433,
        -0.008,
        0,
        0.5,
        -0.01,
        0,
        0.533,
        -0.009,
        0,
        0.8,
        -0.159,
        0,
        1.4,
        0.181,
        0,
        1.9,
        -0.114,
        0,
        2.433,
        0.043,
        0,
        2.8,
        -0.008,
        0,
        4,
        0.02,
        0,
        4.267,
        0.012,
        2,
        4.3,
        0.012,
        0,
        4.433,
        0.01,
        2,
        4.467,
        0.01,
        0,
        4.5,
        0.008,
        0,
        4.533,
        0.009,
        0,
        4.667,
        0.005,
        2,
        4.7,
        0.005,
        0,
        4.9,
        0.001,
        2,
        4.933,
        0.001,
        0,
        5.133,
        -0.004,
        2,
        5.167,
        -0.004,
        0,
        5.3,
        -0.007,
        2,
        5.333,
        -0.007,
        0,
        5.8,
        -0.084,
        0,
        6.467,
        0.167,
        0,
        6.9,
        -0.028,
        0,
        7.3,
        0.049,
        1,
        7.422,
        0.049,
        7.545,
        0.031,
        7.667,
        -0.01,
        1,
        7.834,
        -0.065,
        8,
        -0.138,
        8.167,
        -0.18
      ]
    },
    {
      "Target": "Parameter",
      "Id": "ParamChestRX",
      "Segments": [
        0,
        -0.024,
        1,
        0.022,
        -0.03,
        0.045,
        -0.033,
        0.067,
        -0.033,
        0,
        0.3,
        0.008,
        0,
        0.467,
        0.004,
        1,
        1,
        0.003,
        1.534,
        0.003,
        2.067,
        0.002,
        0,
        3,
        -0.102,
        0,
        4.533,
        0.288,
        0,
        5.833,
        -0.141,
        0,
        6.6,
        0.069,
        0,
        7.667,
        -0.358,
        1,
        7.834,
        -0.358,
        8,
        -0.369,
        8.167,
        -0.279
      ]
    },
    {
      "Target": "Parameter",
      "Id": "ParamChestRY",
      "Segments": [
        0,
        -0.006,
        2,
        0.033,
        -0.006,
        0,
        0.267,
        -0.01,
        2,
        0.3,
        -0.01,
        2,
        0.367,
        -0.01,
        0,
        0.433,
        -0.008,
        0,
        0.5,
        -0.01,
        0,
        0.533,
        -0.009,
        0,
        0.8,
        -0.161,
        0,
        1.4,
        0.179,
        0,
        1.9,
        -0.109,
        0,
        2.467,
        0.042,
        0,
        2.8,
        -0.008,
        0,
        4,
        0.02,
        0,
        4.267,
        0.012,
        2,
        4.3,
        0.012,
        0,
        4.433,
        0.01,
        2,
        4.467,
        0.01,
        0,
        4.5,
        0.008,
        0,
        4.533,
        0.009,
        0,
        4.667,
        0.005,
        2,
        4.7,
        0.005,
        0,
        4.9,
        0.001,
        2,
        4.933,
        0.001,
        0,
        5.133,
        -0.004,
        2,
        5.167,
        -0.004,
        0,
        5.3,
        -0.007,
        2,
        5.333,
        -0.007,
        0,
        5.367,
        -0.009,
        0,
        5.4,
        -0.008,
        0,
        5.8,
        -0.082,
        0,
        6.5,
        0.161,
        0,
        6.9,
        -0.03,
        0,
        7.3,
        0.049,
        1,
        7.422,
        0.049,
        7.545,
        0.031,
        7.667,
        -0.01,
        1,
        7.834,
        -0.065,
        8,
        -0.137,
        8.167,
        -0.18
      ]
    },
    {
      "Target": "Parameter",
      "Id": "ParamAhoge",
      "Segments": [
        0,
        0.622,
        1,
        0.133,
        0.726,
        0.267,
        0.81,
        0.4,
        0.81,
        0,
        1,
        -0.639,
        0,
        1.633,
        0.915,
        0,
        2.133,
        0.275,
        0,
        2.533,
        0.414,
        0,
        3.1,
        0.178,
        0,
        3.733,
        0.371,
        0,
        5.067,
        0.107,
        1,
        5.522,
        0.107,
        5.978,
        0.158,
        6.433,
        0.246,
        1,
        6.6,
        0.278,
        6.766,
        0.287,
        6.933,
        0.287,
        0,
        7.567,
        0.138,
        1,
        7.6,
        0.138,
        7.634,
        0.207,
        7.667,
        0.208,
        1,
        7.678,
        0.209,
        7.689,
        0.209,
        7.7,
        0.209,
        1,
        7.856,
        0.209,
        8.011,
        0.207,
        8.167,
        0.15
      ]
    },
    {
      "Target": "Parameter",
      "Id": "ParamAhogeMo",
      "Segments": [
        0,
        0.036,
        2,
        0.033,
        0.036,
        0,
        0.233,
        -0.045,
        0,
        0.733,
        0.669,
        0,
        1.333,
        -0.968,
        0,
        1.933,
        0.468,
        0,
        2.433,
        -0.105,
        0,
        2.867,
        0.099,
        0,
        3.4,
        -0.136,
        0,
        4.133,
        0.112,
        0,
        5.467,
        -0.142,
        0,
        5.767,
        0.147,
        0,
        6.667,
        -0.076,
        1,
        6.889,
        -0.076,
        7.111,
        -0.009,
        7.333,
        0.086,
        1,
        7.444,
        0.133,
        7.556,
        0.168,
        7.667,
        0.201,
        1,
        7.8,
        0.24,
        7.934,
        0.253,
        8.067,
        0.253,
        1,
        8.1,
        0.253,
        8.134,
        0.258,
        8.167,
        0.251
      ]
    },
    {
      "Target": "Parameter",
      "Id": "ParamHairFront",
      "Segments": [
        0,
        0.758,
        1,
        0.133,
        0.778,
        0.267,
        0.789,
        0.4,
        0.789,
        0,
        1.033,
        -0.411,
        0,
        1.667,
        0.932,
        0,
        2.2,
        0.385,
        0,
        2.6,
        0.473,
        0,
        3.167,
        0.274,
        0,
        3.767,
        0.416,
        0,
        5.067,
        0.185,
        0,
        5.5,
        0.573,
        0,
        6.833,
        0.331,
        0,
        7.667,
        0.397,
        1,
        7.834,
        0.397,
        8,
        0.387,
        8.167,
        0.252
      ]
    },
    {
      "Target": "Parameter",
      "Id": "ParamHairFrontMo",
      "Segments": [
        0,
        0,
        1,
        0.011,
        0.001,
        0.022,
        0.001,
        0.033,
        0.001,
        0,
        0.267,
        -0.112,
        0,
        0.8,
        0.676,
        0,
        1.433,
        -0.958,
        0,
        2,
        0.435,
        0,
        2.533,
        -0.082,
        0,
        2.967,
        0.094,
        0,
        3.533,
        -0.115,
        1,
        3.755,
        -0.115,
        3.978,
        0.102,
        4.2,
        0.108,
        1,
        4.767,
        0.124,
        5.333,
        0.125,
        5.9,
        0.125,
        0,
        6.767,
        -0.039,
        1,
        6.922,
        -0.039,
        7.078,
        0.014,
        7.233,
        0.129,
        1,
        7.378,
        0.236,
        7.522,
        0.325,
        7.667,
        0.459,
        1,
        7.811,
        0.592,
        7.956,
        0.713,
        8.1,
        0.713,
        1,
        8.122,
        0.713,
        8.145,
        0.722,
        8.167,
        0.71
      ]
    },
    {
      "Target": "Parameter",
      "Id": "ParamHairBack",
      "Segments": [
        0,
        0.655,
        1,
        0.1,
        0.668,
        0.2,
        0.676,
        0.3,
        0.676,
        0,
        0.8,
        0.098,
        0,
        1.567,
        0.875,
        0,
        1.9,
        0.522,
        0,
        2.233,
        0.678,
        0,
        3.1,
        0.484,
        2,
        3.133,
        0.484,
        2,
        3.167,
        0.484,
        0,
        3.367,
        0.488,
        0,
        3.5,
        0.487,
        0,
        3.533,
        0.488,
        0,
        4.9,
        0.32,
        1,
        5.111,
        0.32,
        5.322,
        0.564,
        5.533,
        0.594,
        1,
        5.633,
        0.608,
        5.733,
        0.602,
        5.833,
        0.602,
        1,
        6.444,
        0.602,
        7.056,
        0.446,
        7.667,
        0.098,
        1,
        7.822,
        0.009,
        7.978,
        -0.056,
        8.133,
        -0.056,
        1,
        8.144,
        -0.056,
        8.156,
        -0.057,
        8.167,
        -0.055
      ]
    },
    {
      "Target": "Parameter",
      "Id": "ParamHairBackMo",
      "Segments": [
        0,
        -0.044,
        1,
        0.067,
        -0.09,
        0.133,
        -0.147,
        0.2,
        -0.147,
        0,
        0.5,
        0.311,
        0,
        0.933,
        -0.312,
        0,
        1.3,
        0.168,
        0,
        1.533,
        -0.064,
        0,
        1.767,
        0.213,
        0,
        2.067,
        -0.265,
        0,
        2.4,
        0.219,
        0,
        2.733,
        -0.129,
        0,
        3.033,
        0.058,
        0,
        3.367,
        -0.031,
        0,
        3.767,
        0.036,
        0,
        4.133,
        -0.024,
        0,
        4.467,
        0.018,
        0,
        4.767,
        -0.008,
        0,
        4.867,
        -0.006,
        0,
        5.133,
        -0.024,
        0,
        5.467,
        0.008,
        0,
        5.767,
        -0.016,
        0,
        6.133,
        0.027,
        0,
        6.4,
        -0.023,
        0,
        6.7,
        0.039,
        0,
        6.967,
        -0.004,
        0,
        7.167,
        0.028,
        0,
        7.5,
        -0.031,
        1,
        7.556,
        -0.031,
        7.611,
        0.04,
        7.667,
        0.055,
        1,
        7.745,
        0.076,
        7.822,
        0.076,
        7.9,
        0.076,
        1,
        7.989,
        0.076,
        8.078,
        0.03,
        8.167,
        -0.024
      ]
    },
    {
      "Target": "Parameter",
      "Id": "ParamHairBackFtB",
      "Segments": [
        0,
        -0.097,
        1,
        0.222,
        -0.156,
        0.445,
        -0.215,
        0.667,
        -0.215,
        0,
        1.067,
        1,
        0,
        1.9,
        -0.164,
        0,
        2.533,
        -0.014,
        0,
        3.233,
        -0.082,
        0,
        4.733,
        0.107,
        0,
        6.2,
        -0.802,
        1,
        6.456,
        -0.802,
        6.711,
        0.125,
        6.967,
        0.274,
        1,
        7.2,
        0.409,
        7.434,
        0.441,
        7.667,
        0.492,
        1,
        7.678,
        0.494,
        7.689,
        0.492,
        7.7,
        0.492,
        1,
        7.856,
        0.492,
        8.011,
        0.485,
        8.167,
        0.367
      ]
    },
    {
      "Target": "Parameter",
      "Id": "ParamShuiZhuChestL4",
      "Segments": [
        0,
        0,
        1,
        0.111,
        0.417,
        0.222,
        0.833,
        0.333,
        1.25,
        2,
        0.367,
        0,
        2,
        7.667,
        0,
        2,
        7.833,
        0,
        1,
        7.944,
        0.119,
        8.056,
        0.238,
        8.167,
        0.357
      ]
    },
    {
      "Target": "Parameter",
      "Id": "ParamShuiZhuChestL6",
      "Segments": [
        0,
        0,
        1,
        2.556,
        0.167,
        5.111,
        0.333,
        7.667,
        0.5,
        1,
        7.8,
        0.75,
        7.934,
        1,
        8.067,
        1.25,
        2,
        8.1,
        0,
        2,
        8.167,
        0
      ]
    },
    {
      "Target": "Parameter",
      "Id": "ParamShuiZhuChestR1",
      "Segments": [
        0,
        0,
        1,
        0.056,
        0.417,
        0.111,
        0.833,
        0.167,
        1.25,
        2,
        0.2,
        0,
        2,
        7.667,
        0,
        1,
        7.834,
        0.179,
        8,
        0.357,
        8.167,
        0.536
      ]
    },
    {
      "Target": "Parameter",
      "Id": "ParamShuiZhuChestR5",
      "Segments": [
        0,
        0,
        1,
        2.4,
        0.417,
        4.8,
        0.833,
        7.2,
        1.25,
        2,
        7.233,
        0,
        1,
        7.378,
        0.167,
        7.522,
        0.333,
        7.667,
        0.5,
        1,
        7.834,
        0.679,
        8,
        0.857,
        8.167,
        1.036
      ]
    },
    {
      "Target": "Parameter",
      "Id": "ParamShuiZhuChestR6",
      "Segments": [
        0,
        1.25,
        2,
        0.033,
        0,
        1,
        2.522,
        0.417,
        5.011,
        0.833,
        7.5,
        1.25,
        2,
        7.533,
        0,
        1,
        7.578,
        0.06,
        7.622,
        0.119,
        7.667,
        0.179,
        1,
        7.834,
        0.357,
        8,
        0.536,
        8.167,
        0.714
      ]
    },
    {
      "Target": "Parameter",
      "Id": "ParamWaterWenYao",
      "Segments": [
        0,
        0,
        2,
        7.667,
        0,
        1,
        7.834,
        0.222,
        8,
        0.445,
        8.167,
        0.667
      ]
    },
    {
      "Target": "Parameter",
      "Id": "ParamWaterBaseYaoX",
      "Segments": [
        0,
        9.068,
        1,
        2.222,
        5.123,
        4.445,
        -10,
        6.667,
        -10,
        0,
        7.667,
        10,
        1,
        7.834,
        10,
        8,
        9.117,
        8.167,
        4.81
      ]
    },
    {
      "Target": "Parameter",
      "Id": "ParamWaterBaseYaoY",
      "Segments": [
        0,
        -9.946,
        1,
        2.478,
        -8.801,
        4.955,
        10,
        7.433,
        10,
        1,
        7.511,
        10,
        7.589,
        2.15,
        7.667,
        0.337,
        1,
        7.834,
        -3.548,
        8,
        -6.447,
        8.167,
        -8.732
      ]
    },
    {
      "Target": "Parameter",
      "Id": "ParamCrossLight1",
      "Segments": [
        0,
        0.047,
        1,
        2.222,
        0.244,
        4.445,
        1,
        6.667,
        1,
        0,
        7.667,
        0,
        1,
        7.834,
        0,
        8,
        0.043,
        8.167,
        0.259
      ]
    },
    {
      "Target": "Parameter",
      "Id": "ParamCrossLight2",
      "Segments": [
        0,
        0.009,
        1,
        2.411,
        0.11,
        4.822,
        1,
        7.233,
        1,
        1,
        7.378,
        1,
        7.522,
        0.466,
        7.667,
        0.321,
        1,
        7.834,
        0.153,
        8,
        0.066,
        8.167,
        0.003
      ]
    },
    {
      "Target": "Parameter",
      "Id": "ParamCrossLight3",
      "Segments": [
        0,
        0.941,
        1,
        2.178,
        0.726,
        4.355,
        0,
        6.533,
        0,
        0,
        7.667,
        0.978,
        1,
        7.834,
        0.978,
        8,
        0.673,
        8.167,
        0.458
      ]
    },
    {
      "Target": "Parameter",
      "Id": "ParamGanLight",
      "Segments": [
        0,
        0.5,
        2,
        7.667,
        0.5,
        1,
        7.834,
        0.5,
        8,
        0.493,
        8.167,
        0.557
      ]
    },
    {
      "Target": "PartOpacity",
      "Id": "PartHandLNie",
      "Segments": [
        0,
        0,
        2,
        0.53,
        1,
        2,
        6.97,
        0,
        2,
        8.17,
        0
      ]
    },
    {
      "Target": "PartOpacity",
      "Id": "PartHandLPeng",
      "Segments": [
        0,
        0,
        2,
        6.97,
        0,
        2,
        8.17,
        0
      ]
    },
    {
      "Target": "PartOpacity",
      "Id": "PartHandLMove",
      "Segments": [
        0,
        0,
        2,
        0.53,
        1,
        2,
        6.97,
        0,
        2,
        8.17,
        0
      ]
    },
    {
      "Target": "PartOpacity",
      "Id": "PartHandLDefault",
      "Segments": [
        0,
        1,
        2,
        0.53,
        0,
        2,
        6.97,
        1,
        2,
        8.17,
        1
      ]
    },
    {
      "Target": "PartOpacity",
      "Id": "PartArmLMove",
      "Segments": [
        0,
        0,
        2,
        0.53,
        1,
        2,
        6.97,
        0,
        2,
        8.17,
        0
      ]
    },
    {
      "Target": "PartOpacity",
      "Id": "PartArmLDefault",
      "Segments": [
        0,
        1,
        2,
        0.53,
        0,
        2,
        6.97,
        1,
        2,
        8.17,
        1
      ]
    },
    {
      "Target": "Parameter",
      "Id": "ParamEyeBallScale",
      "Segments": [
        0,
        0,
        0,
        8.17,
        0
      ]
    },
    {
      "Target": "Parameter",
      "Id": "ParamUruUru",
      "Segments": [
        0,
        0,
        0,
        8.17,
        0
      ]
    },
    {
      "Target": "Parameter",
      "Id": "ParamBrowLX",
      "Segments": [
        0,
        0,
        0,
        8.17,
        0
      ]
    },
    {
      "Target": "Parameter",
      "Id": "ParamBrowLY",
      "Segments": [
        0,
        0,
        0,
        8.17,
        0
      ]
    },
    {
      "Target": "Parameter",
      "Id": "ParamBrowRX",
      "Segments": [
        0,
        0,
        0,
        8.17,
        0
      ]
    },
    {
      "Target": "Parameter",
      "Id": "ParamBrowRY",
      "Segments": [
        0,
        0,
        0,
        8.17,
        0
      ]
    },
    {
      "Target": "Parameter",
      "Id": "ParamBrowLAngle",
      "Segments": [
        0,
        0,
        0,
        8.17,
        0
      ]
    },
    {
      "Target": "Parameter",
      "Id": "ParamBrowRAngle",
      "Segments": [
        0,
        0,
        0,
        8.17,
        0
      ]
    },
    {
      "Target": "Parameter",
      "Id": "ParamBrowLForm",
      "Segments": [
        0,
        0,
        0,
        8.17,
        0
      ]
    },
    {
      "Target": "Parameter",
      "Id": "ParamBrowRForm",
      "Segments": [
        0,
        0,
        0,
        8.17,
        0
      ]
    },
    {
      "Target": "Parameter",
      "Id": "ParamMouthOpenY",
      "Segments": [
        0,
        0,
        0,
        8.17,
        0
      ]
    },
    {
      "Target": "Parameter",
      "Id": "ParamSheTouChu",
      "Segments": [
        0,
        0,
        0,
        8.17,
        0
      ]
    },
    {
      "Target": "Parameter",
      "Id": "ParamSheTouTian",
      "Segments": [
        0,
        0,
        0,
        8.17,
        0
      ]
    },
    {
      "Target": "Parameter",
      "Id": "ParamSheTou2RLayer",
      "Segments": [
        0,
        0,
        0,
        8.17,
        0
      ]
    },
    {
      "Target": "Parameter",
      "Id": "ParamCheek",
      "Segments": [
        0,
        0,
        0,
        8.17,
        0
      ]
    },
    {
      "Target": "Parameter",
      "Id": "ParamBodyAngleY",
      "Segments": [
        0,
        0,
        0,
        8.17,
        0
      ]
    },
    {
      "Target": "Parameter",
      "Id": "ParamBodyAngleZ",
      "Segments": [
        0,
        0,
        0,
        8.17,
        0
      ]
    },
    {
      "Target": "Parameter",
      "Id": "ParamBreath",
      "Segments": [
        0,
        0,
        0,
        8.17,
        0
      ]
    },
    {
      "Target": "Parameter",
      "Id": "ParamArmUpperLMoveLength",
      "Segments": [
        0,
        0,
        0,
        8.17,
        0
      ]
    },
    {
      "Target": "Parameter",
      "Id": "ParamArmUpperRMoveAngel",
      "Segments": [
        0,
        0,
        0,
        8.17,
        0
      ]
    },
    {
      "Target": "Parameter",
      "Id": "ParamArmUpperRMoveLength",
      "Segments": [
        0,
        0,
        0,
        8.17,
        0
      ]
    },
    {
      "Target": "Parameter",
      "Id": "ParamArmForeRMoveAngel",
      "Segments": [
        0,
        0,
        0,
        8.17,
        0
      ]
    },
    {
      "Target": "Parameter",
      "Id": "ParamArmForeRMoveLength",
      "Segments": [
        0,
        0,
        0,
        8.17,
        0
      ]
    },
    {
      "Target": "Parameter",
      "Id": "ParamHandRMoveAngel",
      "Segments": [
        0,
        0,
        0,
        8.17,
        0
      ]
    },
    {
      "Target": "Parameter",
      "Id": "ParamHandLNieDmzLayer",
      "Segments": [
        0,
        0,
        0,
        8.17,
        0
      ]
    },
    {
      "Target": "Parameter",
      "Id": "ParamDeng2",
      "Segments": [
        0,
        0,
        0,
        8.17,
        0
      ]
    },
    {
      "Target": "Parameter",
      "Id": "ParamDeng3",
      "Segments": [
        0,
        0,
        0,
        8.17,
        0
      ]
    },
    {
      "Target": "Parameter",
      "Id": "ParamArmForeLPengAlpha",
      "Segments": [
        0,
        0,
        0,
        8.17,
        0
      ]
    },
    {
      "Target": "Parameter",
      "Id": "ParamHandLDefaultAlpha",
      "Segments": [
        0,
        1,
        0,
        8.17,
        1
      ]
    },
    {
      "Target": "Parameter",
      "Id": "ParamHandLPengAlpha",
      "Segments": [
        0,
        0,
        0,
        8.17,
        0
      ]
    },
    {
      "Target": "Parameter",
      "Id": "ParamDeng4",
      "Segments": [
        0,
        0,
        0,
        8.17,
        0
      ]
    },
    {
      "Target": "Parameter",
      "Id": "ParamHandLNieZhi",
      "Segments": [
        0,
        0,
        0,
        8.17,
        0
      ]
    },
    {
      "Target": "Parameter",
      "Id": "ParamHandRGanLayer",
      "Segments": [
        0,
        0,
        0,
        8.17,
        0
      ]
    },
    {
      "Target": "Parameter",
      "Id": "ParamDeng5",
      "Segments": [
        0,
        0,
        0,
        8.17,
        0
      ]
    },
    {
      "Target": "Parameter",
      "Id": "ParamHandRDMZ",
      "Segments": [
        0,
        0,
        0,
        8.17,
        0
      ]
    },
    {
      "Target": "Parameter",
      "Id": "ParamHandRSZ",
      "Segments": [
        0,
        0,
        0,
        8.17,
        0
      ]
    },
    {
      "Target": "Parameter",
      "Id": "ParamHandRZZ",
      "Segments": [
        0,
        0,
        0,
        8.17,
        0
      ]
    },
    {
      "Target": "Parameter",
      "Id": "ParamHandRWMZ",
      "Segments": [
        0,
        0,
        0,
        8.17,
        0
      ]
    },
    {
      "Target": "Parameter",
      "Id": "ParamHandRXZ",
      "Segments": [
        0,
        0,
        0,
        8.17,
        0
      ]
    },
    {
      "Target": "Parameter",
      "Id": "ParamDeng6",
      "Segments": [
        0,
        0,
        0,
        8.17,
        0
      ]
    },
    {
      "Target": "Parameter",
      "Id": "ParamArmForeRMoveAlpha",
      "Segments": [
        0,
        1,
        0,
        8.17,
        1
      ]
    },
    {
      "Target": "Parameter",
      "Id": "ParamArmForeRPengAlpha",
      "Segments": [
        0,
        0,
        0,
        8.17,
        0
      ]
    },
    {
      "Target": "Parameter",
      "Id": "ParamHandRDefaultAlpha",
      "Segments": [
        0,
        1,
        0,
        8.17,
        1
      ]
    },
    {
      "Target": "Parameter",
      "Id": "ParamHandRMoveAlpha",
      "Segments": [
        0,
        0,
        0,
        8.17,
        0
      ]
    },
    {
      "Target": "Parameter",
      "Id": "ParamHandRPengAlpha",
      "Segments": [
        0,
        0,
        0,
        8.17,
        0
      ]
    },
    {
      "Target": "Parameter",
      "Id": "ParamDeng7",
      "Segments": [
        0,
        0,
        0,
        8.17,
        0
      ]
    },
    {
      "Target": "Parameter",
      "Id": "ParamLu",
      "Segments": [
        0,
        0,
        0,
        8.17,
        0
      ]
    },
    {
      "Target": "Parameter",
      "Id": "ParamLuPosition",
      "Segments": [
        0,
        0,
        0,
        8.17,
        0
      ]
    },
    {
      "Target": "Parameter",
      "Id": "ParamBodyUpperZheng",
      "Segments": [
        0,
        10,
        0,
        8.17,
        10
      ]
    },
    {
      "Target": "Parameter",
      "Id": "ParamChestPhysicX",
      "Segments": [
        0,
        0,
        0,
        8.17,
        0
      ]
    },
    {
      "Target": "Parameter",
      "Id": "ParamChestPhysicY",
      "Segments": [
        0,
        0,
        0,
        8.17,
        0
      ]
    },
    {
      "Target": "Parameter",
      "Id": "ParamHairSide",
      "Segments": [
        0,
        0,
        0,
        8.17,
        0
      ]
    },
    {
      "Target": "Parameter",
      "Id": "ParamHairAcce",
      "Segments": [
        0,
        0,
        0,
        8.17,
        0
      ]
    },
    {
      "Target": "Parameter",
      "Id": "ParamShuiZhuChestL1",
      "Segments": [
        0,
        0,
        0,
        8.17,
        0
      ]
    },
    {
      "Target": "Parameter",
      "Id": "ParamShuiZhuChestL2",
      "Segments": [
        0,
        0,
        0,
        8.17,
        0
      ]
    },
    {
      "Target": "Parameter",
      "Id": "ParamShuiZhuChestL3",
      "Segments": [
        0,
        0,
        0,
        8.17,
        0
      ]
    },
    {
      "Target": "Parameter",
      "Id": "ParamShuiZhuChestL5",
      "Segments": [
        0,
        0,
        0,
        8.17,
        0
      ]
    },
    {
      "Target": "Parameter",
      "Id": "ParamShuiZhuChestL7",
      "Segments": [
        0,
        0,
        0,
        8.17,
        0
      ]
    },
    {
      "Target": "Parameter",
      "Id": "ParamDeng1",
      "Segments": [
        0,
        0,
        0,
        8.17,
        0
      ]
    },
    {
      "Target": "Parameter",
      "Id": "ParamShuiZhuChestR2",
      "Segments": [
        0,
        0,
        0,
        8.17,
        0
      ]
    },
    {
      "Target": "Parameter",
      "Id": "ParamShuiZhuChesrtR3",
      "Segments": [
        0,
        0,
        0,
        8.17,
        0
      ]
    },
    {
      "Target": "Parameter",
      "Id": "ParamShuiZhuChestR4",
      "Segments": [
        0,
        0,
        0,
        8.17,
        0
      ]
    },
    {
      "Target": "Parameter",
      "Id": "ParamWuliBase",
      "Segments": [
        0,
        0,
        0,
        8.17,
        0
      ]
    },
    {
      "Target": "PartOpacity",
      "Id": "PartLoginParts",
      "Segments": [
        0,
        0,
        0,
        8.17,
        0
      ]
    },
    {
      "Target": "PartOpacity",
      "Id": "PartShuizhuDange",
      "Segments": [
        0,
        0,
        0,
        8.17,
        0
      ]
    },
    {
      "Target": "PartOpacity",
      "Id": "PartMask",
      "Segments": [
        0,
        0,
        0,
        8.17,
        0
      ]
    },
    {
      "Target": "PartOpacity",
      "Id": "PartHandLCongxia",
      "Segments": [
        0,
        0,
        0,
        8.17,
        0
      ]
    },
    {
      "Target": "PartOpacity",
      "Id": "PartHandLNakaiDuli",
      "Segments": [
        0,
        0,
        0,
        8.17,
        0
      ]
    },
    {
      "Target": "PartOpacity",
      "Id": "PartHandRPeng",
      "Segments": [
        0,
        0,
        0,
        8.17,
        0
      ]
    },
    {
      "Target": "PartOpacity",
      "Id": "PartHandRMove",
      "Segments": [
        0,
        0,
        0,
        8.17,
        0
      ]
    },
    {
      "Target": "PartOpacity",
      "Id": "PartHandRDefault",
      "Segments": [
        0,
        1,
        0,
        8.17,
        1
      ]
    },
    {
      "Target": "PartOpacity",
      "Id": "PartArmRMove",
      "Segments": [
        0,
        0,
        0,
        8.17,
        0
      ]
    },
    {
      "Target": "PartOpacity",
      "Id": "PartArmRDefault",
      "Segments": [
        0,
        1,
        0,
        8.17,
        1
      ]
    },
    {
      "Target": "PartOpacity",
      "Id": "PartAhogeShuai",
      "Segments": [
        0,
        0,
        0,
        8.17,
        0
      ]
    },
    {
      "Target": "PartOpacity",
      "Id": "PartHairFrontShuai",
      "Segments": [
        0,
        0,
        0,
        8.17,
        0
      ]
    },
    {
      "Target": "PartOpacity",
      "Id": "PartMouthKey",
      "Segments": [
        0,
        0,
        0,
        8.17,
        0
      ]
    },
    {
      "Target": "PartOpacity",
      "Id": "PartShaoziHan",
      "Segments": [
        0,
        0,
        0,
        8.17,
        0
      ]
    }
  ],
  "UserData": [
    {
      "Time": 0.0,
      "Value": ""
    },
    {
      "Time": 7.67,
      "Value": ""
    }
  ]
}