{
  "Version": 3,
  "Meta": {
    "Duration": 10.833,
    "Fps": 30.0,
    "Loop": true,
    "CurveCount": 142,
    "TotalSegmentCount": 779,
    "TotalPointCount": 1219,
    "UserDataCount": 2,
    "TotalUserDataSize": 0
  },
  "Curves": [
    {
      "Target": "Parameter",
      "Id": "ParamAngleX",
      "Segments": [
        0,
        2.112,
        1,
        0.211,
        -0.305,
        0.422,
        -15.485,
        0.633,
        -15.485,
        0,
        1.467,
        30,
        0,
        2.633,
        26.351,
        0,
        3.5,
        28.501,
        0,
        4.667,
        25.906,
        0,
        5.667,
        28.628,
        0,
        6.067,
        26.393,
        0,
        7.2,
        29.175,
        1,
        7.356,
        29.175,
        7.511,
        29.594,
        7.667,
        24.211,
        1,
        7.967,
        13.831,
        8.267,
        -0.608,
        8.567,
        -0.608,
        1,
        8.856,
        -0.608,
        9.144,
        -0.371,
        9.433,
        1.216,
        1,
        9.589,
        2.07,
        9.744,
        5.273,
        9.9,
        7.263,
        1,
        10.044,
        9.111,
        10.189,
        9.998,
        10.333,
        9.998,
        1,
        10.5,
        9.998,
        10.666,
        6.452,
        10.833,
        5.588
      ]
    },
    {
      "Target": "Parameter",
      "Id": "ParamAngleY",
      "Segments": [
        0,
        3.155,
        1,
        0.167,
        4.041,
        0.333,
        4.681,
        0.5,
        5.864,
        1,
        0.556,
        6.259,
        0.611,
        7.625,
        0.667,
        9.323,
        1,
        0.978,
        18.832,
        1.289,
        25,
        1.6,
        25,
        0,
        4.567,
        22.331,
        1,
        5.778,
        22.331,
        6.989,
        23.51,
        8.2,
        25.625,
        1,
        8.567,
        26.265,
        8.933,
        26.481,
        9.3,
        26.481,
        1,
        9.644,
        26.481,
        9.989,
        12.136,
        10.333,
        4.176,
        1,
        10.5,
        0.325,
        10.666,
        -0.433,
        10.833,
        -2.089
      ]
    },
    {
      "Target": "Parameter",
      "Id": "ParamAngleZ",
      "Segments": [
        0,
        17.845,
        1,
        0.167,
        19.131,
        0.333,
        20.428,
        0.5,
        21.854,
        1,
        0.567,
        22.424,
        0.633,
        22.954,
        0.7,
        23.599,
        1,
        1.133,
        27.792,
        1.567,
        29.996,
        2,
        29.996,
        0,
        4.533,
        17.491,
        0,
        6.1,
        29.676,
        1,
        6.578,
        29.676,
        7.055,
        16.821,
        7.533,
        9.925,
        1,
        7.766,
        6.557,
        8,
        7.272,
        8.233,
        7.272,
        0,
        9.633,
        12.419,
        1,
        9.866,
        12.419,
        10.1,
        10.794,
        10.333,
        7.683,
        1,
        10.5,
        5.461,
        10.666,
        2.531,
        10.833,
        1.152
      ]
    },
    {
      "Target": "Parameter",
      "Id": "ParamEyeLOpen",
      "Segments": [
        0,
        1,
        2,
        0.633,
        1,
        0,
        0.833,
        0.009,
        0,
        1,
        0.775,
        1,
        1.933,
        0.775,
        2.867,
        0.775,
        3.8,
        0.773,
        0,
        3.9,
        0.002,
        0,
        4.133,
        0.773,
        1,
        5.278,
        0.775,
        6.422,
        0.775,
        7.567,
        0.775,
        0,
        7.833,
        0,
        0,
        8.133,
        0.775,
        2,
        9.333,
        0.775,
        0,
        10.067,
        1,
        2,
        10.333,
        1,
        2,
        10.833,
        1
      ]
    },
    {
      "Target": "Parameter",
      "Id": "ParamEyeROpen",
      "Segments": [
        0,
        1,
        2,
        0.633,
        1,
        0,
        0.833,
        0.009,
        0,
        1,
        0.775,
        1,
        1.933,
        0.775,
        2.867,
        0.775,
        3.8,
        0.773,
        0,
        3.9,
        0.002,
        0,
        4.133,
        0.773,
        1,
        5.278,
        0.775,
        6.422,
        0.775,
        7.567,
        0.775,
        0,
        7.833,
        0,
        0,
        8.133,
        0.775,
        2,
        9.333,
        0.775,
        0,
        10.067,
        1,
        2,
        10.333,
        1,
        2,
        10.833,
        1
      ]
    },
    {
      "Target": "Parameter",
      "Id": "ParamEyeBallX",
      "Segments": [
        0,
        -0.113,
        1,
        0.2,
        -0.104,
        0.4,
        -0.101,
        0.6,
        -0.101,
        1,
        1.433,
        -0.101,
        2.267,
        -0.105,
        3.1,
        -0.107,
        1,
        4.011,
        -0.108,
        4.922,
        -0.108,
        5.833,
        -0.109,
        1,
        6.566,
        -0.11,
        7.3,
        -0.156,
        8.033,
        -0.181,
        1,
        8.8,
        -0.207,
        9.566,
        -0.221,
        10.333,
        -0.221,
        1,
        10.5,
        -0.221,
        10.666,
        -0.103,
        10.833,
        -0.074
      ]
    },
    {
      "Target": "Parameter",
      "Id": "ParamEyeBallY",
      "Segments": [
        0,
        -0.065,
        1,
        0.4,
        -0.067,
        0.8,
        -0.07,
        1.2,
        -0.077,
        1,
        1.533,
        -0.083,
        1.867,
        -0.352,
        2.2,
        -0.355,
        1,
        4,
        -0.373,
        5.8,
        -0.377,
        7.6,
        -0.377,
        1,
        7.789,
        -0.377,
        7.978,
        -0.109,
        8.167,
        -0.064,
        1,
        8.545,
        0.025,
        8.922,
        0.032,
        9.3,
        0.032,
        0,
        10.333,
        -0.064,
        1,
        10.5,
        -0.064,
        10.666,
        -0.018,
        10.833,
        0.003
      ]
    },
    {
      "Target": "Parameter",
      "Id": "ParamBrowLForm",
      "Segments": [
        0,
        0,
        2,
        0.767,
        0,
        0,
        1.4,
        1,
        2,
        7.667,
        1,
        0,
        8.667,
        0,
        2,
        10.333,
        0,
        2,
        10.833,
        0
      ]
    },
    {
      "Target": "Parameter",
      "Id": "ParamBrowRForm",
      "Segments": [
        0,
        0,
        2,
        0.767,
        0,
        0,
        1.4,
        1,
        2,
        7.667,
        1,
        0,
        8.667,
        0,
        2,
        10.333,
        0,
        2,
        10.833,
        0
      ]
    },
    {
      "Target": "Parameter",
      "Id": "ParamMouthForm",
      "Segments": [
        0,
        0,
        0,
        0.5,
        1,
        2,
        9.767,
        1,
        0,
        10.833,
        0
      ]
    },
    {
      "Target": "Parameter",
      "Id": "ParamBodyUpperZ",
      "Segments": [
        0,
        0.882,
        1,
        0.167,
        0.45,
        0.333,
        0.409,
        0.5,
        0,
        1,
        0.578,
        -0.191,
        0.655,
        -1.916,
        0.733,
        -1.916,
        0,
        1.167,
        -0.15,
        0,
        1.6,
        -0.637,
        0,
        2.767,
        4.517,
        0,
        4.2,
        -2.106,
        0,
        5.667,
        2.41,
        0,
        7.3,
        -3.214,
        1,
        7.456,
        -3.214,
        7.611,
        -0.314,
        7.767,
        0,
        1,
        7.956,
        0.381,
        8.144,
        0.162,
        8.333,
        0.673,
        1,
        8.733,
        1.755,
        9.133,
        4.791,
        9.533,
        4.791,
        0,
        10.333,
        -0.979,
        1,
        10.5,
        -0.979,
        10.666,
        1.199,
        10.833,
        2.377
      ]
    },
    {
      "Target": "Parameter",
      "Id": "ParamBodyUpperY",
      "Segments": [
        0,
        8.509,
        1,
        0.167,
        8.673,
        0.333,
        8.908,
        0.5,
        9.23,
        1,
        0.544,
        9.316,
        0.589,
        10,
        0.633,
        10,
        0,
        1.933,
        -6,
        0,
        3.6,
        -5.605,
        0,
        5.333,
        -6.448,
        1,
        5.722,
        -6.448,
        6.111,
        -6.667,
        6.5,
        -5.74,
        1,
        6.922,
        -4.733,
        7.345,
        10,
        7.767,
        10,
        1,
        8.011,
        10,
        8.256,
        8.801,
        8.5,
        8.726,
        1,
        9.111,
        8.537,
        9.722,
        8.465,
        10.333,
        8.311,
        1,
        10.444,
        8.283,
        10.556,
        8.2,
        10.667,
        8.2,
        1,
        10.722,
        8.2,
        10.778,
        8.179,
        10.833,
        8.214
      ]
    },
    {
      "Target": "Parameter",
      "Id": "ParamBodyAngleX",
      "Segments": [
        0,
        0.883,
        1,
        0.167,
        0.458,
        0.333,
        0.421,
        0.5,
        0.021,
        1,
        0.578,
        -0.166,
        0.655,
        -1.888,
        0.733,
        -1.888,
        0,
        1.167,
        -0.123,
        0,
        1.6,
        -0.616,
        0,
        2.767,
        4.516,
        0,
        4.2,
        -2.032,
        0,
        5.667,
        2.422,
        0,
        7.3,
        -3.182,
        1,
        7.456,
        -3.182,
        7.611,
        -0.268,
        7.767,
        0.021,
        1,
        7.956,
        0.371,
        8.144,
        0.157,
        8.333,
        0.636,
        1,
        8.733,
        1.652,
        9.133,
        4.803,
        9.533,
        4.803,
        0,
        10.333,
        -0.945,
        1,
        10.5,
        -0.945,
        10.666,
        1.239,
        10.833,
        2.405
      ]
    },
    {
      "Target": "Parameter",
      "Id": "ParamBodyLowerY",
      "Segments": [
        0,
        7.361,
        1,
        0.167,
        6.663,
        0.333,
        5.366,
        0.5,
        5.366,
        0,
        1.167,
        9.612,
        0,
        2.333,
        -1,
        0,
        3.933,
        3.276,
        1,
        4.178,
        3.276,
        4.422,
        2.31,
        4.667,
        0.287,
        1,
        4.811,
        -0.908,
        4.956,
        -1.552,
        5.1,
        -1.552,
        1,
        5.378,
        -1.552,
        5.655,
        -1.241,
        5.933,
        0.402,
        1,
        6.289,
        2.506,
        6.644,
        7.062,
        7,
        8.348,
        1,
        7.211,
        9.111,
        7.422,
        8.963,
        7.633,
        8.963,
        0,
        9,
        6.479,
        0,
        10.333,
        8.036,
        1,
        10.5,
        8.036,
        10.666,
        7.181,
        10.833,
        6.736
      ]
    },
    {
      "Target": "Parameter",
      "Id": "ParamBodyLowerX",
      "Segments": [
        0,
        -0.289,
        1,
        0.167,
        -0.197,
        0.333,
        -0.102,
        0.5,
        0,
        1,
        0.544,
        0.027,
        0.589,
        1.053,
        0.633,
        1.053,
        0,
        2.233,
        -9.994,
        0,
        3.733,
        9.998,
        0,
        5.233,
        -10,
        0,
        6.2,
        1.235,
        0,
        6.967,
        -1.58,
        0,
        7.2,
        -0.927,
        0,
        8.467,
        -10,
        0,
        9.633,
        -4.001,
        1,
        9.866,
        -4.001,
        10.1,
        -7.944,
        10.333,
        -9.548,
        1,
        10.433,
        -10.236,
        10.533,
        -10,
        10.633,
        -10,
        1,
        10.7,
        -10,
        10.766,
        -10.113,
        10.833,
        -9.912
      ]
    },
    {
      "Target": "Parameter",
      "Id": "ParamArmUpperLMoveAngel",
      "Segments": [
        0,
        0,
        2,
        0.5,
        0,
        0,
        0.667,
        2,
        1,
        0.922,
        2,
        1.178,
        -3.328,
        1.433,
        -4.05,
        1,
        1.689,
        -4.771,
        1.944,
        -4.647,
        2.2,
        -4.647,
        1,
        2.922,
        -4.647,
        3.645,
        -3.733,
        4.367,
        -3.627,
        1,
        4.967,
        -3.538,
        5.567,
        -3.562,
        6.167,
        -3.495,
        1,
        6.489,
        -3.459,
        6.811,
        1.15,
        7.133,
        1.15,
        0,
        7.767,
        0,
        2,
        10.333,
        0,
        2,
        10.833,
        0
      ]
    },
    {
      "Target": "Parameter",
      "Id": "ParamArmForeLMoveAngel",
      "Segments": [
        0,
        0,
        2,
        0.5,
        0,
        0,
        0.767,
        -3.972,
        1,
        1.056,
        -3.972,
        1.344,
        21.895,
        1.633,
        25.294,
        1,
        1.9,
        28.431,
        2.166,
        27.924,
        2.433,
        27.924,
        0,
        4.8,
        26.393,
        0,
        5.833,
        27.745,
        1,
        6.333,
        27.745,
        6.833,
        7.513,
        7.333,
        0.955,
        1,
        7.478,
        -0.94,
        7.622,
        0,
        7.767,
        0,
        2,
        10.333,
        0,
        2,
        10.833,
        0
      ]
    },
    {
      "Target": "Parameter",
      "Id": "ParamArmForeLMoveLength",
      "Segments": [
        0,
        0,
        2,
        0.5,
        0,
        2,
        0.767,
        0,
        0,
        1.3,
        -2.841,
        1,
        1.411,
        -2.841,
        1.522,
        1.193,
        1.633,
        1.785,
        1,
        1.9,
        3.204,
        2.166,
        4.481,
        2.433,
        5,
        1,
        2.911,
        5.929,
        3.389,
        6.083,
        3.867,
        6.083,
        1,
        4.522,
        6.083,
        5.178,
        6.129,
        5.833,
        5,
        1,
        6.333,
        4.139,
        6.833,
        0,
        7.333,
        0,
        2,
        7.767,
        0,
        2,
        10.333,
        0,
        2,
        10.833,
        0
      ]
    },
    {
      "Target": "Parameter",
      "Id": "ParamHandLMoveAngel",
      "Segments": [
        0,
        0,
        2,
        0.5,
        0,
        0,
        0.8,
        8.156,
        1,
        0.911,
        8.156,
        1.022,
        5.663,
        1.133,
        -1.841,
        1,
        1.278,
        -11.597,
        1.422,
        -30.642,
        1.567,
        -34.372,
        1,
        1.678,
        -37.242,
        1.789,
        -38.671,
        1.9,
        -39.406,
        1,
        2.111,
        -40.804,
        2.322,
        -41.032,
        2.533,
        -41.032,
        0,
        5.033,
        -39.277,
        0,
        5.933,
        -41.595,
        1,
        6.055,
        -41.595,
        6.178,
        -39.514,
        6.3,
        -33.563,
        1,
        6.511,
        -23.283,
        6.722,
        -4.789,
        6.933,
        -0.53,
        1,
        7.066,
        2.159,
        7.2,
        1.662,
        7.333,
        1.662,
        0,
        7.767,
        0,
        2,
        10.333,
        0,
        2,
        10.833,
        0
      ]
    },
    {
      "Target": "Parameter",
      "Id": "ParamHandLGanLayer",
      "Segments": [
        0,
        0,
        2,
        0.5,
        0,
        0,
        0.533,
        -1,
        2,
        7.1,
        -1,
        0,
        7.133,
        0,
        2,
        10.333,
        0,
        2,
        10.833,
        0
      ]
    },
    {
      "Target": "Parameter",
      "Id": "ParamHandLDefaultDMZ",
      "Segments": [
        0,
        0,
        2,
        0.133,
        0,
        1,
        0.3,
        0,
        0.466,
        0.56,
        0.633,
        1,
        1,
        0.933,
        1.792,
        1.233,
        2,
        1.533,
        2,
        2,
        6.067,
        2,
        1,
        6.478,
        2,
        6.889,
        1.518,
        7.3,
        0.7,
        1,
        7.556,
        0.191,
        7.811,
        0,
        8.067,
        0,
        2,
        10.333,
        0,
        2,
        10.833,
        0
      ]
    },
    {
      "Target": "Parameter",
      "Id": "ParamHandLDefaultSZ",
      "Segments": [
        0,
        0,
        2,
        0.133,
        0,
        1,
        0.3,
        0,
        0.466,
        0.56,
        0.633,
        1,
        1,
        0.933,
        1.792,
        1.233,
        2,
        1.533,
        2,
        2,
        6.067,
        2,
        1,
        6.478,
        2,
        6.889,
        1.518,
        7.3,
        0.7,
        1,
        7.556,
        0.191,
        7.811,
        0,
        8.067,
        0,
        2,
        10.333,
        0,
        2,
        10.833,
        0
      ]
    },
    {
      "Target": "Parameter",
      "Id": "ParamHandLDefaultZZ",
      "Segments": [
        0,
        0,
        2,
        0.133,
        0,
        1,
        0.3,
        0,
        0.466,
        0.56,
        0.633,
        1,
        1,
        0.933,
        1.792,
        1.233,
        2,
        1.533,
        2,
        2,
        6.067,
        2,
        1,
        6.478,
        2,
        6.889,
        1.518,
        7.3,
        0.7,
        1,
        7.556,
        0.191,
        7.811,
        0,
        8.067,
        0,
        2,
        10.333,
        0,
        2,
        10.833,
        0
      ]
    },
    {
      "Target": "Parameter",
      "Id": "ParamHandLDefaultWMZ",
      "Segments": [
        0,
        0,
        2,
        0.133,
        0,
        1,
        0.3,
        0,
        0.466,
        0.56,
        0.633,
        1,
        1,
        0.933,
        1.792,
        1.233,
        2,
        1.533,
        2,
        2,
        6.067,
        2,
        1,
        6.478,
        2,
        6.889,
        1.518,
        7.3,
        0.7,
        1,
        7.556,
        0.191,
        7.811,
        0,
        8.067,
        0,
        2,
        10.333,
        0,
        2,
        10.833,
        0
      ]
    },
    {
      "Target": "Parameter",
      "Id": "ParamHandLDefaultXZ",
      "Segments": [
        0,
        0,
        2,
        0.133,
        0,
        1,
        0.3,
        0,
        0.466,
        0.56,
        0.633,
        1,
        1,
        0.933,
        1.792,
        1.233,
        2,
        1.533,
        2,
        2,
        6.067,
        2,
        1,
        6.478,
        2,
        6.889,
        1.518,
        7.3,
        0.7,
        1,
        7.556,
        0.191,
        7.811,
        0,
        8.067,
        0,
        2,
        10.333,
        0,
        2,
        10.833,
        0
      ]
    },
    {
      "Target": "Parameter",
      "Id": "ParamArmForeLMoveAlpha",
      "Segments": [
        0,
        1,
        2,
        0.767,
        1,
        2,
        1.133,
        1,
        0,
        1.5,
        0,
        2,
        6.067,
        0,
        0,
        6.9,
        1,
        2,
        10.333,
        1,
        2,
        10.833,
        1
      ]
    },
    {
      "Target": "Parameter",
      "Id": "ParamArmForeLNieAlpha",
      "Segments": [
        0,
        0,
        2,
        0.767,
        0,
        0,
        1.167,
        1,
        2,
        6.9,
        1,
        0,
        7.3,
        0,
        2,
        10.333,
        0,
        2,
        10.833,
        0
      ]
    },
    {
      "Target": "Parameter",
      "Id": "ParamHandLMoveAlpha",
      "Segments": [
        0,
        1,
        2,
        0.5,
        1,
        2,
        1.133,
        1,
        0,
        1.367,
        0,
        2,
        5.833,
        0,
        0,
        6.267,
        1,
        2,
        10.833,
        1
      ]
    },
    {
      "Target": "Parameter",
      "Id": "ParamHandLPengAlpha",
      "Segments": [
        0,
        0,
        2,
        0.633,
        0,
        0,
        1.133,
        1,
        2,
        6.267,
        1,
        0,
        6.767,
        0,
        2,
        10.333,
        0,
        2,
        10.833,
        0
      ]
    },
    {
      "Target": "Parameter",
      "Id": "ParamHandRDmzShadow",
      "Segments": [
        0,
        1,
        2,
        0.5,
        1,
        0,
        1.167,
        0,
        2,
        7.333,
        0,
        0,
        8.133,
        1,
        2,
        10.833,
        1
      ]
    },
    {
      "Target": "Parameter",
      "Id": "ParamHandRDmzShadow2",
      "Segments": [
        0,
        0,
        2,
        0.5,
        0,
        0,
        1.167,
        1,
        2,
        7.333,
        1,
        0,
        8.133,
        0,
        2,
        10.833,
        0
      ]
    },
    {
      "Target": "Parameter",
      "Id": "ParamHandRDMZ",
      "Segments": [
        0,
        0,
        2,
        0.5,
        0,
        0,
        1.167,
        -1,
        2,
        7.333,
        -1,
        0,
        8.133,
        0,
        2,
        10.333,
        0,
        2,
        10.833,
        0
      ]
    },
    {
      "Target": "Parameter",
      "Id": "ParamHandRSZ",
      "Segments": [
        0,
        0,
        2,
        0.5,
        0,
        0,
        1.167,
        1,
        2,
        7.333,
        1,
        0,
        8.133,
        0,
        2,
        10.333,
        0,
        2,
        10.833,
        0
      ]
    },
    {
      "Target": "Parameter",
      "Id": "ParamHandRZZ",
      "Segments": [
        0,
        0,
        2,
        0.5,
        0,
        0,
        1.167,
        -1,
        2,
        7.333,
        -1,
        0,
        8.133,
        0,
        2,
        10.333,
        0,
        2,
        10.833,
        0
      ]
    },
    {
      "Target": "Parameter",
      "Id": "ParamHandRWMZ",
      "Segments": [
        0,
        0,
        2,
        0.5,
        0,
        0,
        1.167,
        -1,
        2,
        7.333,
        -1,
        0,
        8.133,
        0,
        2,
        10.333,
        0,
        2,
        10.833,
        0
      ]
    },
    {
      "Target": "Parameter",
      "Id": "ParamHandRXZ",
      "Segments": [
        0,
        0,
        2,
        0.5,
        0,
        0,
        1.167,
        1,
        2,
        7.333,
        1,
        0,
        8.133,
        0,
        2,
        10.333,
        0,
        2,
        10.833,
        0
      ]
    },
    {
      "Target": "Parameter",
      "Id": "ParamLu",
      "Segments": [
        0,
        0,
        2,
        1.167,
        0,
        1,
        1.378,
        0,
        1.589,
        -0.019,
        1.8,
        0.187,
        1,
        2.044,
        0.425,
        2.289,
        1,
        2.533,
        1,
        1,
        2.711,
        1,
        2.889,
        0.983,
        3.067,
        0.724,
        1,
        3.178,
        0.562,
        3.289,
        -0.43,
        3.4,
        -0.666,
        1,
        3.544,
        -0.972,
        3.689,
        -1,
        3.833,
        -1,
        1,
        3.978,
        -1,
        4.122,
        -0.949,
        4.267,
        -0.613,
        1,
        4.378,
        -0.355,
        4.489,
        0.492,
        4.6,
        0.66,
        1,
        4.8,
        0.963,
        5,
        1,
        5.2,
        1,
        1,
        5.356,
        1,
        5.511,
        0.935,
        5.667,
        0.565,
        1,
        5.756,
        0.354,
        5.844,
        -0.473,
        5.933,
        -0.66,
        1,
        6.078,
        -0.962,
        6.222,
        -1,
        6.367,
        -1,
        1,
        6.478,
        -1,
        6.589,
        -0.924,
        6.7,
        -0.649,
        1,
        6.778,
        -0.457,
        6.855,
        -0.018,
        6.933,
        0.12,
        1,
        7.066,
        0.357,
        7.2,
        0.4,
        7.333,
        0.4,
        1,
        7.489,
        0.4,
        7.644,
        0.333,
        7.8,
        0.225,
        1,
        7.911,
        0.147,
        8.022,
        0.028,
        8.133,
        0.013,
        1,
        8.255,
        -0.002,
        8.378,
        0,
        8.5,
        0,
        2,
        10.333,
        0,
        2,
        10.833,
        0
      ]
    },
    {
      "Target": "Parameter",
      "Id": "ParamLuPosition",
      "Segments": [
        0,
        0,
        2,
        1.167,
        0,
        0,
        2.033,
        -1,
        0,
        3.433,
        0.76,
        0,
        4.7,
        -0.915,
        0,
        5.967,
        0.641,
        0,
        7.1,
        -0.805,
        1,
        7.289,
        -0.805,
        7.478,
        -0.456,
        7.667,
        -0.175,
        1,
        7.789,
        0.006,
        7.911,
        0.004,
        8.033,
        0.004,
        0,
        10.333,
        0,
        2,
        10.833,
        0
      ]
    },
    {
      "Target": "Parameter",
      "Id": "ParamChestSqueeze",
      "Segments": [
        0,
        0.821,
        1,
        0.133,
        0.872,
        0.267,
        1,
        0.4,
        1,
        2,
        6.9,
        1,
        1,
        7.322,
        1,
        7.745,
        0.952,
        8.167,
        0.875,
        1,
        8.467,
        0.82,
        8.767,
        0.8,
        9.067,
        0.8,
        0,
        10.333,
        0.875,
        1,
        10.5,
        0.875,
        10.666,
        0.832,
        10.833,
        0.813
      ]
    },
    {
      "Target": "Parameter",
      "Id": "ParamChestSqueezeL",
      "Segments": [
        0,
        1,
        2,
        1.033,
        1,
        1,
        1.422,
        0.526,
        1.811,
        0.486,
        2.2,
        0.486,
        1,
        2.922,
        0.486,
        3.645,
        0.577,
        4.367,
        0.754,
        1,
        5.045,
        0.92,
        5.722,
        1,
        6.4,
        1,
        2,
        10.333,
        1,
        2,
        10.833,
        1
      ]
    },
    {
      "Target": "Parameter",
      "Id": "ParamChestPhysicY",
      "Segments": [
        0,
        -0.328,
        2,
        7.767,
        -0.328,
        0,
        10.333,
        0,
        2,
        10.833,
        0
      ]
    },
    {
      "Target": "Parameter",
      "Id": "ParamChestLX",
      "Segments": [
        0,
        -0.024,
        1,
        0.022,
        -0.03,
        0.045,
        -0.033,
        0.067,
        -0.033,
        0,
        0.3,
        0.008,
        0,
        0.467,
        0.004,
        0,
        0.5,
        0.013,
        0,
        1.033,
        0.008,
        0,
        1.6,
        0.6,
        1,
        1.756,
        0.6,
        1.911,
        0.295,
        2.067,
        0.254,
        1,
        2.2,
        0.219,
        2.334,
        0.222,
        2.467,
        0.2,
        1,
        2.622,
        0.175,
        2.778,
        0.148,
        2.933,
        0.109,
        1,
        3.011,
        0.09,
        3.089,
        0.037,
        3.167,
        0.037,
        0,
        3.367,
        0.136,
        0,
        3.633,
        0.031,
        0,
        3.7,
        0.041,
        0,
        4.8,
        -0.223,
        0,
        5.2,
        -0.034,
        0,
        5.233,
        -0.035,
        1,
        5.411,
        -0.035,
        5.589,
        -0.033,
        5.767,
        -0.004,
        1,
        5.856,
        0.011,
        5.944,
        0.13,
        6.033,
        0.13,
        0,
        6.3,
        -0.036,
        0,
        6.4,
        -0.007,
        0,
        6.733,
        -0.028,
        0,
        7.2,
        0,
        2,
        7.533,
        0,
        2,
        7.767,
        0,
        0,
        7.967,
        0.002,
        0,
        8.2,
        -0.002,
        0,
        8.433,
        0.005,
        0,
        8.567,
        0.003,
        2,
        8.633,
        0.003,
        2,
        8.667,
        0.003,
        0,
        8.7,
        0.004,
        2,
        8.733,
        0.004,
        2,
        8.8,
        0.004,
        2,
        8.833,
        0.004,
        2,
        8.9,
        0.004,
        2,
        8.933,
        0.004,
        2,
        9,
        0.004,
        2,
        9.033,
        0.004,
        2,
        9.067,
        0.004,
        2,
        9.133,
        0.004,
        0,
        9.167,
        0.005,
        0,
        10.333,
        -0.359,
        1,
        10.5,
        -0.359,
        10.666,
        -0.37,
        10.833,
        -0.28
      ]
    },
    {
      "Target": "Parameter",
      "Id": "ParamChestLY",
      "Segments": [
        0,
        -0.006,
        2,
        0.033,
        -0.006,
        0,
        0.7,
        -0.049,
        0,
        1.033,
        0.107,
        0,
        1.6,
        -0.5,
        0,
        2.067,
        0.603,
        0,
        2.467,
        0.022,
        0,
        2.833,
        0.234,
        0,
        3.267,
        0.172,
        0,
        3.967,
        0.254,
        0,
        4.867,
        0.083,
        0,
        5.933,
        0.151,
        0,
        6.233,
        -0.057,
        0,
        7,
        0.4,
        0,
        7.733,
        -0.592,
        0,
        8.5,
        0.298,
        0,
        9.167,
        -0.097,
        0,
        9.667,
        0.02,
        1,
        9.889,
        0.02,
        10.111,
        0.019,
        10.333,
        -0.01,
        1,
        10.5,
        -0.031,
        10.666,
        -0.138,
        10.833,
        -0.18
      ]
    },
    {
      "Target": "Parameter",
      "Id": "ParamChestRX",
      "Segments": [
        0,
        -0.024,
        1,
        0.022,
        -0.03,
        0.045,
        -0.033,
        0.067,
        -0.033,
        0,
        0.3,
        0.008,
        0,
        0.467,
        0.004,
        0,
        0.5,
        0.013,
        0,
        1.033,
        0.008,
        0,
        1.6,
        0.6,
        1,
        1.756,
        0.6,
        1.911,
        0.404,
        2.067,
        0.324,
        1,
        2.2,
        0.255,
        2.334,
        0.231,
        2.467,
        0.2,
        1,
        2.622,
        0.163,
        2.778,
        0.148,
        2.933,
        0.109,
        1,
        3.011,
        0.09,
        3.089,
        0.037,
        3.167,
        0.037,
        0,
        3.367,
        0.136,
        0,
        3.633,
        0.031,
        0,
        3.7,
        0.041,
        0,
        4.8,
        -0.223,
        0,
        5.2,
        -0.034,
        0,
        5.233,
        -0.035,
        1,
        5.411,
        -0.035,
        5.589,
        -0.033,
        5.767,
        -0.004,
        1,
        5.856,
        0.011,
        5.944,
        0.13,
        6.033,
        0.13,
        0,
        6.3,
        -0.036,
        0,
        6.4,
        -0.007,
        0,
        6.733,
        -0.028,
        0,
        7.2,
        0,
        2,
        7.533,
        0,
        2,
        7.767,
        0,
        0,
        7.967,
        0.002,
        0,
        8.2,
        -0.002,
        0,
        8.433,
        0.005,
        0,
        8.567,
        0.003,
        2,
        8.633,
        0.003,
        2,
        8.667,
        0.003,
        0,
        8.7,
        0.004,
        2,
        8.733,
        0.004,
        2,
        8.8,
        0.004,
        2,
        8.833,
        0.004,
        2,
        8.9,
        0.004,
        2,
        8.933,
        0.004,
        2,
        9,
        0.004,
        2,
        9.033,
        0.004,
        2,
        9.067,
        0.004,
        2,
        9.133,
        0.004,
        0,
        9.167,
        0.005,
        0,
        10.333,
        -0.358,
        1,
        10.5,
        -0.358,
        10.666,
        -0.369,
        10.833,
        -0.279
      ]
    },
    {
      "Target": "Parameter",
      "Id": "ParamChestRY",
      "Segments": [
        0,
        -0.006,
        2,
        0.033,
        -0.006,
        0,
        0.7,
        -0.049,
        0,
        1.033,
        0.107,
        0,
        1.6,
        -0.5,
        0,
        2.067,
        0.603,
        0,
        2.467,
        0.022,
        0,
        2.833,
        0.236,
        0,
        3.267,
        0.17,
        0,
        3.967,
        0.254,
        0,
        4.833,
        0.083,
        0,
        5.933,
        0.151,
        0,
        6.233,
        -0.057,
        0,
        7,
        0.4,
        0,
        7.733,
        -0.589,
        0,
        8.5,
        0.312,
        0,
        9.167,
        -0.097,
        0,
        9.667,
        0.02,
        1,
        9.889,
        0.02,
        10.111,
        0.019,
        10.333,
        -0.01,
        1,
        10.5,
        -0.031,
        10.666,
        -0.137,
        10.833,
        -0.18
      ]
    },
    {
      "Target": "Parameter",
      "Id": "ParamAhoge",
      "Segments": [
        0,
        0.622,
        1,
        0.133,
        0.726,
        0.267,
        0.81,
        0.4,
        0.81,
        0,
        1,
        -0.639,
        0,
        1.633,
        0.915,
        0,
        2.133,
        0.275,
        0,
        2.533,
        0.414,
        0,
        3.1,
        0.178,
        0,
        3.733,
        0.371,
        0,
        5.067,
        0.107,
        1,
        5.522,
        0.107,
        5.978,
        0.158,
        6.433,
        0.246,
        1,
        6.6,
        0.278,
        6.766,
        0.287,
        6.933,
        0.287,
        0,
        7.567,
        0.138,
        0,
        8.2,
        0.202,
        0,
        10,
        -0.098,
        1,
        10.111,
        -0.098,
        10.222,
        0.192,
        10.333,
        0.208,
        1,
        10.344,
        0.21,
        10.356,
        0.209,
        10.367,
        0.209,
        1,
        10.522,
        0.209,
        10.678,
        0.207,
        10.833,
        0.15
      ]
    },
    {
      "Target": "Parameter",
      "Id": "ParamAhogeMo",
      "Segments": [
        0,
        0.036,
        2,
        0.033,
        0.036,
        0,
        0.233,
        -0.045,
        0,
        0.733,
        0.669,
        0,
        1.333,
        -0.968,
        0,
        1.933,
        0.468,
        0,
        2.433,
        -0.105,
        0,
        2.867,
        0.099,
        0,
        3.4,
        -0.136,
        0,
        4.133,
        0.112,
        0,
        5.467,
        -0.142,
        0,
        5.767,
        0.147,
        0,
        6.667,
        -0.076,
        0,
        7.333,
        0.086,
        0,
        7.833,
        0.015,
        0,
        8.567,
        0.133,
        0,
        9.2,
        0.073,
        1,
        9.233,
        0.073,
        9.267,
        0.072,
        9.3,
        0.073,
        1,
        9.644,
        0.082,
        9.989,
        0.151,
        10.333,
        0.201,
        1,
        10.466,
        0.22,
        10.6,
        0.253,
        10.733,
        0.253,
        1,
        10.766,
        0.253,
        10.8,
        0.257,
        10.833,
        0.251
      ]
    },
    {
      "Target": "Parameter",
      "Id": "ParamHairFront",
      "Segments": [
        0,
        0.758,
        1,
        0.133,
        0.778,
        0.267,
        0.789,
        0.4,
        0.789,
        0,
        1.033,
        -0.411,
        0,
        1.667,
        0.932,
        0,
        2.2,
        0.385,
        0,
        2.6,
        0.473,
        0,
        3.167,
        0.274,
        0,
        3.767,
        0.416,
        0,
        5.067,
        0.185,
        1,
        5.656,
        0.185,
        6.244,
        0.261,
        6.833,
        0.331,
        1,
        6.855,
        0.333,
        6.878,
        0.331,
        6.9,
        0.331,
        0,
        7.633,
        0.154,
        0,
        8.2,
        0.214,
        0,
        9.967,
        -0.126,
        0,
        10.333,
        0.397,
        1,
        10.5,
        0.397,
        10.666,
        0.387,
        10.833,
        0.252
      ]
    },
    {
      "Target": "Parameter",
      "Id": "ParamHairFrontMo",
      "Segments": [
        0,
        0,
        1,
        0.011,
        0.001,
        0.022,
        0.001,
        0.033,
        0.001,
        0,
        0.267,
        -0.112,
        0,
        0.8,
        0.676,
        0,
        1.433,
        -0.958,
        0,
        2,
        0.435,
        0,
        2.533,
        -0.082,
        0,
        2.967,
        0.094,
        0,
        3.533,
        -0.115,
        0,
        4.2,
        0.108,
        0,
        5.567,
        -0.137,
        0,
        5.9,
        0.125,
        0,
        6.767,
        -0.039,
        0,
        7.367,
        0.097,
        0,
        7.967,
        0.001,
        1,
        8.189,
        0.001,
        8.411,
        0.089,
        8.633,
        0.139,
        1,
        9.2,
        0.265,
        9.766,
        0.33,
        10.333,
        0.459,
        1,
        10.478,
        0.491,
        10.622,
        0.713,
        10.767,
        0.713,
        1,
        10.789,
        0.713,
        10.811,
        0.721,
        10.833,
        0.71
      ]
    },
    {
      "Target": "Parameter",
      "Id": "ParamHairBack",
      "Segments": [
        0,
        0.655,
        1,
        0.1,
        0.668,
        0.2,
        0.676,
        0.3,
        0.676,
        0,
        0.8,
        0.098,
        0,
        1.567,
        0.875,
        0,
        1.9,
        0.522,
        0,
        2.233,
        0.678,
        0,
        3.1,
        0.484,
        2,
        3.133,
        0.484,
        2,
        3.167,
        0.484,
        0,
        3.367,
        0.488,
        0,
        3.5,
        0.487,
        0,
        3.533,
        0.488,
        0,
        4.9,
        0.32,
        0,
        5.833,
        0.602,
        0,
        7.833,
        0.195,
        0,
        8.067,
        0.2,
        0,
        9.933,
        -0.168,
        0,
        10.333,
        0.098,
        0,
        10.8,
        -0.056,
        1,
        10.811,
        -0.056,
        10.822,
        -0.057,
        10.833,
        -0.055
      ]
    },
    {
      "Target": "Parameter",
      "Id": "ParamHairBackMo",
      "Segments": [
        0,
        -0.044,
        1,
        0.067,
        -0.09,
        0.133,
        -0.147,
        0.2,
        -0.147,
        0,
        0.5,
        0.311,
        0,
        0.933,
        -0.312,
        0,
        1.3,
        0.168,
        0,
        1.533,
        -0.064,
        0,
        1.767,
        0.213,
        0,
        2.067,
        -0.265,
        0,
        2.4,
        0.219,
        0,
        2.733,
        -0.129,
        0,
        3.033,
        0.058,
        0,
        3.367,
        -0.031,
        0,
        3.767,
        0.036,
        0,
        4.133,
        -0.024,
        0,
        4.467,
        0.018,
        0,
        4.767,
        -0.008,
        0,
        4.867,
        -0.006,
        0,
        5.133,
        -0.024,
        0,
        5.467,
        0.008,
        1,
        5.556,
        0.008,
        5.644,
        -0.013,
        5.733,
        -0.016,
        2,
        5.767,
        -0.016,
        0,
        6.133,
        0.027,
        0,
        6.4,
        -0.023,
        0,
        6.7,
        0.039,
        0,
        6.967,
        -0.004,
        0,
        7.167,
        0.028,
        0,
        7.5,
        -0.031,
        0,
        7.8,
        0.009,
        0,
        8.067,
        -0.006,
        0,
        8.4,
        0.042,
        0,
        8.733,
        -0.027,
        0,
        9.067,
        0.029,
        0,
        9.433,
        -0.014,
        0,
        9.733,
        0.006,
        0,
        10.3,
        -0.037,
        1,
        10.311,
        -0.037,
        10.322,
        0.053,
        10.333,
        0.055,
        1,
        10.411,
        0.071,
        10.489,
        0.076,
        10.567,
        0.076,
        1,
        10.656,
        0.076,
        10.744,
        0.03,
        10.833,
        -0.024
      ]
    },
    {
      "Target": "Parameter",
      "Id": "ParamHairBackFtB",
      "Segments": [
        0,
        -0.097,
        1,
        0.222,
        -0.156,
        0.445,
        -0.215,
        0.667,
        -0.215,
        0,
        1.067,
        1,
        0,
        1.9,
        -0.164,
        0,
        2.533,
        -0.014,
        0,
        3.233,
        -0.082,
        0,
        4.733,
        0.107,
        0,
        6.2,
        -0.802,
        0,
        6.967,
        0.274,
        0,
        7.767,
        -0.06,
        0,
        8.167,
        0.278,
        0,
        8.867,
        -0.093,
        0,
        9.7,
        -0.011,
        0,
        10.133,
        -0.017,
        1,
        10.2,
        -0.017,
        10.266,
        0.478,
        10.333,
        0.492,
        1,
        10.344,
        0.494,
        10.356,
        0.492,
        10.367,
        0.492,
        1,
        10.522,
        0.492,
        10.678,
        0.485,
        10.833,
        0.367
      ]
    },
    {
      "Target": "Parameter",
      "Id": "ParamShuiZhuChestL3",
      "Segments": [
        0,
        0,
        2,
        9.133,
        0,
        1,
        9.522,
        0.417,
        9.911,
        0.833,
        10.3,
        1.25,
        2,
        10.333,
        0,
        2,
        10.833,
        0
      ]
    },
    {
      "Target": "Parameter",
      "Id": "ParamShuiZhuChestL4",
      "Segments": [
        0,
        0,
        1,
        0.111,
        0.417,
        0.222,
        0.833,
        0.333,
        1.25,
        2,
        0.367,
        0,
        2,
        8.333,
        0,
        1,
        8.722,
        0.417,
        9.111,
        0.833,
        9.5,
        1.25,
        2,
        9.533,
        0,
        2,
        10.333,
        0,
        2,
        10.5,
        0,
        1,
        10.611,
        0.119,
        10.722,
        0.238,
        10.833,
        0.357
      ]
    },
    {
      "Target": "Parameter",
      "Id": "ParamShuiZhuChestL6",
      "Segments": [
        0,
        0,
        1,
        2.722,
        0.167,
        5.445,
        0.333,
        8.167,
        0.5,
        1,
        8.3,
        0.75,
        8.434,
        1,
        8.567,
        1.25,
        2,
        8.6,
        0,
        1,
        9.178,
        0.167,
        9.755,
        0.333,
        10.333,
        0.5,
        1,
        10.466,
        0.75,
        10.6,
        1,
        10.733,
        1.25,
        2,
        10.767,
        0,
        2,
        10.833,
        0
      ]
    },
    {
      "Target": "Parameter",
      "Id": "ParamShuiZhuChestL7",
      "Segments": [
        0,
        0,
        2,
        8.667,
        0,
        1,
        9.056,
        0.417,
        9.444,
        0.833,
        9.833,
        1.25,
        2,
        9.867,
        0,
        2,
        10.333,
        0,
        2,
        10.833,
        0
      ]
    },
    {
      "Target": "Parameter",
      "Id": "ParamShuiZhuChestR1",
      "Segments": [
        0,
        0,
        1,
        0.056,
        0.417,
        0.111,
        0.833,
        0.167,
        1.25,
        2,
        0.2,
        0,
        2,
        8.167,
        0,
        1,
        8.556,
        0.417,
        8.944,
        0.833,
        9.333,
        1.25,
        2,
        9.367,
        0,
        2,
        10.333,
        0,
        1,
        10.5,
        0.179,
        10.666,
        0.357,
        10.833,
        0.536
      ]
    },
    {
      "Target": "Parameter",
      "Id": "ParamShuiZhuChestR4",
      "Segments": [
        0,
        0,
        2,
        8.667,
        0,
        1,
        9.056,
        0.417,
        9.444,
        0.833,
        9.833,
        1.25,
        2,
        9.867,
        0,
        2,
        10.333,
        0,
        2,
        10.833,
        0
      ]
    },
    {
      "Target": "Parameter",
      "Id": "ParamShuiZhuChestR5",
      "Segments": [
        0,
        0,
        1,
        2.4,
        0.417,
        4.8,
        0.833,
        7.2,
        1.25,
        2,
        7.233,
        0,
        1,
        7.778,
        0.417,
        8.322,
        0.833,
        8.867,
        1.25,
        2,
        8.9,
        0,
        1,
        9.378,
        0.167,
        9.855,
        0.333,
        10.333,
        0.5,
        1,
        10.5,
        0.679,
        10.666,
        0.857,
        10.833,
        1.036
      ]
    },
    {
      "Target": "Parameter",
      "Id": "ParamShuiZhuChestR6",
      "Segments": [
        0,
        1.25,
        2,
        0.033,
        0,
        1,
        2.522,
        0.417,
        5.011,
        0.833,
        7.5,
        1.25,
        2,
        7.533,
        0,
        1,
        8.078,
        0.417,
        8.622,
        0.833,
        9.167,
        1.25,
        2,
        9.2,
        0,
        1,
        9.578,
        0.06,
        9.955,
        0.119,
        10.333,
        0.179,
        1,
        10.5,
        0.357,
        10.666,
        0.536,
        10.833,
        0.714
      ]
    },
    {
      "Target": "Parameter",
      "Id": "ParamWaterWenYao",
      "Segments": [
        0,
        0,
        2,
        8.167,
        0,
        2,
        10.333,
        0,
        1,
        10.5,
        0.222,
        10.666,
        0.445,
        10.833,
        0.667
      ]
    },
    {
      "Target": "Parameter",
      "Id": "ParamWaterBaseYaoX",
      "Segments": [
        0,
        9.068,
        1,
        2.222,
        5.123,
        4.445,
        -10,
        6.667,
        -10,
        0,
        8.167,
        10,
        0,
        9.667,
        -10,
        0,
        10.333,
        10,
        1,
        10.5,
        10,
        10.666,
        9.117,
        10.833,
        4.81
      ]
    },
    {
      "Target": "Parameter",
      "Id": "ParamWaterBaseYaoY",
      "Segments": [
        0,
        -9.946,
        1,
        2.478,
        -8.801,
        4.955,
        10,
        7.433,
        10,
        0,
        8.933,
        -10,
        0,
        10.333,
        0.337,
        1,
        10.5,
        0.337,
        10.666,
        -5.78,
        10.833,
        -8.732
      ]
    },
    {
      "Target": "Parameter",
      "Id": "ParamCrossLight1",
      "Segments": [
        0,
        0.047,
        1,
        2.222,
        0.244,
        4.445,
        1,
        6.667,
        1,
        0,
        8.167,
        0,
        0,
        9.667,
        1,
        0,
        10.333,
        0,
        1,
        10.5,
        0,
        10.666,
        0.043,
        10.833,
        0.259
      ]
    },
    {
      "Target": "Parameter",
      "Id": "ParamCrossLight2",
      "Segments": [
        0,
        0.009,
        1,
        2.411,
        0.11,
        4.822,
        1,
        7.233,
        1,
        0,
        8.733,
        0,
        0,
        10.233,
        1,
        1,
        10.266,
        1,
        10.3,
        0.346,
        10.333,
        0.321,
        1,
        10.5,
        0.195,
        10.666,
        0.066,
        10.833,
        0.003
      ]
    },
    {
      "Target": "Parameter",
      "Id": "ParamCrossLight3",
      "Segments": [
        0,
        0.941,
        1,
        2.178,
        0.726,
        4.355,
        0,
        6.533,
        0,
        0,
        8.033,
        1,
        0,
        9.533,
        0,
        0,
        10.333,
        0.978,
        1,
        10.5,
        0.978,
        10.666,
        0.673,
        10.833,
        0.458
      ]
    },
    {
      "Target": "Parameter",
      "Id": "ParamGanLight",
      "Segments": [
        0,
        0.5,
        2,
        8.167,
        0.5,
        2,
        10.333,
        0.5,
        1,
        10.5,
        0.5,
        10.666,
        0.493,
        10.833,
        0.557
      ]
    },
    {
      "Target": "PartOpacity",
      "Id": "PartHandLPeng",
      "Segments": [
        0,
        0,
        2,
        0.53,
        1,
        2,
        7.77,
        0,
        2,
        10.83,
        0
      ]
    },
    {
      "Target": "PartOpacity",
      "Id": "PartHandLMove",
      "Segments": [
        0,
        0,
        2,
        0.53,
        1,
        2,
        7.77,
        0,
        2,
        10.83,
        0
      ]
    },
    {
      "Target": "PartOpacity",
      "Id": "PartHandLDefault",
      "Segments": [
        0,
        1,
        2,
        0.53,
        0,
        2,
        7.77,
        1,
        2,
        10.83,
        1
      ]
    },
    {
      "Target": "PartOpacity",
      "Id": "PartArmLMove",
      "Segments": [
        0,
        0,
        2,
        0.53,
        1,
        2,
        7.77,
        0,
        2,
        10.83,
        0
      ]
    },
    {
      "Target": "PartOpacity",
      "Id": "PartArmLDefault",
      "Segments": [
        0,
        1,
        2,
        0.53,
        0,
        2,
        7.77,
        1,
        2,
        10.83,
        1
      ]
    },
    {
      "Target": "Parameter",
      "Id": "ParamEyeLSmile",
      "Segments": [
        0,
        0,
        0,
        10.833,
        0
      ]
    },
    {
      "Target": "Parameter",
      "Id": "ParamEyeRSmile",
      "Segments": [
        0,
        0,
        0,
        10.833,
        0
      ]
    },
    {
      "Target": "Parameter",
      "Id": "ParamEyeBallScale",
      "Segments": [
        0,
        0,
        0,
        10.833,
        0
      ]
    },
    {
      "Target": "Parameter",
      "Id": "ParamUruUru",
      "Segments": [
        0,
        0,
        0,
        10.833,
        0
      ]
    },
    {
      "Target": "Parameter",
      "Id": "ParamBrowLX",
      "Segments": [
        0,
        0,
        0,
        10.833,
        0
      ]
    },
    {
      "Target": "Parameter",
      "Id": "ParamBrowLY",
      "Segments": [
        0,
        0,
        0,
        10.833,
        0
      ]
    },
    {
      "Target": "Parameter",
      "Id": "ParamBrowRX",
      "Segments": [
        0,
        0,
        0,
        10.833,
        0
      ]
    },
    {
      "Target": "Parameter",
      "Id": "ParamBrowRY",
      "Segments": [
        0,
        0,
        0,
        10.833,
        0
      ]
    },
    {
      "Target": "Parameter",
      "Id": "ParamBrowLAngle",
      "Segments": [
        0,
        0,
        0,
        10.833,
        0
      ]
    },
    {
      "Target": "Parameter",
      "Id": "ParamBrowRAngle",
      "Segments": [
        0,
        0,
        0,
        10.833,
        0
      ]
    },
    {
      "Target": "Parameter",
      "Id": "ParamBrowLStyle1",
      "Segments": [
        0,
        0,
        0,
        10.833,
        0
      ]
    },
    {
      "Target": "Parameter",
      "Id": "ParamBrowRStyle1",
      "Segments": [
        0,
        0,
        0,
        10.833,
        0
      ]
    },
    {
      "Target": "Parameter",
      "Id": "ParamMouthOpenY",
      "Segments": [
        0,
        0,
        0,
        10.833,
        0
      ]
    },
    {
      "Target": "Parameter",
      "Id": "ParamSheTouChu",
      "Segments": [
        0,
        0,
        0,
        10.833,
        0
      ]
    },
    {
      "Target": "Parameter",
      "Id": "ParamSheTouTian",
      "Segments": [
        0,
        0,
        0,
        10.833,
        0
      ]
    },
    {
      "Target": "Parameter",
      "Id": "ParamSheTou2RLayer",
      "Segments": [
        0,
        0,
        0,
        10.833,
        0
      ]
    },
    {
      "Target": "Parameter",
      "Id": "ParamCheek",
      "Segments": [
        0,
        0,
        0,
        10.833,
        0
      ]
    },
    {
      "Target": "Parameter",
      "Id": "ParamBodyAngleY",
      "Segments": [
        0,
        0,
        0,
        10.833,
        0
      ]
    },
    {
      "Target": "Parameter",
      "Id": "ParamBodyAngleZ",
      "Segments": [
        0,
        0,
        0,
        10.833,
        0
      ]
    },
    {
      "Target": "Parameter",
      "Id": "ParamBreath",
      "Segments": [
        0,
        0,
        0,
        10.833,
        0
      ]
    },
    {
      "Target": "Parameter",
      "Id": "ParamArmUpperLMoveLength",
      "Segments": [
        0,
        0,
        0,
        10.833,
        0
      ]
    },
    {
      "Target": "Parameter",
      "Id": "ParamArmUpperRMoveAngel",
      "Segments": [
        0,
        0,
        0,
        10.833,
        0
      ]
    },
    {
      "Target": "Parameter",
      "Id": "ParamArmUpperRMoveLength",
      "Segments": [
        0,
        0,
        0,
        10.833,
        0
      ]
    },
    {
      "Target": "Parameter",
      "Id": "ParamArmForeRMoveAngel",
      "Segments": [
        0,
        0,
        0,
        10.833,
        0
      ]
    },
    {
      "Target": "Parameter",
      "Id": "ParamArmForeRMoveLength",
      "Segments": [
        0,
        0,
        0,
        10.833,
        0
      ]
    },
    {
      "Target": "Parameter",
      "Id": "ParamHandRMoveAngel",
      "Segments": [
        0,
        0,
        0,
        10.833,
        0
      ]
    },
    {
      "Target": "Parameter",
      "Id": "ParamHandLNieDmzLayer",
      "Segments": [
        0,
        0,
        0,
        10.833,
        0
      ]
    },
    {
      "Target": "Parameter",
      "Id": "ParamDeng2",
      "Segments": [
        0,
        0,
        0,
        10.833,
        0
      ]
    },
    {
      "Target": "Parameter",
      "Id": "ParamDeng3",
      "Segments": [
        0,
        0,
        0,
        10.833,
        0
      ]
    },
    {
      "Target": "Parameter",
      "Id": "ParamArmForeLPengAlpha",
      "Segments": [
        0,
        0,
        0,
        10.833,
        0
      ]
    },
    {
      "Target": "Parameter",
      "Id": "ParamHandLDefaultAlpha",
      "Segments": [
        0,
        1,
        0,
        10.833,
        1
      ]
    },
    {
      "Target": "Parameter",
      "Id": "ParamHandLNieAlpha",
      "Segments": [
        0,
        0,
        0,
        10.833,
        0
      ]
    },
    {
      "Target": "Parameter",
      "Id": "ParamDeng4",
      "Segments": [
        0,
        0,
        0,
        10.833,
        0
      ]
    },
    {
      "Target": "Parameter",
      "Id": "ParamHandLMoveToNietoNakai2",
      "Segments": [
        0,
        0,
        0,
        10.833,
        0
      ]
    },
    {
      "Target": "Parameter",
      "Id": "ParamHandLNieZhi",
      "Segments": [
        0,
        0,
        0,
        10.833,
        0
      ]
    },
    {
      "Target": "Parameter",
      "Id": "ParamHandRGanLayer",
      "Segments": [
        0,
        0,
        0,
        10.833,
        0
      ]
    },
    {
      "Target": "Parameter",
      "Id": "ParamDeng5",
      "Segments": [
        0,
        0,
        0,
        10.833,
        0
      ]
    },
    {
      "Target": "Parameter",
      "Id": "ParamDeng6",
      "Segments": [
        0,
        0,
        0,
        10.833,
        0
      ]
    },
    {
      "Target": "Parameter",
      "Id": "ParamArmForeRMoveAlpha",
      "Segments": [
        0,
        1,
        0,
        10.833,
        1
      ]
    },
    {
      "Target": "Parameter",
      "Id": "ParamArmForeRPengAlpha",
      "Segments": [
        0,
        0,
        0,
        10.833,
        0
      ]
    },
    {
      "Target": "Parameter",
      "Id": "ParamHandRDefaultAlpha",
      "Segments": [
        0,
        1,
        0,
        10.833,
        1
      ]
    },
    {
      "Target": "Parameter",
      "Id": "ParamHandRMoveAlpha",
      "Segments": [
        0,
        0,
        0,
        10.833,
        0
      ]
    },
    {
      "Target": "Parameter",
      "Id": "ParamHandRPengAlpha",
      "Segments": [
        0,
        0,
        0,
        10.833,
        0
      ]
    },
    {
      "Target": "Parameter",
      "Id": "ParamDeng7",
      "Segments": [
        0,
        0,
        0,
        10.833,
        0
      ]
    },
    {
      "Target": "Parameter",
      "Id": "ParamBodyUpperZheng",
      "Segments": [
        0,
        10,
        0,
        10.833,
        10
      ]
    },
    {
      "Target": "Parameter",
      "Id": "ParamChestPhysicX",
      "Segments": [
        0,
        0,
        0,
        10.833,
        0
      ]
    },
    {
      "Target": "Parameter",
      "Id": "ParamHairSide",
      "Segments": [
        0,
        0,
        0,
        10.833,
        0
      ]
    },
    {
      "Target": "Parameter",
      "Id": "ParamHairAcce",
      "Segments": [
        0,
        0,
        0,
        10.833,
        0
      ]
    },
    {
      "Target": "Parameter",
      "Id": "ParamShuiZhuChestL1",
      "Segments": [
        0,
        0,
        0,
        10.833,
        0
      ]
    },
    {
      "Target": "Parameter",
      "Id": "ParamShuiZhuChestL2",
      "Segments": [
        0,
        0,
        0,
        10.833,
        0
      ]
    },
    {
      "Target": "Parameter",
      "Id": "ParamShuiZhuChestL5",
      "Segments": [
        0,
        0,
        0,
        10.833,
        0
      ]
    },
    {
      "Target": "Parameter",
      "Id": "ParamDeng1",
      "Segments": [
        0,
        0,
        0,
        10.833,
        0
      ]
    },
    {
      "Target": "Parameter",
      "Id": "ParamShuiZhuChestR2",
      "Segments": [
        0,
        0,
        0,
        10.833,
        0
      ]
    },
    {
      "Target": "Parameter",
      "Id": "ParamShuiZhuChesrtR3",
      "Segments": [
        0,
        0,
        0,
        10.833,
        0
      ]
    },
    {
      "Target": "Parameter",
      "Id": "ParamWuliBase",
      "Segments": [
        0,
        0,
        0,
        10.833,
        0
      ]
    },
    {
      "Target": "PartOpacity",
      "Id": "PartLoginParts",
      "Segments": [
        0,
        0,
        0,
        10.833,
        0
      ]
    },
    {
      "Target": "PartOpacity",
      "Id": "PartShuizhuDange",
      "Segments": [
        0,
        0,
        0,
        10.833,
        0
      ]
    },
    {
      "Target": "PartOpacity",
      "Id": "PartMask",
      "Segments": [
        0,
        0,
        0,
        10.833,
        0
      ]
    },
    {
      "Target": "PartOpacity",
      "Id": "PartHandLCongxia",
      "Segments": [
        0,
        0,
        0,
        10.833,
        0
      ]
    },
    {
      "Target": "PartOpacity",
      "Id": "PartHandLNakaiDuli",
      "Segments": [
        0,
        0,
        0,
        10.833,
        0
      ]
    },
    {
      "Target": "PartOpacity",
      "Id": "PartHandLNie",
      "Segments": [
        0,
        0,
        0,
        10.833,
        0
      ]
    },
    {
      "Target": "PartOpacity",
      "Id": "PartHandRPeng",
      "Segments": [
        0,
        0,
        0,
        10.833,
        0
      ]
    },
    {
      "Target": "PartOpacity",
      "Id": "PartHandRMove",
      "Segments": [
        0,
        0,
        0,
        10.833,
        0
      ]
    },
    {
      "Target": "PartOpacity",
      "Id": "PartHandRDefault",
      "Segments": [
        0,
        1,
        0,
        10.833,
        1
      ]
    },
    {
      "Target": "PartOpacity",
      "Id": "PartArmRMove",
      "Segments": [
        0,
        0,
        0,
        10.833,
        0
      ]
    },
    {
      "Target": "PartOpacity",
      "Id": "PartArmRDefault",
      "Segments": [
        0,
        1,
        0,
        10.833,
        1
      ]
    },
    {
      "Target": "PartOpacity",
      "Id": "PartAhogeShuai",
      "Segments": [
        0,
        0,
        0,
        10.833,
        0
      ]
    },
    {
      "Target": "PartOpacity",
      "Id": "PartHairFrontShuai",
      "Segments": [
        0,
        0,
        0,
        10.833,
        0
      ]
    },
    {
      "Target": "PartOpacity",
      "Id": "PartMouthKey",
      "Segments": [
        0,
        0,
        0,
        10.833,
        0
      ]
    },
    {
      "Target": "PartOpacity",
      "Id": "PartShaoziHan",
      "Segments": [
        0,
        0,
        0,
        10.833,
        0
      ]
    }
  ],
  "UserData": [
    {
      "Time": 0.0,
      "Value": ""
    },
    {
      "Time": 10.333,
      "Value": ""
    }
  ]
}