{
  "Version": 3,
  "Meta": {
    "Duration": 4.5,
    "Fps": 30.0,
    "Loop": true,
    "CurveCount": 141,
    "TotalSegmentCount": 528,
    "TotalPointCount": 906,
    "UserDataCount": 2,
    "TotalUserDataSize": 0
  },
  "Curves": [
    {
      "Target": "Parameter",
      "Id": "ParamAngleX",
      "Segments": [
        0,
        2.112,
        1,
        0.178,
        0.381,
        0.355,
        -2.651,
        0.533,
        -2.651,
        0,
        0.633,
        0,
        0,
        1.033,
        -25.367,
        1,
        1.266,
        -25.367,
        1.5,
        -13.173,
        1.733,
        -4.191,
        1,
        1.933,
        3.508,
        2.133,
        9.449,
        2.333,
        12.573,
        1,
        2.522,
        15.523,
        2.711,
        15.653,
        2.9,
        15.653,
        1,
        3.033,
        15.653,
        3.167,
        11.075,
        3.3,
        10.833,
        1,
        3.533,
        10.409,
        3.767,
        10.432,
        4,
        9.998,
        1,
        4.167,
        9.687,
        4.333,
        7.024,
        4.5,
        5.588
      ]
    },
    {
      "Target": "Parameter",
      "Id": "ParamAngleY",
      "Segments": [
        0,
        -4.626,
        1,
        0.044,
        -4.74,
        0.089,
        -4.8,
        0.133,
        -4.8,
        1,
        0.266,
        -4.8,
        0.4,
        -3.74,
        0.533,
        -1.077,
        1,
        0.566,
        -0.412,
        0.6,
        0.359,
        0.633,
        0.359,
        0,
        0.833,
        -11.851,
        1,
        0.922,
        -11.851,
        1.011,
        7.459,
        1.1,
        20.291,
        1,
        1.167,
        29.915,
        1.233,
        29.994,
        1.3,
        29.994,
        0,
        2.933,
        -20.282,
        0,
        4,
        4.176,
        1,
        4.167,
        4.176,
        4.333,
        -0.979,
        4.5,
        -2.089
      ]
    },
    {
      "Target": "Parameter",
      "Id": "ParamAngleZ",
      "Segments": [
        0,
        -0.392,
        1,
        0.167,
        -1.783,
        0.333,
        -2.785,
        0.5,
        -2.785,
        0,
        0.6,
        0,
        0,
        0.967,
        -10.283,
        1,
        1.189,
        -10.283,
        1.411,
        2.443,
        1.633,
        10.915,
        1,
        1.833,
        18.539,
        2.033,
        19.128,
        2.233,
        19.128,
        0,
        2.967,
        -4.851,
        0,
        4,
        7.683,
        1,
        4.167,
        7.683,
        4.333,
        3.9,
        4.5,
        1.152
      ]
    },
    {
      "Target": "Parameter",
      "Id": "ParamEyeLOpen",
      "Segments": [
        0,
        1,
        2,
        0.6,
        1,
        0,
        0.833,
        0.596,
        0,
        1.533,
        1.25,
        1,
        1.644,
        1.25,
        1.756,
        1.243,
        1.867,
        1.162,
        1,
        1.911,
        1.129,
        1.956,
        0,
        2,
        0,
        0,
        2.167,
        1.029,
        0,
        2.367,
        1,
        2,
        4,
        1,
        2,
        4.5,
        1
      ]
    },
    {
      "Target": "Parameter",
      "Id": "ParamEyeLSmile",
      "Segments": [
        0,
        0,
        2,
        0.6,
        0,
        1,
        0.689,
        0,
        0.778,
        0.657,
        0.867,
        0.89,
        1,
        0.922,
        1.035,
        0.978,
        1,
        1.033,
        1,
        0,
        2.167,
        -1,
        1,
        2.322,
        -1,
        2.478,
        -0.947,
        2.633,
        -0.536,
        1,
        2.711,
        -0.33,
        2.789,
        0.38,
        2.867,
        0.38,
        0,
        4,
        0,
        2,
        4.5,
        0
      ]
    },
    {
      "Target": "Parameter",
      "Id": "ParamEyeROpen",
      "Segments": [
        0,
        1,
        2,
        0.6,
        1,
        0,
        0.833,
        0.596,
        0,
        1.533,
        1.25,
        1,
        1.644,
        1.25,
        1.756,
        1.243,
        1.867,
        1.162,
        1,
        1.911,
        1.129,
        1.956,
        0,
        2,
        0,
        0,
        2.167,
        1.039,
        0,
        2.367,
        1,
        2,
        4,
        1,
        2,
        4.5,
        1
      ]
    },
    {
      "Target": "Parameter",
      "Id": "ParamEyeRSmile",
      "Segments": [
        0,
        0,
        2,
        0.6,
        0,
        1,
        0.689,
        0,
        0.778,
        0.636,
        0.867,
        0.881,
        1,
        0.922,
        1.034,
        0.978,
        1,
        1.033,
        1,
        0,
        2.167,
        -1,
        1,
        2.322,
        -1,
        2.478,
        -0.942,
        2.633,
        -0.517,
        1,
        2.711,
        -0.305,
        2.789,
        0.377,
        2.867,
        0.377,
        0,
        4,
        0,
        2,
        4.5,
        0
      ]
    },
    {
      "Target": "Parameter",
      "Id": "ParamEyeBallX",
      "Segments": [
        0,
        -0.026,
        1,
        0.167,
        -0.009,
        0.333,
        0,
        0.5,
        0,
        2,
        0.6,
        0,
        0,
        1.033,
        0.896,
        1,
        1.122,
        0.896,
        1.211,
        0.085,
        1.3,
        0,
        1,
        1.422,
        -0.116,
        1.545,
        -0.192,
        1.667,
        -0.215,
        1,
        2.167,
        -0.31,
        2.667,
        -0.337,
        3.167,
        -0.337,
        1,
        3.445,
        -0.337,
        3.722,
        -0.3,
        4,
        -0.221,
        1,
        4.167,
        -0.173,
        4.333,
        -0.122,
        4.5,
        -0.074
      ]
    },
    {
      "Target": "Parameter",
      "Id": "ParamEyeBallY",
      "Segments": [
        0,
        0.031,
        1,
        0.044,
        0.032,
        0.089,
        0.032,
        0.133,
        0.032,
        1,
        0.289,
        0.032,
        0.444,
        0.032,
        0.6,
        0,
        1,
        0.678,
        -0.016,
        0.755,
        -0.999,
        0.833,
        -0.999,
        1,
        1.055,
        -0.999,
        1.278,
        -0.659,
        1.5,
        0.007,
        1,
        1.722,
        0.674,
        1.945,
        1,
        2.167,
        1,
        1,
        2.422,
        1,
        2.678,
        0.12,
        2.933,
        0.039,
        1,
        3.289,
        -0.073,
        3.644,
        -0.064,
        4,
        -0.064,
        1,
        4.167,
        -0.064,
        4.333,
        -0.009,
        4.5,
        0.003
      ]
    },
    {
      "Target": "Parameter",
      "Id": "ParamUruUru",
      "Segments": [
        0,
        0,
        2,
        0.6,
        0,
        1,
        0.678,
        0,
        0.755,
        0,
        0.833,
        0.002,
        1,
        0.878,
        0.002,
        0.922,
        0.075,
        0.967,
        0.108,
        1,
        1.056,
        0.175,
        1.144,
        0.239,
        1.233,
        0.302,
        1,
        1.422,
        0.435,
        1.611,
        0.5,
        1.8,
        0.5,
        1,
        1.956,
        0.5,
        2.111,
        0.457,
        2.267,
        0.361,
        1,
        2.345,
        0.313,
        2.422,
        0.281,
        2.5,
        0.207,
        1,
        2.589,
        0.123,
        2.678,
        0,
        2.767,
        0,
        2,
        4,
        0,
        2,
        4.5,
        0
      ]
    },
    {
      "Target": "Parameter",
      "Id": "ParamBrowLForm",
      "Segments": [
        0,
        0,
        2,
        0.733,
        0,
        0,
        1.733,
        0.5,
        2,
        3,
        0.5,
        0,
        4,
        0,
        2,
        4.5,
        0
      ]
    },
    {
      "Target": "Parameter",
      "Id": "ParamBrowRForm",
      "Segments": [
        0,
        0,
        2,
        0.733,
        0,
        0,
        1.733,
        0.5,
        2,
        3,
        0.5,
        0,
        4,
        0,
        2,
        4.5,
        0
      ]
    },
    {
      "Target": "Parameter",
      "Id": "ParamMouthForm",
      "Segments": [
        0,
        0,
        2,
        2.267,
        0,
        0,
        2.7,
        1,
        1,
        2.889,
        1,
        3.078,
        1.011,
        3.267,
        0.955,
        1,
        3.478,
        0.894,
        3.689,
        0.298,
        3.9,
        0.147,
        1,
        4.1,
        0.004,
        4.3,
        0,
        4.5,
        0
      ]
    },
    {
      "Target": "Parameter",
      "Id": "ParamMouthOpenY",
      "Segments": [
        0,
        0,
        2,
        0.567,
        0,
        1,
        0.611,
        0,
        0.656,
        0,
        0.7,
        0.04,
        1,
        0.756,
        0.09,
        0.811,
        0.173,
        0.867,
        0.296,
        1,
        0.911,
        0.395,
        0.956,
        0.942,
        1,
        0.963,
        1,
        1.078,
        1,
        1.155,
        1,
        1.233,
        1,
        1,
        1.411,
        1,
        1.589,
        0.996,
        1.767,
        0.966,
        1,
        1.845,
        0.953,
        1.922,
        0.902,
        2,
        0.817,
        1,
        2.111,
        0.694,
        2.222,
        0.129,
        2.333,
        0.074,
        1,
        2.489,
        -0.003,
        2.644,
        0,
        2.8,
        0,
        2,
        4,
        0,
        2,
        4.5,
        0
      ]
    },
    {
      "Target": "Parameter",
      "Id": "ParamSheTouChu",
      "Segments": [
        0,
        0,
        2,
        1.033,
        0,
        0,
        1.333,
        1,
        2,
        2.867,
        1,
        0,
        2.9,
        0,
        2,
        4,
        0,
        2,
        4.5,
        0
      ]
    },
    {
      "Target": "Parameter",
      "Id": "ParamSheTouTian",
      "Segments": [
        0,
        0,
        2,
        1.2,
        0,
        1,
        1.5,
        0,
        1.8,
        0.39,
        2.1,
        0.8,
        1,
        2.244,
        0.997,
        2.389,
        1,
        2.533,
        1,
        2,
        2.867,
        1,
        0,
        2.9,
        0,
        2,
        4,
        0,
        2,
        4.5,
        0
      ]
    },
    {
      "Target": "Parameter",
      "Id": "ParamSheTou2RLayer",
      "Segments": [
        0,
        0,
        2,
        1.033,
        0,
        0,
        1.067,
        1,
        2,
        2.033,
        1,
        0,
        2.067,
        0,
        2,
        4,
        0,
        2,
        4.5,
        0
      ]
    },
    {
      "Target": "Parameter",
      "Id": "ParamMouthOpenYKey",
      "Segments": [
        0,
        0,
        2,
        0.567,
        0,
        1,
        0.611,
        0,
        0.656,
        0.001,
        0.7,
        0.043,
        1,
        0.756,
        0.096,
        0.811,
        0.174,
        0.867,
        0.296,
        1,
        0.911,
        0.394,
        0.956,
        0.946,
        1,
        0.966,
        1,
        1.078,
        1,
        1.155,
        1,
        1.233,
        1,
        1,
        1.411,
        1,
        1.589,
        0.997,
        1.767,
        0.97,
        1,
        1.845,
        0.958,
        1.922,
        0.904,
        2,
        0.817,
        1,
        2.111,
        0.693,
        2.222,
        0.132,
        2.333,
        0.076,
        1,
        2.489,
        -0.003,
        2.644,
        0,
        2.8,
        0,
        2,
        4.5,
        0
      ]
    },
    {
      "Target": "Parameter",
      "Id": "ParamBodyUpperZ",
      "Segments": [
        0,
        -0.847,
        1,
        0.167,
        -0.172,
        0.333,
        0.59,
        0.5,
        1.441,
        1,
        0.533,
        1.611,
        0.567,
        2.089,
        0.6,
        2.089,
        1,
        0.667,
        2.089,
        0.733,
        -2.909,
        0.8,
        -6.268,
        1,
        0.867,
        -9.627,
        0.933,
        -9.999,
        1,
        -9.999,
        1,
        1.178,
        -9.999,
        1.355,
        -6.607,
        1.533,
        -2.81,
        1,
        1.733,
        1.461,
        1.933,
        5.754,
        2.133,
        8.073,
        1,
        2.289,
        9.876,
        2.444,
        9.941,
        2.6,
        9.941,
        0,
        3.4,
        -2.136,
        1,
        3.6,
        -2.136,
        3.8,
        -1.935,
        4,
        -0.979,
        1,
        4.167,
        -0.183,
        4.333,
        1.387,
        4.5,
        2.377
      ]
    },
    {
      "Target": "Parameter",
      "Id": "ParamBodyUpperY",
      "Segments": [
        0,
        7.871,
        1,
        0.111,
        7.835,
        0.222,
        7.814,
        0.333,
        7.814,
        1,
        0.389,
        7.814,
        0.444,
        7.824,
        0.5,
        8.204,
        1,
        0.533,
        8.432,
        0.567,
        10,
        0.6,
        10,
        1,
        0.778,
        10,
        0.955,
        -0.673,
        1.133,
        -6.102,
        1,
        1.266,
        -10.173,
        1.4,
        -9.998,
        1.533,
        -9.998,
        1,
        1.666,
        -9.998,
        1.8,
        -8.667,
        1.933,
        -5.62,
        1,
        2.111,
        -1.557,
        2.289,
        4.002,
        2.467,
        6.989,
        1,
        2.611,
        9.416,
        2.756,
        9.706,
        2.9,
        9.706,
        1,
        3.267,
        9.706,
        3.633,
        8.874,
        4,
        8.311,
        1,
        4.111,
        8.141,
        4.222,
        8.2,
        4.333,
        8.2,
        1,
        4.389,
        8.2,
        4.444,
        8.194,
        4.5,
        8.214
      ]
    },
    {
      "Target": "Parameter",
      "Id": "ParamBodyAngleX",
      "Segments": [
        0,
        -0.812,
        1,
        0.167,
        -0.126,
        0.333,
        0.648,
        0.5,
        1.511,
        1,
        0.533,
        1.684,
        0.567,
        2.099,
        0.6,
        2.099,
        1,
        0.667,
        2.099,
        0.733,
        -2.887,
        0.8,
        -6.255,
        1,
        0.867,
        -9.623,
        0.933,
        -10,
        1,
        -10,
        1,
        1.178,
        -10,
        1.355,
        -6.68,
        1.533,
        -2.863,
        1,
        1.733,
        1.431,
        1.933,
        5.844,
        2.133,
        8.154,
        1,
        2.289,
        9.951,
        2.444,
        10,
        2.6,
        10,
        0,
        3.4,
        -2.105,
        1,
        3.6,
        -2.105,
        3.8,
        -1.918,
        4,
        -0.968,
        1,
        4.167,
        -0.178,
        4.333,
        1.451,
        4.5,
        2.442
      ]
    },
    {
      "Target": "Parameter",
      "Id": "ParamBodyLowerY",
      "Segments": [
        0,
        6.589,
        1,
        0.189,
        6.844,
        0.378,
        7.555,
        0.567,
        8.873,
        1,
        0.589,
        9.028,
        0.611,
        9.993,
        0.633,
        9.993,
        1,
        0.844,
        9.993,
        1.056,
        8.946,
        1.267,
        6.051,
        1,
        1.545,
        2.243,
        1.822,
        -2.453,
        2.1,
        -6.342,
        1,
        2.289,
        -8.987,
        2.478,
        -9.997,
        2.667,
        -9.997,
        1,
        2.867,
        -9.997,
        3.067,
        2.315,
        3.267,
        4.928,
        1,
        3.511,
        8.122,
        3.756,
        8.036,
        4,
        8.036,
        1,
        4.167,
        8.036,
        4.333,
        7.181,
        4.5,
        6.736
      ]
    },
    {
      "Target": "Parameter",
      "Id": "ParamBodyLowerX",
      "Segments": [
        0,
        -4.373,
        1,
        0.189,
        -2.222,
        0.378,
        -0.275,
        0.567,
        -0.275,
        0,
        0.633,
        -1.784,
        0,
        0.833,
        9.214,
        0,
        2.067,
        -9.999,
        0,
        2.933,
        3.241,
        1,
        3.211,
        3.241,
        3.489,
        -8.594,
        3.767,
        -9.388,
        1,
        3.845,
        -9.61,
        3.922,
        -9.454,
        4,
        -9.548,
        1,
        4.1,
        -9.67,
        4.2,
        -10,
        4.3,
        -10,
        1,
        4.367,
        -10,
        4.433,
        -10.113,
        4.5,
        -9.912
      ]
    },
    {
      "Target": "Parameter",
      "Id": "ParamChestSqueeze",
      "Segments": [
        0,
        0.8,
        1,
        1.333,
        0.804,
        2.667,
        0.875,
        4,
        0.875,
        1,
        4.167,
        0.875,
        4.333,
        0.832,
        4.5,
        0.813
      ]
    },
    {
      "Target": "Parameter",
      "Id": "ParamChestLX",
      "Segments": [
        0,
        -0.001,
        2,
        0.1,
        -0.001,
        2,
        0.133,
        -0.001,
        0,
        0.267,
        0,
        0,
        0.467,
        -0.002,
        0,
        0.533,
        -0.001,
        0,
        0.667,
        -0.017,
        0,
        0.833,
        0.322,
        0,
        1.067,
        -0.365,
        0,
        1.267,
        0.112,
        0,
        1.467,
        -0.08,
        0,
        1.7,
        0.027,
        0,
        1.9,
        -0.005,
        0,
        2.267,
        0.483,
        0,
        2.767,
        -0.465,
        0,
        3.1,
        0.33,
        1,
        3.2,
        0.33,
        3.3,
        0.141,
        3.4,
        0,
        1,
        3.6,
        -0.282,
        3.8,
        -0.359,
        4,
        -0.359,
        1,
        4.167,
        -0.359,
        4.333,
        -0.37,
        4.5,
        -0.28
      ]
    },
    {
      "Target": "Parameter",
      "Id": "ParamChestLY",
      "Segments": [
        0,
        -0.003,
        1,
        0.022,
        -0.004,
        0.045,
        -0.004,
        0.067,
        -0.004,
        0,
        0.233,
        -0.002,
        0,
        0.6,
        -0.211,
        0,
        0.767,
        1,
        0,
        1.067,
        -0.304,
        0,
        1.3,
        0.262,
        0,
        1.567,
        -0.435,
        0,
        1.833,
        0.065,
        1,
        1.9,
        0.065,
        1.966,
        0.011,
        2.033,
        -0.104,
        1,
        2.189,
        -0.374,
        2.344,
        -0.513,
        2.5,
        -0.513,
        0,
        2.733,
        0.03,
        0,
        3,
        -0.382,
        1,
        3.089,
        -0.382,
        3.178,
        -0.032,
        3.267,
        -0.007,
        1,
        3.311,
        0.006,
        3.356,
        0,
        3.4,
        0,
        0,
        3.7,
        -0.227,
        0,
        4,
        -0.01,
        1,
        4.167,
        -0.01,
        4.333,
        -0.126,
        4.5,
        -0.18
      ]
    },
    {
      "Target": "Parameter",
      "Id": "ParamChestRX",
      "Segments": [
        0,
        -0.001,
        2,
        0.1,
        -0.001,
        2,
        0.133,
        -0.001,
        0,
        0.267,
        0,
        0,
        0.467,
        -0.002,
        0,
        0.533,
        -0.001,
        0,
        0.667,
        -0.017,
        0,
        0.833,
        0.322,
        0,
        1.067,
        -0.365,
        0,
        1.267,
        0.112,
        0,
        1.467,
        -0.08,
        0,
        1.7,
        0.027,
        0,
        1.9,
        -0.005,
        0,
        2.267,
        0.483,
        0,
        2.767,
        -0.513,
        0,
        3.1,
        0.326,
        1,
        3.2,
        0.326,
        3.3,
        0.14,
        3.4,
        0,
        1,
        3.6,
        -0.281,
        3.8,
        -0.358,
        4,
        -0.358,
        1,
        4.167,
        -0.358,
        4.333,
        -0.369,
        4.5,
        -0.279
      ]
    },
    {
      "Target": "Parameter",
      "Id": "ParamChestRY",
      "Segments": [
        0,
        -0.003,
        1,
        0.022,
        -0.004,
        0.045,
        -0.004,
        0.067,
        -0.004,
        0,
        0.233,
        -0.002,
        0,
        0.6,
        -0.211,
        0,
        0.767,
        1,
        0,
        1.067,
        -0.304,
        0,
        1.3,
        0.262,
        0,
        1.567,
        -0.435,
        0,
        1.833,
        0.065,
        1,
        1.9,
        0.065,
        1.966,
        0.002,
        2.033,
        -0.104,
        1,
        2.189,
        -0.352,
        2.344,
        -0.467,
        2.5,
        -0.467,
        0,
        2.733,
        0.03,
        0,
        3,
        -0.388,
        1,
        3.089,
        -0.388,
        3.178,
        -0.032,
        3.267,
        -0.007,
        1,
        3.311,
        0.006,
        3.356,
        0,
        3.4,
        0,
        0,
        3.7,
        -0.225,
        0,
        4,
        -0.01,
        1,
        4.167,
        -0.01,
        4.333,
        -0.126,
        4.5,
        -0.18
      ]
    },
    {
      "Target": "Parameter",
      "Id": "ParamAhoge",
      "Segments": [
        0,
        0.118,
        2,
        0.033,
        0.118,
        0,
        0.233,
        0.136,
        0,
        0.667,
        -0.585,
        0,
        0.933,
        1,
        0,
        1.4,
        -1,
        0,
        1.933,
        0.646,
        0,
        2.367,
        0.004,
        0,
        2.7,
        0.127,
        0,
        3,
        -0.086,
        0,
        3.3,
        0.191,
        0,
        3.8,
        -0.118,
        1,
        3.867,
        -0.118,
        3.933,
        0.202,
        4,
        0.208,
        1,
        4.011,
        0.209,
        4.022,
        0.209,
        4.033,
        0.209,
        1,
        4.189,
        0.209,
        4.344,
        0.185,
        4.5,
        0.15
      ]
    },
    {
      "Target": "Parameter",
      "Id": "ParamAhogeMo",
      "Segments": [
        0,
        0.263,
        1,
        0.211,
        0.417,
        0.422,
        0.789,
        0.633,
        0.789,
        0,
        0.867,
        -1,
        0,
        1.333,
        1,
        0,
        1.733,
        -1,
        0,
        2.233,
        0.029,
        0,
        2.533,
        -0.36,
        0,
        2.967,
        0.345,
        0,
        3.233,
        -0.033,
        0,
        3.6,
        0.609,
        0,
        4,
        0.201,
        0,
        4.4,
        0.253,
        1,
        4.433,
        0.253,
        4.467,
        0.258,
        4.5,
        0.251
      ]
    },
    {
      "Target": "Parameter",
      "Id": "ParamHairFront",
      "Segments": [
        0,
        0.059,
        1,
        0.022,
        0.058,
        0.045,
        0.057,
        0.067,
        0.057,
        0,
        0.2,
        0.062,
        0,
        0.667,
        -0.3,
        0,
        0.967,
        1,
        0,
        1.4,
        -0.998,
        0,
        2.033,
        0.391,
        0,
        3,
        -0.105,
        0,
        4,
        0.397,
        1,
        4.167,
        0.397,
        4.333,
        0.387,
        4.5,
        0.252
      ]
    },
    {
      "Target": "Parameter",
      "Id": "ParamHairFrontMo",
      "Segments": [
        0,
        0.048,
        2,
        0.033,
        0.048,
        0,
        0.167,
        0.046,
        0,
        0.667,
        0.201,
        0,
        0.9,
        -0.491,
        0,
        1.267,
        1,
        0,
        1.767,
        -0.811,
        0,
        2.367,
        0.044,
        0,
        2.6,
        0.018,
        0,
        2.967,
        0.096,
        0,
        3.267,
        -0.033,
        1,
        3.4,
        -0.033,
        3.534,
        0.011,
        3.667,
        0.128,
        1,
        3.778,
        0.226,
        3.889,
        0.338,
        4,
        0.459,
        1,
        4.144,
        0.616,
        4.289,
        0.713,
        4.433,
        0.713,
        1,
        4.455,
        0.713,
        4.478,
        0.717,
        4.5,
        0.71
      ]
    },
    {
      "Target": "Parameter",
      "Id": "ParamHairBack",
      "Segments": [
        0,
        -0.101,
        1,
        0.222,
        -0.161,
        0.445,
        -0.209,
        0.667,
        -0.209,
        0,
        0.9,
        0.597,
        0,
        1.2,
        -0.897,
        0,
        1.6,
        0.359,
        0,
        1.867,
        0.112,
        0,
        2.233,
        0.329,
        0,
        2.967,
        -0.095,
        0,
        3.2,
        -0.002,
        0,
        3.567,
        -0.146,
        0,
        4,
        0.098,
        0,
        4.467,
        -0.056,
        1,
        4.478,
        -0.056,
        4.489,
        -0.057,
        4.5,
        -0.055
      ]
    },
    {
      "Target": "Parameter",
      "Id": "ParamHairBackMo",
      "Segments": [
        0,
        0,
        1,
        0.056,
        -0.001,
        0.111,
        -0.004,
        0.167,
        -0.004,
        0,
        0.467,
        0.01,
        0,
        0.567,
        0.006,
        0,
        0.633,
        0.038,
        0,
        0.833,
        -0.185,
        0,
        1.1,
        0.401,
        0,
        1.4,
        -0.462,
        0,
        1.733,
        0.333,
        0,
        2.067,
        -0.206,
        0,
        2.4,
        0.128,
        0,
        2.767,
        -0.051,
        0,
        3,
        -0.004,
        0,
        3.133,
        -0.009,
        0,
        3.4,
        0.037,
        0,
        3.7,
        -0.038,
        1,
        3.8,
        -0.038,
        3.9,
        0.026,
        4,
        0.055,
        1,
        4.078,
        0.078,
        4.155,
        0.076,
        4.233,
        0.076,
        1,
        4.322,
        0.076,
        4.411,
        0.03,
        4.5,
        -0.024
      ]
    },
    {
      "Target": "Parameter",
      "Id": "ParamHairBackFtB",
      "Segments": [
        0,
        0.01,
        1,
        0.211,
        -0.018,
        0.422,
        -0.295,
        0.633,
        -0.295,
        0,
        1.033,
        1,
        2,
        1.3,
        1,
        0,
        2.167,
        -0.928,
        0,
        3.1,
        0.302,
        0,
        3.6,
        0.18,
        1,
        3.733,
        0.18,
        3.867,
        0.45,
        4,
        0.492,
        1,
        4.011,
        0.495,
        4.022,
        0.492,
        4.033,
        0.492,
        1,
        4.189,
        0.492,
        4.344,
        0.485,
        4.5,
        0.367
      ]
    },
    {
      "Target": "Parameter",
      "Id": "ParamShuiZhuChestL1",
      "Segments": [
        0,
        0,
        2,
        2.633,
        0,
        1,
        3.022,
        0.417,
        3.411,
        0.833,
        3.8,
        1.25,
        2,
        3.833,
        0,
        2,
        4,
        0,
        2,
        4.5,
        0
      ]
    },
    {
      "Target": "Parameter",
      "Id": "ParamShuiZhuChestL2",
      "Segments": [
        0,
        0,
        2,
        2.333,
        0,
        1,
        2.722,
        0.417,
        3.111,
        0.833,
        3.5,
        1.25,
        2,
        3.533,
        0,
        2,
        4,
        0,
        2,
        4.5,
        0
      ]
    },
    {
      "Target": "Parameter",
      "Id": "ParamShuiZhuChestL3",
      "Segments": [
        0,
        0,
        2,
        0.733,
        0,
        1,
        1.122,
        0.417,
        1.511,
        0.833,
        1.9,
        1.25,
        2,
        1.933,
        0,
        2,
        4,
        0,
        2,
        4.5,
        0
      ]
    },
    {
      "Target": "Parameter",
      "Id": "ParamShuiZhuChestL4",
      "Segments": [
        0,
        0,
        1,
        0.111,
        0.417,
        0.222,
        0.833,
        0.333,
        1.25,
        2,
        0.367,
        0,
        1,
        0.611,
        0.417,
        0.856,
        0.833,
        1.1,
        1.25,
        2,
        1.133,
        0,
        2,
        4,
        0,
        2,
        4.167,
        0,
        1,
        4.278,
        0.119,
        4.389,
        0.238,
        4.5,
        0.357
      ]
    },
    {
      "Target": "Parameter",
      "Id": "ParamShuiZhuChestL5",
      "Segments": [
        0,
        0,
        2,
        1.4,
        0,
        1,
        1.789,
        0.417,
        2.178,
        0.833,
        2.567,
        1.25,
        2,
        2.6,
        0,
        2,
        4,
        0,
        2,
        4.5,
        0
      ]
    },
    {
      "Target": "Parameter",
      "Id": "ParamShuiZhuChestL6",
      "Segments": [
        0,
        0,
        2,
        2.967,
        0,
        1,
        3.256,
        0.167,
        3.544,
        0.333,
        3.833,
        0.5,
        2,
        4,
        0.5,
        1,
        4.133,
        0.75,
        4.267,
        1,
        4.4,
        1.25,
        2,
        4.433,
        0,
        2,
        4.5,
        0
      ]
    },
    {
      "Target": "Parameter",
      "Id": "ParamShuiZhuChestL7",
      "Segments": [
        0,
        0,
        1,
        0.378,
        0.238,
        0.755,
        0.476,
        1.133,
        0.714,
        1,
        1.233,
        0.893,
        1.333,
        1.071,
        1.433,
        1.25,
        2,
        1.467,
        0,
        2,
        4,
        0,
        2,
        4.5,
        0
      ]
    },
    {
      "Target": "Parameter",
      "Id": "ParamShuiZhuChestR1",
      "Segments": [
        0,
        0,
        1,
        0.056,
        0.417,
        0.111,
        0.833,
        0.167,
        1.25,
        2,
        0.2,
        0,
        1,
        0.444,
        0.417,
        0.689,
        0.833,
        0.933,
        1.25,
        2,
        0.967,
        0,
        2,
        4,
        0,
        1,
        4.167,
        0.179,
        4.333,
        0.357,
        4.5,
        0.536
      ]
    },
    {
      "Target": "Parameter",
      "Id": "ParamShuiZhuChestR2",
      "Segments": [
        0,
        0,
        2,
        0.333,
        0,
        2,
        1.1,
        0,
        1,
        1.489,
        0.417,
        1.878,
        0.833,
        2.267,
        1.25,
        2,
        2.3,
        0,
        2,
        4,
        0,
        2,
        4.5,
        0
      ]
    },
    {
      "Target": "Parameter",
      "Id": "ParamShuiZhuChesrtR3",
      "Segments": [
        0,
        0,
        2,
        1.6,
        0,
        1,
        1.989,
        0.417,
        2.378,
        0.833,
        2.767,
        1.25,
        2,
        2.8,
        0,
        2,
        4,
        0,
        2,
        4.5,
        0
      ]
    },
    {
      "Target": "Parameter",
      "Id": "ParamShuiZhuChestR4",
      "Segments": [
        0,
        0,
        1,
        0.478,
        0.417,
        0.955,
        0.833,
        1.433,
        1.25,
        2,
        1.467,
        0,
        2,
        3.3,
        0,
        2,
        4,
        0,
        2,
        4.5,
        0
      ]
    },
    {
      "Target": "Parameter",
      "Id": "ParamShuiZhuChestR5",
      "Segments": [
        0,
        0,
        1,
        0.156,
        0.417,
        0.311,
        0.833,
        0.467,
        1.25,
        2,
        0.5,
        0,
        1,
        1.667,
        0.167,
        2.833,
        0.333,
        4,
        0.5,
        1,
        4.167,
        0.679,
        4.333,
        0.857,
        4.5,
        1.036
      ]
    },
    {
      "Target": "Parameter",
      "Id": "ParamShuiZhuChestR6",
      "Segments": [
        0,
        1.25,
        2,
        0.033,
        0,
        1,
        0.278,
        0.417,
        0.522,
        0.833,
        0.767,
        1.25,
        2,
        0.8,
        0,
        1,
        1.867,
        0.06,
        2.933,
        0.119,
        4,
        0.179,
        1,
        4.167,
        0.357,
        4.333,
        0.536,
        4.5,
        0.714
      ]
    },
    {
      "Target": "Parameter",
      "Id": "ParamWaterWenYao",
      "Segments": [
        0,
        0,
        2,
        4,
        0,
        1,
        4.167,
        0.222,
        4.333,
        0.445,
        4.5,
        0.667
      ]
    },
    {
      "Target": "Parameter",
      "Id": "ParamWaterBaseYaoX",
      "Segments": [
        0,
        7.575,
        1,
        1.2,
        2.25,
        2.4,
        -10,
        3.6,
        -10,
        0,
        4,
        10,
        1,
        4.167,
        10,
        4.333,
        9.117,
        4.5,
        4.81
      ]
    },
    {
      "Target": "Parameter",
      "Id": "ParamWaterBaseYaoY",
      "Segments": [
        0,
        -9.909,
        1,
        1.333,
        -8.892,
        2.667,
        0.337,
        4,
        0.337,
        1,
        4.167,
        0.337,
        4.333,
        -5.78,
        4.5,
        -8.732
      ]
    },
    {
      "Target": "Parameter",
      "Id": "ParamCrossLight1",
      "Segments": [
        0,
        0.121,
        1,
        1.2,
        0.388,
        2.4,
        1,
        3.6,
        1,
        0,
        4,
        0,
        1,
        4.167,
        0,
        4.333,
        0.043,
        4.5,
        0.259
      ]
    },
    {
      "Target": "Parameter",
      "Id": "ParamCrossLight2",
      "Segments": [
        0,
        0.009,
        1,
        1.333,
        0.06,
        2.667,
        0.321,
        4,
        0.321,
        1,
        4.167,
        0.321,
        4.333,
        0.089,
        4.5,
        0.003
      ]
    },
    {
      "Target": "Parameter",
      "Id": "ParamCrossLight3",
      "Segments": [
        0,
        0.15,
        1,
        0.122,
        0.06,
        0.245,
        0,
        0.367,
        0,
        2,
        3.467,
        0,
        0,
        4,
        0.978,
        1,
        4.167,
        0.978,
        4.333,
        0.673,
        4.5,
        0.458
      ]
    },
    {
      "Target": "Parameter",
      "Id": "ParamGanLight",
      "Segments": [
        0,
        0.5,
        2,
        3.567,
        0.5,
        2,
        4,
        0.5,
        1,
        4.167,
        0.5,
        4.333,
        0.493,
        4.5,
        0.557
      ]
    },
    {
      "Target": "PartOpacity",
      "Id": "PartMouthKey",
      "Segments": [
        0,
        0,
        2,
        0.53,
        1,
        2,
        2.87,
        0,
        2,
        4.5,
        0
      ]
    },
    {
      "Target": "PartOpacity",
      "Id": "PartMouth",
      "Segments": [
        0,
        1,
        2,
        0.53,
        0,
        2,
        2.87,
        1,
        2,
        4.5,
        1
      ]
    },
    {
      "Target": "Parameter",
      "Id": "ParamEyeBallScale",
      "Segments": [
        0,
        0,
        0,
        4.5,
        0
      ]
    },
    {
      "Target": "Parameter",
      "Id": "ParamBrowLX",
      "Segments": [
        0,
        0,
        0,
        4.5,
        0
      ]
    },
    {
      "Target": "Parameter",
      "Id": "ParamBrowLY",
      "Segments": [
        0,
        0,
        0,
        4.5,
        0
      ]
    },
    {
      "Target": "Parameter",
      "Id": "ParamBrowRX",
      "Segments": [
        0,
        0,
        0,
        4.5,
        0
      ]
    },
    {
      "Target": "Parameter",
      "Id": "ParamBrowRY",
      "Segments": [
        0,
        0,
        0,
        4.5,
        0
      ]
    },
    {
      "Target": "Parameter",
      "Id": "ParamBrowLAngle",
      "Segments": [
        0,
        0,
        0,
        4.5,
        0
      ]
    },
    {
      "Target": "Parameter",
      "Id": "ParamBrowRAngle",
      "Segments": [
        0,
        0,
        0,
        4.5,
        0
      ]
    },
    {
      "Target": "Parameter",
      "Id": "ParamBrowLStyle1",
      "Segments": [
        0,
        0,
        0,
        4.5,
        0
      ]
    },
    {
      "Target": "Parameter",
      "Id": "ParamBrowRStyle1",
      "Segments": [
        0,
        0,
        0,
        4.5,
        0
      ]
    },
    {
      "Target": "Parameter",
      "Id": "ParamCheek",
      "Segments": [
        0,
        0,
        0,
        4.5,
        0
      ]
    },
    {
      "Target": "Parameter",
      "Id": "ParamBodyAngleY",
      "Segments": [
        0,
        0,
        0,
        4.5,
        0
      ]
    },
    {
      "Target": "Parameter",
      "Id": "ParamBodyAngleZ",
      "Segments": [
        0,
        0,
        0,
        4.5,
        0
      ]
    },
    {
      "Target": "Parameter",
      "Id": "ParamBreath",
      "Segments": [
        0,
        0,
        0,
        4.5,
        0
      ]
    },
    {
      "Target": "Parameter",
      "Id": "ParamArmUpperLMoveAngel",
      "Segments": [
        0,
        0,
        0,
        4.5,
        0
      ]
    },
    {
      "Target": "Parameter",
      "Id": "ParamArmUpperLMoveLength",
      "Segments": [
        0,
        0,
        0,
        4.5,
        0
      ]
    },
    {
      "Target": "Parameter",
      "Id": "ParamArmForeLMoveAngel",
      "Segments": [
        0,
        0,
        0,
        4.5,
        0
      ]
    },
    {
      "Target": "Parameter",
      "Id": "ParamArmForeLMoveLength",
      "Segments": [
        0,
        0,
        0,
        4.5,
        0
      ]
    },
    {
      "Target": "Parameter",
      "Id": "ParamHandLMoveAngel",
      "Segments": [
        0,
        0,
        0,
        4.5,
        0
      ]
    },
    {
      "Target": "Parameter",
      "Id": "ParamArmUpperRMoveAngel",
      "Segments": [
        0,
        0,
        0,
        4.5,
        0
      ]
    },
    {
      "Target": "Parameter",
      "Id": "ParamArmUpperRMoveLength",
      "Segments": [
        0,
        0,
        0,
        4.5,
        0
      ]
    },
    {
      "Target": "Parameter",
      "Id": "ParamArmForeRMoveAngel",
      "Segments": [
        0,
        0,
        0,
        4.5,
        0
      ]
    },
    {
      "Target": "Parameter",
      "Id": "ParamArmForeRMoveLength",
      "Segments": [
        0,
        0,
        0,
        4.5,
        0
      ]
    },
    {
      "Target": "Parameter",
      "Id": "ParamHandRMoveAngel",
      "Segments": [
        0,
        0,
        0,
        4.5,
        0
      ]
    },
    {
      "Target": "Parameter",
      "Id": "ParamHandLGanLayer",
      "Segments": [
        0,
        0,
        0,
        4.5,
        0
      ]
    },
    {
      "Target": "Parameter",
      "Id": "ParamHandLNieDmzLayer",
      "Segments": [
        0,
        0,
        0,
        4.5,
        0
      ]
    },
    {
      "Target": "Parameter",
      "Id": "ParamDeng2",
      "Segments": [
        0,
        0,
        0,
        4.5,
        0
      ]
    },
    {
      "Target": "Parameter",
      "Id": "ParamHandLDefaultDMZ",
      "Segments": [
        0,
        0,
        0,
        4.5,
        0
      ]
    },
    {
      "Target": "Parameter",
      "Id": "ParamHandLDefaultSZ",
      "Segments": [
        0,
        0,
        0,
        4.5,
        0
      ]
    },
    {
      "Target": "Parameter",
      "Id": "ParamHandLDefaultZZ",
      "Segments": [
        0,
        0,
        0,
        4.5,
        0
      ]
    },
    {
      "Target": "Parameter",
      "Id": "ParamHandLDefaultWMZ",
      "Segments": [
        0,
        0,
        0,
        4.5,
        0
      ]
    },
    {
      "Target": "Parameter",
      "Id": "ParamHandLDefaultXZ",
      "Segments": [
        0,
        0,
        0,
        4.5,
        0
      ]
    },
    {
      "Target": "Parameter",
      "Id": "ParamDeng3",
      "Segments": [
        0,
        0,
        0,
        4.5,
        0
      ]
    },
    {
      "Target": "Parameter",
      "Id": "ParamArmForeLMoveAlpha",
      "Segments": [
        0,
        1,
        0,
        4.5,
        1
      ]
    },
    {
      "Target": "Parameter",
      "Id": "ParamArmForeLPengAlpha",
      "Segments": [
        0,
        0,
        0,
        4.5,
        0
      ]
    },
    {
      "Target": "Parameter",
      "Id": "ParamArmForeLNieAlpha",
      "Segments": [
        0,
        0,
        0,
        4.5,
        0
      ]
    },
    {
      "Target": "Parameter",
      "Id": "ParamHandLDefaultAlpha",
      "Segments": [
        0,
        1,
        0,
        4.5,
        1
      ]
    },
    {
      "Target": "Parameter",
      "Id": "ParamHandLPengAlpha",
      "Segments": [
        0,
        0,
        0,
        4.5,
        0
      ]
    },
    {
      "Target": "Parameter",
      "Id": "ParamHandLNieAlpha",
      "Segments": [
        0,
        0,
        0,
        4.5,
        0
      ]
    },
    {
      "Target": "Parameter",
      "Id": "ParamDeng4",
      "Segments": [
        0,
        0,
        0,
        4.5,
        0
      ]
    },
    {
      "Target": "Parameter",
      "Id": "ParamHandLMoveToNietoNakai2",
      "Segments": [
        0,
        0,
        0,
        4.5,
        0
      ]
    },
    {
      "Target": "Parameter",
      "Id": "ParamHandLNieZhi",
      "Segments": [
        0,
        0,
        0,
        4.5,
        0
      ]
    },
    {
      "Target": "Parameter",
      "Id": "ParamHandRGanLayer",
      "Segments": [
        0,
        0,
        0,
        4.5,
        0
      ]
    },
    {
      "Target": "Parameter",
      "Id": "ParamDeng5",
      "Segments": [
        0,
        0,
        0,
        4.5,
        0
      ]
    },
    {
      "Target": "Parameter",
      "Id": "ParamHandRDMZ",
      "Segments": [
        0,
        0,
        0,
        4.5,
        0
      ]
    },
    {
      "Target": "Parameter",
      "Id": "ParamHandRSZ",
      "Segments": [
        0,
        0,
        0,
        4.5,
        0
      ]
    },
    {
      "Target": "Parameter",
      "Id": "ParamHandRZZ",
      "Segments": [
        0,
        0,
        0,
        4.5,
        0
      ]
    },
    {
      "Target": "Parameter",
      "Id": "ParamHandRWMZ",
      "Segments": [
        0,
        0,
        0,
        4.5,
        0
      ]
    },
    {
      "Target": "Parameter",
      "Id": "ParamHandRXZ",
      "Segments": [
        0,
        0,
        0,
        4.5,
        0
      ]
    },
    {
      "Target": "Parameter",
      "Id": "ParamDeng6",
      "Segments": [
        0,
        0,
        0,
        4.5,
        0
      ]
    },
    {
      "Target": "Parameter",
      "Id": "ParamArmForeRMoveAlpha",
      "Segments": [
        0,
        1,
        0,
        4.5,
        1
      ]
    },
    {
      "Target": "Parameter",
      "Id": "ParamArmForeRPengAlpha",
      "Segments": [
        0,
        0,
        0,
        4.5,
        0
      ]
    },
    {
      "Target": "Parameter",
      "Id": "ParamHandRDefaultAlpha",
      "Segments": [
        0,
        1,
        0,
        4.5,
        1
      ]
    },
    {
      "Target": "Parameter",
      "Id": "ParamHandRMoveAlpha",
      "Segments": [
        0,
        0,
        0,
        4.5,
        0
      ]
    },
    {
      "Target": "Parameter",
      "Id": "ParamHandRPengAlpha",
      "Segments": [
        0,
        0,
        0,
        4.5,
        0
      ]
    },
    {
      "Target": "Parameter",
      "Id": "ParamDeng7",
      "Segments": [
        0,
        0,
        0,
        4.5,
        0
      ]
    },
    {
      "Target": "Parameter",
      "Id": "ParamLu",
      "Segments": [
        0,
        0,
        0,
        4.5,
        0
      ]
    },
    {
      "Target": "Parameter",
      "Id": "ParamLuPosition",
      "Segments": [
        0,
        0,
        0,
        4.5,
        0
      ]
    },
    {
      "Target": "Parameter",
      "Id": "ParamBodyUpperZheng",
      "Segments": [
        0,
        10,
        0,
        4.5,
        10
      ]
    },
    {
      "Target": "Parameter",
      "Id": "ParamChestSqueezeL",
      "Segments": [
        0,
        1,
        0,
        4.5,
        1
      ]
    },
    {
      "Target": "Parameter",
      "Id": "ParamChestPhysicX",
      "Segments": [
        0,
        0,
        0,
        4.5,
        0
      ]
    },
    {
      "Target": "Parameter",
      "Id": "ParamChestPhysicY",
      "Segments": [
        0,
        0,
        0,
        4.5,
        0
      ]
    },
    {
      "Target": "Parameter",
      "Id": "ParamHairSide",
      "Segments": [
        0,
        0,
        0,
        4.5,
        0
      ]
    },
    {
      "Target": "Parameter",
      "Id": "ParamHairAcce",
      "Segments": [
        0,
        0,
        0,
        4.5,
        0
      ]
    },
    {
      "Target": "Parameter",
      "Id": "ParamDeng1",
      "Segments": [
        0,
        0,
        0,
        4.5,
        0
      ]
    },
    {
      "Target": "Parameter",
      "Id": "ParamWuliBase",
      "Segments": [
        0,
        0,
        0,
        4.5,
        0
      ]
    },
    {
      "Target": "PartOpacity",
      "Id": "PartLoginParts",
      "Segments": [
        0,
        0,
        0,
        4.5,
        0
      ]
    },
    {
      "Target": "PartOpacity",
      "Id": "PartShuizhuDange",
      "Segments": [
        0,
        0,
        0,
        4.5,
        0
      ]
    },
    {
      "Target": "PartOpacity",
      "Id": "PartMask",
      "Segments": [
        0,
        0,
        0,
        4.5,
        0
      ]
    },
    {
      "Target": "PartOpacity",
      "Id": "PartHandLCongxia",
      "Segments": [
        0,
        0,
        0,
        4.5,
        0
      ]
    },
    {
      "Target": "PartOpacity",
      "Id": "PartHandLNakaiDuli",
      "Segments": [
        0,
        0,
        0,
        4.5,
        0
      ]
    },
    {
      "Target": "PartOpacity",
      "Id": "PartHandLNie",
      "Segments": [
        0,
        0,
        0,
        4.5,
        0
      ]
    },
    {
      "Target": "PartOpacity",
      "Id": "PartHandLPeng",
      "Segments": [
        0,
        0,
        0,
        4.5,
        0
      ]
    },
    {
      "Target": "PartOpacity",
      "Id": "PartHandLMove",
      "Segments": [
        0,
        0,
        0,
        4.5,
        0
      ]
    },
    {
      "Target": "PartOpacity",
      "Id": "PartHandLDefault",
      "Segments": [
        0,
        1,
        0,
        4.5,
        1
      ]
    },
    {
      "Target": "PartOpacity",
      "Id": "PartArmLMove",
      "Segments": [
        0,
        0,
        0,
        4.5,
        0
      ]
    },
    {
      "Target": "PartOpacity",
      "Id": "PartArmLDefault",
      "Segments": [
        0,
        1,
        0,
        4.5,
        1
      ]
    },
    {
      "Target": "PartOpacity",
      "Id": "PartHandRPeng",
      "Segments": [
        0,
        0,
        0,
        4.5,
        0
      ]
    },
    {
      "Target": "PartOpacity",
      "Id": "PartHandRMove",
      "Segments": [
        0,
        0,
        0,
        4.5,
        0
      ]
    },
    {
      "Target": "PartOpacity",
      "Id": "PartHandRDefault",
      "Segments": [
        0,
        1,
        0,
        4.5,
        1
      ]
    },
    {
      "Target": "PartOpacity",
      "Id": "PartArmRMove",
      "Segments": [
        0,
        0,
        0,
        4.5,
        0
      ]
    },
    {
      "Target": "PartOpacity",
      "Id": "PartArmRDefault",
      "Segments": [
        0,
        1,
        0,
        4.5,
        1
      ]
    },
    {
      "Target": "PartOpacity",
      "Id": "PartAhogeShuai",
      "Segments": [
        0,
        0,
        0,
        4.5,
        0
      ]
    },
    {
      "Target": "PartOpacity",
      "Id": "PartHairFrontShuai",
      "Segments": [
        0,
        0,
        0,
        4.5,
        0
      ]
    },
    {
      "Target": "PartOpacity",
      "Id": "PartShaoziHan",
      "Segments": [
        0,
        0,
        0,
        4.5,
        0
      ]
    }
  ],
  "UserData": [
    {
      "Time": 0.0,
      "Value": ""
    },
    {
      "Time": 4.0,
      "Value": ""
    }
  ]
}