{
  "Version": 3,
  "Meta": {
    "Duration": 31.17,
    "Fps": 30.0,
    "Loop": true,
    "CurveCount": 141,
    "TotalSegmentCount": 1075,
    "TotalPointCount": 1527,
    "UserDataCount": 2,
    "TotalUserDataSize": 0
  },
  "Curves": [
    {
      "Target": "Parameter",
      "Id": "ParamAngleX",
      "Segments": [
        0,
        2.112,
        1,
        0.211,
        -0.305,
        0.422,
        -15.485,
        0.633,
        -15.485,
        0,
        1.467,
        15.483,
        0,
        2.633,
        11.875,
        0,
        3.5,
        16.685,
        0,
        4.667,
        10.812,
        0,
        5.667,
        16.969,
        0,
        6.867,
        13.852,
        0,
        7.833,
        20.877,
        0,
        9.033,
        14.169,
        0,
        10.233,
        18.557,
        0,
        11.933,
        11.875,
        0,
        12.8,
        16.685,
        0,
        13.967,
        10.812,
        0,
        14.967,
        16.969,
        0,
        16.167,
        13.852,
        0,
        17.133,
        20.877,
        0,
        18.333,
        14.169,
        0,
        19.533,
        18.557,
        0,
        20.867,
        13.166,
        0,
        22.267,
        17.303,
        0,
        23.8,
        12.037,
        0,
        25.5,
        17.303,
        1,
        25.944,
        17.303,
        26.389,
        15.089,
        26.833,
        13.542,
        1,
        27.255,
        12.071,
        27.678,
        11.968,
        28.1,
        11.968,
        0,
        28.9,
        15.4,
        0,
        30.2,
        9.998,
        2,
        30.667,
        9.998,
        1,
        30.834,
        9.998,
        31,
        7.205,
        31.167,
        5.588
      ]
    },
    {
      "Target": "Parameter",
      "Id": "ParamAngleY",
      "Segments": [
        0,
        3.139,
        1,
        0.167,
        4.017,
        0.333,
        4.654,
        0.5,
        5.864,
        1,
        0.556,
        6.268,
        0.611,
        9.323,
        0.667,
        9.323,
        1,
        0.734,
        9.323,
        0.8,
        9.043,
        0.867,
        5.819,
        1,
        1.056,
        -3.316,
        1.244,
        -19.595,
        1.433,
        -26.244,
        1,
        1.544,
        -30.155,
        1.656,
        -30,
        1.767,
        -30,
        2,
        5.967,
        -30,
        0,
        6.867,
        29,
        0,
        8.267,
        22.514,
        0,
        10.533,
        30,
        0,
        12.1,
        20.05,
        0,
        15.2,
        30,
        0,
        17,
        21.652,
        0,
        19.533,
        30,
        0,
        21.533,
        21.077,
        0,
        23.167,
        30,
        0,
        25.4,
        20.05,
        0,
        27.7,
        28.552,
        0,
        29.267,
        2.464,
        1,
        29.622,
        2.464,
        29.978,
        2.686,
        30.333,
        3.446,
        1,
        30.444,
        3.684,
        30.556,
        4.176,
        30.667,
        4.176,
        1,
        30.834,
        4.176,
        31,
        -0.979,
        31.167,
        -2.089
      ]
    },
    {
      "Target": "Parameter",
      "Id": "ParamAngleZ",
      "Segments": [
        0,
        17.845,
        1,
        0.167,
        19.131,
        0.333,
        20.428,
        0.5,
        21.854,
        1,
        0.567,
        22.424,
        0.633,
        22.954,
        0.7,
        23.599,
        1,
        1.133,
        27.792,
        1.567,
        29.996,
        2,
        29.996,
        0,
        4.533,
        17.491,
        0,
        7,
        26.237,
        0,
        7.833,
        24.763,
        0,
        28.133,
        29.676,
        1,
        28.611,
        29.676,
        29.089,
        16.821,
        29.567,
        9.925,
        1,
        29.8,
        6.557,
        30.034,
        7.272,
        30.267,
        7.272,
        0,
        30.667,
        7.683,
        1,
        30.834,
        7.683,
        31,
        3.9,
        31.167,
        1.152
      ]
    },
    {
      "Target": "Parameter",
      "Id": "ParamEyeLOpen",
      "Segments": [
        0,
        1,
        2,
        0.633,
        1,
        0,
        1.4,
        0.008,
        0,
        2.1,
        0.801,
        1,
        3.8,
        0.801,
        5.5,
        0.8,
        7.2,
        0.799,
        0,
        7.467,
        0,
        0,
        7.767,
        0.796,
        1,
        10.345,
        0.798,
        12.922,
        0.799,
        15.5,
        0.799,
        0,
        15.833,
        0,
        2,
        17.133,
        0,
        0,
        17.6,
        1,
        2,
        21.967,
        1,
        0,
        23.167,
        0.7,
        2,
        27.767,
        0.7,
        0,
        29.433,
        1,
        1,
        29.489,
        1,
        29.544,
        1.004,
        29.6,
        0.995,
        1,
        29.689,
        0.98,
        29.778,
        0,
        29.867,
        0,
        1,
        29.967,
        0,
        30.067,
        0.995,
        30.167,
        0.997,
        1,
        30.334,
        1,
        30.5,
        1,
        30.667,
        1,
        2,
        31.167,
        1
      ]
    },
    {
      "Target": "Parameter",
      "Id": "ParamEyeLSmile",
      "Segments": [
        0,
        0,
        2,
        10.933,
        0,
        0,
        11.433,
        1,
        0,
        30.667,
        0,
        2,
        31.167,
        0
      ]
    },
    {
      "Target": "Parameter",
      "Id": "ParamEyeROpen",
      "Segments": [
        0,
        1,
        2,
        0.633,
        1,
        0,
        1.4,
        0.008,
        0,
        2.1,
        0.801,
        1,
        3.8,
        0.801,
        5.5,
        0.8,
        7.2,
        0.799,
        0,
        7.467,
        0,
        1,
        7.567,
        0,
        7.667,
        0.795,
        7.767,
        0.796,
        1,
        10.345,
        0.801,
        12.922,
        0.803,
        15.5,
        0.803,
        0,
        15.833,
        0,
        2,
        17.133,
        0,
        0,
        17.6,
        1,
        2,
        21.967,
        1,
        0,
        23.167,
        0.7,
        2,
        27.767,
        0.7,
        0,
        29.433,
        1,
        1,
        29.489,
        1,
        29.544,
        1.004,
        29.6,
        0.995,
        1,
        29.689,
        0.98,
        29.778,
        0,
        29.867,
        0,
        1,
        29.967,
        0,
        30.067,
        0.995,
        30.167,
        0.997,
        1,
        30.334,
        1,
        30.5,
        1,
        30.667,
        1,
        2,
        31.167,
        1
      ]
    },
    {
      "Target": "Parameter",
      "Id": "ParamEyeRSmile",
      "Segments": [
        0,
        0,
        2,
        10.933,
        0,
        0,
        11.433,
        1,
        0,
        30.667,
        0,
        2,
        31.167,
        0
      ]
    },
    {
      "Target": "Parameter",
      "Id": "ParamEyeBallX",
      "Segments": [
        0,
        0.326,
        1,
        0.211,
        0.428,
        0.422,
        0.5,
        0.633,
        0.5,
        0,
        1.4,
        -0.2,
        2,
        28.833,
        -0.2,
        0,
        30.2,
        -0.221,
        2,
        30.667,
        -0.221,
        1,
        30.834,
        -0.221,
        31,
        -0.128,
        31.167,
        -0.074
      ]
    },
    {
      "Target": "Parameter",
      "Id": "ParamEyeBallY",
      "Segments": [
        0,
        -0.066,
        1,
        0.289,
        -0.068,
        0.578,
        -0.071,
        0.867,
        -0.076,
        1,
        1.134,
        -0.081,
        1.4,
        -1,
        1.667,
        -1,
        2,
        6.333,
        -1,
        0,
        6.733,
        -0.4,
        2,
        27.7,
        -0.4,
        0,
        29.267,
        0,
        0,
        30.2,
        -0.064,
        2,
        30.667,
        -0.064,
        1,
        30.834,
        -0.064,
        31,
        -0.018,
        31.167,
        0.003
      ]
    },
    {
      "Target": "Parameter",
      "Id": "ParamBrowLStyle1",
      "Segments": [
        0,
        0,
        2,
        0.767,
        0,
        0,
        1.4,
        0.5,
        2,
        28.3,
        0.5,
        0,
        28.9,
        0,
        2,
        30.667,
        0,
        2,
        31.167,
        0
      ]
    },
    {
      "Target": "Parameter",
      "Id": "ParamBrowRStyle1",
      "Segments": [
        0,
        0,
        2,
        0.767,
        0,
        0,
        1.4,
        0.5,
        2,
        28.3,
        0.5,
        0,
        28.9,
        0,
        2,
        30.667,
        0,
        2,
        31.167,
        0
      ]
    },
    {
      "Target": "Parameter",
      "Id": "ParamMouthForm",
      "Segments": [
        0,
        1,
        2,
        0.5,
        1,
        2,
        29.333,
        1,
        0,
        31.167,
        0
      ]
    },
    {
      "Target": "Parameter",
      "Id": "ParamBodyUpperZ",
      "Segments": [
        0,
        0.882,
        1,
        0.167,
        0.45,
        0.333,
        0.409,
        0.5,
        0,
        1,
        0.578,
        -0.191,
        0.655,
        -1.916,
        0.733,
        -1.916,
        0,
        1.167,
        -0.15,
        0,
        1.6,
        -0.637,
        0,
        2.9,
        10,
        0,
        4.9,
        4.935,
        0,
        6.3,
        10,
        0,
        8.133,
        5.367,
        0,
        9.767,
        10,
        0,
        11.5,
        4.866,
        0,
        13.033,
        10,
        0,
        14.5,
        5.346,
        0,
        16.433,
        10,
        0,
        18.133,
        4.843,
        0,
        19.467,
        10,
        0,
        20.933,
        5.346,
        0,
        22.133,
        10,
        0,
        23.833,
        4.843,
        0,
        25.167,
        10,
        0,
        26.633,
        5.346,
        0,
        28.033,
        9.293,
        0,
        28.8,
        -4.488,
        1,
        28.867,
        -4.488,
        28.933,
        -3.362,
        29,
        -2.83,
        1,
        29.267,
        -0.704,
        29.533,
        0,
        29.8,
        0,
        0,
        30.667,
        -0.979,
        1,
        30.834,
        -0.979,
        31,
        1.199,
        31.167,
        2.377
      ]
    },
    {
      "Target": "Parameter",
      "Id": "ParamBodyUpperY",
      "Segments": [
        0,
        8.509,
        1,
        0.167,
        8.673,
        0.333,
        8.908,
        0.5,
        9.23,
        1,
        0.544,
        9.316,
        0.589,
        10,
        0.633,
        10,
        1,
        0.778,
        10,
        0.922,
        4.857,
        1.067,
        3.97,
        1,
        1.456,
        1.583,
        1.844,
        1.168,
        2.233,
        1.168,
        0,
        3.867,
        2.849,
        0,
        5.9,
        0.047,
        0,
        7.5,
        1.829,
        0,
        8.967,
        0.275,
        0,
        11,
        2.41,
        0,
        12,
        1.083,
        0,
        13.833,
        1.819,
        0,
        15.333,
        0.206,
        0,
        17.867,
        3.213,
        0,
        19.633,
        0.309,
        0,
        21.8,
        2.368,
        0,
        23.267,
        0.349,
        0,
        25.467,
        2.445,
        0,
        26.933,
        1.51,
        1,
        27.211,
        1.51,
        27.489,
        1.502,
        27.767,
        2.255,
        1,
        27.956,
        2.767,
        28.144,
        7.434,
        28.333,
        8.816,
        1,
        28.489,
        9.953,
        28.644,
        10,
        28.8,
        10,
        2,
        29.8,
        10,
        1,
        29.933,
        10,
        30.067,
        8.49,
        30.2,
        8.311,
        1,
        30.311,
        8.162,
        30.422,
        8.2,
        30.533,
        8.2,
        0,
        30.667,
        8.311,
        0,
        31,
        8.2,
        1,
        31.056,
        8.2,
        31.111,
        8.179,
        31.167,
        8.214
      ]
    },
    {
      "Target": "Parameter",
      "Id": "ParamBodyAngleX",
      "Segments": [
        0,
        0.88,
        1,
        0.167,
        0.442,
        0.333,
        0.408,
        0.5,
        0,
        1,
        0.578,
        -0.19,
        0.655,
        -1.895,
        0.733,
        -1.895,
        0,
        1.167,
        -0.135,
        0,
        1.6,
        -0.609,
        0,
        2.9,
        10,
        0,
        4.9,
        4.941,
        0,
        6.3,
        10,
        0,
        8.133,
        5.415,
        0,
        9.767,
        10,
        0,
        11.5,
        4.874,
        0,
        13.033,
        10,
        0,
        14.5,
        5.314,
        0,
        16.433,
        10,
        0,
        18.133,
        4.907,
        0,
        19.467,
        10,
        0,
        20.933,
        5.381,
        0,
        22.133,
        10,
        0,
        23.833,
        4.907,
        0,
        25.167,
        10,
        0,
        26.633,
        5.381,
        0,
        28.033,
        9.307,
        0,
        28.8,
        -4.434,
        1,
        28.867,
        -4.434,
        28.933,
        -3.342,
        29,
        -2.809,
        1,
        29.267,
        -0.679,
        29.533,
        0.034,
        29.8,
        0.034,
        0,
        30.667,
        -0.914,
        1,
        30.834,
        -0.914,
        31,
        1.277,
        31.167,
        2.437
      ]
    },
    {
      "Target": "Parameter",
      "Id": "ParamBodyLowerY",
      "Segments": [
        0,
        7.029,
        1,
        0.167,
        8.019,
        0.333,
        10,
        0.5,
        10,
        0,
        0.633,
        8.32,
        0,
        1.867,
        9.999,
        0,
        3,
        -10,
        0,
        4.767,
        8.922,
        0,
        6.933,
        -3.308,
        0,
        8.133,
        10,
        0,
        9.567,
        -10,
        0,
        11.333,
        8.922,
        0,
        13.5,
        -3.308,
        0,
        14.7,
        10,
        0,
        16.067,
        -10,
        0,
        17.833,
        8.922,
        0,
        20,
        -3.308,
        0,
        21.2,
        10,
        0,
        22.267,
        -10,
        0,
        24.033,
        8.922,
        0,
        26.2,
        -3.308,
        0,
        27.4,
        10,
        0,
        28.167,
        6.365,
        0,
        28.967,
        10,
        1,
        29.045,
        10,
        29.122,
        9.489,
        29.2,
        9.272,
        1,
        29.533,
        8.343,
        29.867,
        8.036,
        30.2,
        8.036,
        2,
        30.667,
        8.036,
        1,
        30.834,
        8.036,
        31,
        7.181,
        31.167,
        6.736
      ]
    },
    {
      "Target": "Parameter",
      "Id": "ParamBodyLowerX",
      "Segments": [
        0,
        -0.289,
        1,
        0.167,
        -0.197,
        0.333,
        -0.102,
        0.5,
        0,
        1,
        0.544,
        0.027,
        0.589,
        1.053,
        0.633,
        1.053,
        0,
        2.233,
        -9.994,
        0,
        3.733,
        9.998,
        0,
        5.233,
        -10,
        0,
        6.733,
        10,
        0,
        8.233,
        -10,
        0,
        10,
        9.998,
        0,
        11.5,
        -10,
        0,
        13,
        10,
        0,
        14.5,
        -10,
        0,
        16.367,
        9.998,
        0,
        17.867,
        -10,
        0,
        19.367,
        10,
        0,
        20.867,
        -10,
        0,
        22.467,
        9.998,
        0,
        23.967,
        -10,
        0,
        25.467,
        10,
        0,
        26.967,
        -10,
        0,
        28.233,
        1.235,
        0,
        29,
        -1.58,
        0,
        29.233,
        -0.927,
        0,
        30.5,
        -10,
        0,
        30.667,
        -9.548,
        0,
        30.967,
        -10,
        1,
        31.034,
        -10,
        31.1,
        -10.113,
        31.167,
        -9.912
      ]
    },
    {
      "Target": "Parameter",
      "Id": "ParamArmUpperLMoveAngel",
      "Segments": [
        0,
        0,
        2,
        0.5,
        0,
        0,
        0.667,
        2,
        1,
        0.922,
        2,
        1.178,
        -5.795,
        1.433,
        -6.957,
        1,
        1.689,
        -8.12,
        1.944,
        -7.936,
        2.2,
        -7.936,
        0,
        4.367,
        -7.337,
        0,
        6.433,
        -8.216,
        0,
        7.567,
        -7.512,
        0,
        8.8,
        -7.936,
        0,
        10.967,
        -7.337,
        0,
        13.033,
        -8.216,
        0,
        14.133,
        -7.512,
        0,
        15.133,
        -7.936,
        0,
        17.3,
        -7.337,
        0,
        19.367,
        -8.216,
        0,
        20.667,
        -7.512,
        0,
        21.667,
        -7.936,
        0,
        23.833,
        -7.337,
        0,
        25.9,
        -8.216,
        0,
        27.2,
        -7.512,
        0,
        27.7,
        -8.001,
        1,
        27.867,
        -8.001,
        28.033,
        -7.632,
        28.2,
        -5.624,
        1,
        28.522,
        -1.742,
        28.845,
        1.15,
        29.167,
        1.15,
        0,
        29.8,
        0,
        2,
        30.667,
        0,
        2,
        31.167,
        0
      ]
    },
    {
      "Target": "Parameter",
      "Id": "ParamArmUpperLMoveLength",
      "Segments": [
        0,
        0,
        2,
        0.5,
        0,
        2,
        0.667,
        0,
        1,
        0.956,
        0,
        1.244,
        3.495,
        1.533,
        4.428,
        1,
        1.755,
        5.145,
        1.978,
        5,
        2.2,
        5,
        0,
        3.867,
        4.469,
        0,
        5.9,
        5,
        0,
        7.333,
        4.511,
        1,
        7.489,
        4.511,
        7.644,
        4.781,
        7.8,
        4.845,
        1,
        8.133,
        4.983,
        8.467,
        5,
        8.8,
        5,
        0,
        10.467,
        4.469,
        0,
        12.5,
        5,
        0,
        13.9,
        4.511,
        1,
        14.056,
        4.511,
        14.211,
        4.759,
        14.367,
        4.845,
        1,
        14.622,
        4.987,
        14.878,
        5,
        15.133,
        5,
        0,
        16.8,
        4.469,
        0,
        18.833,
        5,
        0,
        20.433,
        4.511,
        1,
        20.589,
        4.511,
        20.744,
        4.759,
        20.9,
        4.845,
        1,
        21.156,
        4.987,
        21.411,
        5,
        21.667,
        5,
        0,
        23.333,
        4.469,
        0,
        25.367,
        5,
        0,
        26.967,
        4.511,
        1,
        27.122,
        4.511,
        27.278,
        4.64,
        27.433,
        4.845,
        1,
        27.522,
        4.963,
        27.611,
        5,
        27.7,
        5,
        0,
        29.167,
        0,
        2,
        29.8,
        0,
        2,
        30.667,
        0,
        2,
        31.167,
        0
      ]
    },
    {
      "Target": "Parameter",
      "Id": "ParamArmForeLMoveAngel",
      "Segments": [
        0,
        0,
        2,
        0.5,
        0,
        0,
        0.767,
        -3.972,
        1,
        1.056,
        -3.972,
        1.344,
        42.436,
        1.633,
        48.313,
        1,
        1.9,
        53.737,
        2.166,
        53.01,
        2.433,
        53.01,
        0,
        4.8,
        50.275,
        0,
        6.833,
        53.118,
        0,
        8,
        51.771,
        0,
        8.833,
        53.01,
        0,
        11.2,
        50.275,
        0,
        13.233,
        53.118,
        0,
        14.4,
        51.771,
        0,
        15.3,
        53.01,
        0,
        17.667,
        50.275,
        0,
        19.7,
        53.118,
        0,
        20.867,
        51.771,
        0,
        21.667,
        53.01,
        0,
        24.033,
        50.275,
        0,
        26.067,
        53.118,
        0,
        27.233,
        51.771,
        0,
        27.867,
        52.69,
        0,
        29.367,
        -0.549,
        0,
        29.8,
        0,
        2,
        30.667,
        0,
        2,
        31.167,
        0
      ]
    },
    {
      "Target": "Parameter",
      "Id": "ParamArmForeLMoveLength",
      "Segments": [
        0,
        0,
        2,
        0.5,
        0,
        2,
        0.767,
        0,
        0,
        1.3,
        -2.841,
        1,
        1.411,
        -2.841,
        1.522,
        1.193,
        1.633,
        1.785,
        1,
        1.9,
        3.204,
        2.166,
        4.481,
        2.433,
        5,
        1,
        2.911,
        5.929,
        3.389,
        6.083,
        3.867,
        6.083,
        0,
        5.9,
        3.476,
        0,
        7.5,
        5.214,
        0,
        7.967,
        4.634,
        1,
        8.256,
        4.634,
        8.544,
        4.664,
        8.833,
        5,
        1,
        9.311,
        5.556,
        9.789,
        6.083,
        10.267,
        6.083,
        0,
        12.3,
        3.476,
        0,
        13.9,
        5.214,
        0,
        14.367,
        4.634,
        1,
        14.678,
        4.634,
        14.989,
        4.656,
        15.3,
        5,
        1,
        15.778,
        5.528,
        16.255,
        6.083,
        16.733,
        6.083,
        0,
        18.767,
        3.476,
        0,
        20.367,
        5.214,
        0,
        20.833,
        4.634,
        1,
        21.111,
        4.634,
        21.389,
        4.668,
        21.667,
        5,
        1,
        22.145,
        5.57,
        22.622,
        6.083,
        23.1,
        6.083,
        0,
        25.133,
        3.476,
        0,
        26.733,
        5.214,
        0,
        27.2,
        4.634,
        0,
        27.867,
        5,
        0,
        29.367,
        0,
        2,
        29.8,
        0,
        2,
        30.667,
        0,
        2,
        31.167,
        0
      ]
    },
    {
      "Target": "Parameter",
      "Id": "ParamHandLMoveAngel",
      "Segments": [
        0,
        0,
        2,
        0.5,
        0,
        0,
        0.8,
        8.156,
        1,
        0.911,
        8.156,
        1.022,
        3.409,
        1.133,
        -10.853,
        1,
        1.278,
        -29.393,
        1.422,
        -65.595,
        1.567,
        -72.578,
        1,
        1.678,
        -77.95,
        1.789,
        -80.745,
        1.9,
        -82.13,
        1,
        2.111,
        -84.763,
        2.322,
        -85.215,
        2.533,
        -85.215,
        0,
        5.033,
        -81.885,
        0,
        7.367,
        -84.731,
        0,
        8.2,
        -82.456,
        0,
        8.967,
        -86.437,
        0,
        11.3,
        -81.885,
        0,
        13.433,
        -88.031,
        0,
        14.6,
        -80.143,
        0,
        15.2,
        -85.215,
        0,
        17.7,
        -81.885,
        0,
        19.833,
        -88.031,
        0,
        21,
        -80.143,
        0,
        21.533,
        -85.215,
        0,
        24.033,
        -81.885,
        0,
        26.167,
        -88.031,
        0,
        27.333,
        -80.143,
        0,
        27.967,
        -86.283,
        1,
        28.089,
        -86.283,
        28.211,
        -82.337,
        28.333,
        -71.043,
        1,
        28.544,
        -51.535,
        28.756,
        -18.165,
        28.967,
        -8.366,
        1,
        29.167,
        0.917,
        29.367,
        1.085,
        29.567,
        1.085,
        0,
        29.8,
        0,
        2,
        30.667,
        0,
        2,
        31.167,
        0
      ]
    },
    {
      "Target": "Parameter",
      "Id": "ParamArmUpperRMoveAngel",
      "Segments": [
        0,
        0,
        2,
        0.5,
        0,
        0,
        0.667,
        -0.706,
        1,
        0.922,
        -0.706,
        1.178,
        1.535,
        1.433,
        1.791,
        1,
        1.689,
        2.048,
        1.944,
        2,
        2.2,
        2,
        0,
        4.4,
        1.605,
        0,
        6.433,
        2.145,
        0,
        7.733,
        1.877,
        0,
        8.2,
        2,
        0,
        10.4,
        1.605,
        0,
        12.433,
        2.145,
        0,
        13.733,
        1.877,
        0,
        14.6,
        2,
        0,
        16.8,
        1.605,
        0,
        18.833,
        2.145,
        0,
        20.133,
        1.877,
        0,
        21.133,
        2,
        0,
        23.333,
        1.605,
        0,
        25.367,
        2.145,
        0,
        26.667,
        1.877,
        0,
        27.7,
        2.197,
        0,
        29.167,
        -0.58,
        0,
        29.8,
        0,
        2,
        30.667,
        0,
        2,
        31.167,
        0
      ]
    },
    {
      "Target": "Parameter",
      "Id": "ParamArmUpperRMoveLength",
      "Segments": [
        0,
        0,
        2,
        0.667,
        0,
        1,
        0.922,
        0,
        1.178,
        3.864,
        1.433,
        4.481,
        1,
        1.689,
        5.099,
        1.944,
        5,
        2.2,
        5,
        2,
        27.7,
        5,
        0,
        29.167,
        0,
        2,
        30.667,
        0,
        2,
        31.167,
        0
      ]
    },
    {
      "Target": "Parameter",
      "Id": "ParamArmForeRMoveAngel",
      "Segments": [
        0,
        0,
        2,
        0.5,
        0,
        0,
        0.767,
        3.971,
        1,
        1.056,
        3.971,
        1.344,
        -48.128,
        1.633,
        -54.496,
        1,
        1.9,
        -60.374,
        2.166,
        -59.6,
        2.433,
        -59.6,
        0,
        4.8,
        -55.642,
        0,
        6.833,
        -58.822,
        0,
        8,
        -55.819,
        0,
        8.867,
        -59.6,
        0,
        11.233,
        -55.642,
        0,
        13.267,
        -58.822,
        0,
        14.433,
        -55.819,
        0,
        15.167,
        -59.6,
        0,
        17.533,
        -55.642,
        0,
        19.567,
        -58.822,
        0,
        20.733,
        -55.819,
        0,
        21.4,
        -59.6,
        0,
        23.767,
        -55.642,
        0,
        25.8,
        -58.822,
        0,
        26.967,
        -55.819,
        0,
        27.867,
        -58.999,
        0,
        29.367,
        0.53,
        0,
        29.8,
        0,
        2,
        30.667,
        0,
        2,
        31.167,
        0
      ]
    },
    {
      "Target": "Parameter",
      "Id": "ParamArmForeRMoveLength",
      "Segments": [
        0,
        0,
        2,
        0.667,
        0,
        0,
        1.433,
        -2.316,
        0,
        2.2,
        -1,
        2,
        27.7,
        -1,
        0,
        28.4,
        -2.33,
        0,
        29.167,
        0,
        2,
        30.667,
        0,
        2,
        31.167,
        0
      ]
    },
    {
      "Target": "Parameter",
      "Id": "ParamHandRMoveAngel",
      "Segments": [
        0,
        0,
        2,
        0.5,
        0,
        0,
        0.8,
        -9.637,
        1,
        0.911,
        -9.637,
        1.022,
        0.795,
        1.133,
        15.998,
        1,
        1.278,
        35.763,
        1.422,
        64.298,
        1.567,
        70.739,
        1,
        1.678,
        75.693,
        1.789,
        78.502,
        1.9,
        79.605,
        1,
        2.111,
        81.702,
        2.322,
        82,
        2.533,
        82,
        0,
        5.033,
        74.223,
        0,
        7.167,
        81.418,
        0,
        8.067,
        79.044,
        0,
        8.8,
        82,
        0,
        11.3,
        74.223,
        0,
        13.433,
        81.418,
        0,
        14.6,
        74.601,
        0,
        15.4,
        82,
        0,
        17.9,
        74.223,
        0,
        20.033,
        81.418,
        0,
        21.2,
        74.601,
        0,
        21.6,
        82,
        0,
        24.1,
        74.223,
        0,
        26.233,
        81.418,
        0,
        27.4,
        74.601,
        0,
        27.967,
        82,
        1,
        28.089,
        82,
        28.211,
        80.33,
        28.333,
        70.815,
        1,
        28.544,
        54.379,
        28.756,
        19.323,
        28.967,
        11.361,
        1,
        29.245,
        0.884,
        29.522,
        0,
        29.8,
        0,
        2,
        30.667,
        0,
        2,
        31.167,
        0
      ]
    },
    {
      "Target": "Parameter",
      "Id": "ParamHandLGanLayer",
      "Segments": [
        0,
        0,
        2,
        0.5,
        0,
        0,
        0.533,
        -1,
        2,
        29.133,
        -1,
        0,
        29.167,
        0,
        2,
        30.667,
        0,
        2,
        31.167,
        0
      ]
    },
    {
      "Target": "Parameter",
      "Id": "ParamHandLDefaultDMZ",
      "Segments": [
        0,
        0,
        2,
        0.133,
        0,
        1,
        0.3,
        0,
        0.466,
        0.56,
        0.633,
        1,
        1,
        0.933,
        1.792,
        1.233,
        2,
        1.533,
        2,
        2,
        28.1,
        2,
        1,
        28.511,
        2,
        28.922,
        1.518,
        29.333,
        0.7,
        1,
        29.589,
        0.191,
        29.844,
        0,
        30.1,
        0,
        2,
        30.667,
        0,
        2,
        31.167,
        0
      ]
    },
    {
      "Target": "Parameter",
      "Id": "ParamHandLDefaultSZ",
      "Segments": [
        0,
        0,
        2,
        0.133,
        0,
        1,
        0.3,
        0,
        0.466,
        0.56,
        0.633,
        1,
        1,
        0.933,
        1.792,
        1.233,
        2,
        1.533,
        2,
        2,
        28.1,
        2,
        1,
        28.511,
        2,
        28.922,
        1.518,
        29.333,
        0.7,
        1,
        29.589,
        0.191,
        29.844,
        0,
        30.1,
        0,
        2,
        30.667,
        0,
        2,
        31.167,
        0
      ]
    },
    {
      "Target": "Parameter",
      "Id": "ParamHandLDefaultZZ",
      "Segments": [
        0,
        0,
        2,
        0.133,
        0,
        1,
        0.3,
        0,
        0.466,
        0.56,
        0.633,
        1,
        1,
        0.933,
        1.792,
        1.233,
        2,
        1.533,
        2,
        2,
        28.1,
        2,
        1,
        28.511,
        2,
        28.922,
        1.518,
        29.333,
        0.7,
        1,
        29.589,
        0.191,
        29.844,
        0,
        30.1,
        0,
        2,
        30.667,
        0,
        2,
        31.167,
        0
      ]
    },
    {
      "Target": "Parameter",
      "Id": "ParamHandLDefaultWMZ",
      "Segments": [
        0,
        0,
        2,
        0.133,
        0,
        1,
        0.3,
        0,
        0.466,
        0.56,
        0.633,
        1,
        1,
        0.933,
        1.792,
        1.233,
        2,
        1.533,
        2,
        2,
        28.1,
        2,
        1,
        28.511,
        2,
        28.922,
        1.518,
        29.333,
        0.7,
        1,
        29.589,
        0.191,
        29.844,
        0,
        30.1,
        0,
        2,
        30.667,
        0,
        2,
        31.167,
        0
      ]
    },
    {
      "Target": "Parameter",
      "Id": "ParamHandLDefaultXZ",
      "Segments": [
        0,
        0,
        2,
        0.133,
        0,
        1,
        0.3,
        0,
        0.466,
        0.56,
        0.633,
        1,
        1,
        0.933,
        1.792,
        1.233,
        2,
        1.533,
        2,
        2,
        28.1,
        2,
        1,
        28.511,
        2,
        28.922,
        1.518,
        29.333,
        0.7,
        1,
        29.589,
        0.191,
        29.844,
        0,
        30.1,
        0,
        2,
        30.667,
        0,
        2,
        31.167,
        0
      ]
    },
    {
      "Target": "Parameter",
      "Id": "ParamArmForeLMoveAlpha",
      "Segments": [
        0,
        1,
        2,
        0.767,
        1,
        2,
        1.133,
        1,
        0,
        1.5,
        0,
        2,
        28.1,
        0,
        0,
        28.933,
        1,
        2,
        30.667,
        1,
        2,
        31.167,
        1
      ]
    },
    {
      "Target": "Parameter",
      "Id": "ParamArmForeLPengAlpha",
      "Segments": [
        0,
        0,
        2,
        0.767,
        0,
        0,
        1.167,
        1,
        2,
        28.933,
        1,
        0,
        29.333,
        0,
        2,
        30.667,
        0,
        2,
        31.167,
        0
      ]
    },
    {
      "Target": "Parameter",
      "Id": "ParamHandLMoveAlpha",
      "Segments": [
        0,
        1,
        2,
        0.5,
        1,
        2,
        1.133,
        1,
        0,
        1.367,
        0,
        2,
        27.867,
        0,
        0,
        28.3,
        1,
        2,
        31.167,
        1
      ]
    },
    {
      "Target": "Parameter",
      "Id": "ParamHandLPengAlpha",
      "Segments": [
        0,
        0,
        2,
        0.633,
        0,
        0,
        1.133,
        1,
        2,
        28.3,
        1,
        0,
        28.8,
        0,
        2,
        30.667,
        0,
        2,
        31.167,
        0
      ]
    },
    {
      "Target": "Parameter",
      "Id": "ParamHandRGanLayer",
      "Segments": [
        0,
        0,
        2,
        0.5,
        0,
        0,
        0.533,
        -1,
        2,
        29.133,
        -1,
        0,
        29.167,
        0,
        2,
        30.667,
        0,
        2,
        31.167,
        0
      ]
    },
    {
      "Target": "Parameter",
      "Id": "ParamHandRDmzShadow3",
      "Segments": [
        0,
        1,
        2,
        0.133,
        1,
        0,
        0.633,
        0,
        2,
        29.333,
        0,
        0,
        30.1,
        1,
        2,
        31.167,
        1
      ]
    },
    {
      "Target": "Parameter",
      "Id": "ParamHandRDmzShadow",
      "Segments": [
        0,
        1,
        2,
        0.133,
        1,
        0,
        0.633,
        0,
        2,
        29.333,
        0,
        0,
        30.1,
        1,
        2,
        31.167,
        1
      ]
    },
    {
      "Target": "Parameter",
      "Id": "ParamHandRDMZ",
      "Segments": [
        0,
        0,
        2,
        0.133,
        0,
        1,
        0.3,
        0,
        0.466,
        0.56,
        0.633,
        1,
        1,
        0.933,
        1.792,
        1.233,
        2,
        1.533,
        2,
        2,
        28.1,
        2,
        1,
        28.511,
        2,
        28.922,
        1.396,
        29.333,
        0.6,
        1,
        29.589,
        0.105,
        29.844,
        0,
        30.1,
        0,
        2,
        30.667,
        0,
        2,
        31.167,
        0
      ]
    },
    {
      "Target": "Parameter",
      "Id": "ParamHandRSZ",
      "Segments": [
        0,
        0,
        2,
        0.133,
        0,
        1,
        0.3,
        0,
        0.466,
        0.56,
        0.633,
        1,
        1,
        0.933,
        1.792,
        1.233,
        2,
        1.533,
        2,
        2,
        28.1,
        2,
        1,
        28.511,
        2,
        28.922,
        1.396,
        29.333,
        0.6,
        1,
        29.589,
        0.105,
        29.844,
        0,
        30.1,
        0,
        2,
        30.667,
        0,
        2,
        31.167,
        0
      ]
    },
    {
      "Target": "Parameter",
      "Id": "ParamHandRZZ",
      "Segments": [
        0,
        0,
        2,
        0.133,
        0,
        1,
        0.3,
        0,
        0.466,
        0.56,
        0.633,
        1,
        1,
        0.933,
        1.792,
        1.233,
        2,
        1.533,
        2,
        2,
        28.1,
        2,
        1,
        28.511,
        2,
        28.922,
        1.396,
        29.333,
        0.6,
        1,
        29.589,
        0.105,
        29.844,
        0,
        30.1,
        0,
        2,
        30.667,
        0,
        2,
        31.167,
        0
      ]
    },
    {
      "Target": "Parameter",
      "Id": "ParamHandRWMZ",
      "Segments": [
        0,
        0,
        2,
        0.133,
        0,
        1,
        0.3,
        0,
        0.466,
        0.56,
        0.633,
        1,
        1,
        0.933,
        1.792,
        1.233,
        2,
        1.533,
        2,
        2,
        28.1,
        2,
        1,
        28.511,
        2,
        28.922,
        1.396,
        29.333,
        0.6,
        1,
        29.589,
        0.105,
        29.844,
        0,
        30.1,
        0,
        2,
        30.667,
        0,
        2,
        31.167,
        0
      ]
    },
    {
      "Target": "Parameter",
      "Id": "ParamHandRXZ",
      "Segments": [
        0,
        0,
        2,
        0.133,
        0,
        1,
        0.3,
        0,
        0.466,
        0.56,
        0.633,
        1,
        1,
        0.933,
        1.792,
        1.233,
        2,
        1.533,
        2,
        2,
        28.1,
        2,
        1,
        28.511,
        2,
        28.922,
        1.396,
        29.333,
        0.6,
        1,
        29.589,
        0.105,
        29.844,
        0,
        30.1,
        0,
        2,
        30.667,
        0,
        2,
        31.167,
        0
      ]
    },
    {
      "Target": "Parameter",
      "Id": "ParamArmForeRMoveAlpha",
      "Segments": [
        0,
        1,
        2,
        0.767,
        1,
        2,
        1.533,
        1,
        0,
        1.8,
        0,
        2,
        28.1,
        0,
        0,
        28.633,
        1,
        2,
        30.667,
        1,
        2,
        31.167,
        1
      ]
    },
    {
      "Target": "Parameter",
      "Id": "ParamArmForeRPengAlpha",
      "Segments": [
        0,
        0,
        2,
        1.367,
        0,
        0,
        1.533,
        1,
        2,
        28.633,
        1,
        0,
        29.333,
        0,
        2,
        30.667,
        0,
        2,
        31.167,
        0
      ]
    },
    {
      "Target": "Parameter",
      "Id": "ParamHandRMoveAlpha",
      "Segments": [
        0,
        1,
        2,
        0.5,
        1,
        2,
        1.133,
        1,
        0,
        27.867,
        0,
        0,
        28.3,
        1,
        2,
        30.667,
        1,
        0,
        31.167,
        0
      ]
    },
    {
      "Target": "Parameter",
      "Id": "ParamHandRPengAlpha",
      "Segments": [
        0,
        0,
        2,
        0.633,
        0,
        0,
        1.133,
        1,
        2,
        28.3,
        1,
        0,
        28.8,
        0,
        2,
        30.667,
        0,
        2,
        31.167,
        0
      ]
    },
    {
      "Target": "Parameter",
      "Id": "ParamChestSqueeze",
      "Segments": [
        0,
        0.821,
        1,
        0.133,
        0.872,
        0.267,
        1,
        0.4,
        1,
        2,
        1.033,
        1,
        1,
        1.422,
        0.449,
        1.811,
        0,
        2.2,
        0,
        0,
        4.367,
        0.11,
        0,
        6.433,
        0,
        0,
        7.733,
        0.051,
        0,
        27.7,
        0,
        0,
        28.433,
        1,
        2,
        28.933,
        1,
        0,
        30.2,
        0.875,
        2,
        30.667,
        0.875,
        1,
        30.834,
        0.875,
        31,
        0.832,
        31.167,
        0.813
      ]
    },
    {
      "Target": "Parameter",
      "Id": "ParamChestLX",
      "Segments": [
        0,
        0,
        1,
        0.178,
        -0.097,
        0.355,
        -0.2,
        0.533,
        -0.2,
        1,
        0.622,
        -0.2,
        0.711,
        -0.19,
        0.8,
        -0.178,
        1,
        1.244,
        -0.117,
        1.689,
        -0.101,
        2.133,
        0,
        1,
        2.522,
        0.088,
        2.911,
        0.649,
        3.3,
        0.649,
        0,
        5.133,
        -0.6,
        0,
        6.933,
        0.6,
        0,
        8.6,
        -0.6,
        0,
        10.133,
        0.6,
        0,
        11.733,
        -0.6,
        0,
        13.2,
        0.6,
        0,
        14.833,
        -0.6,
        0,
        16.467,
        0.6,
        0,
        18.133,
        -0.6,
        0,
        19.433,
        0.6,
        0,
        20.867,
        -0.6,
        0,
        22.233,
        0.6,
        0,
        23.767,
        -0.6,
        0,
        25.533,
        0.6,
        0,
        26.967,
        -0.6,
        0,
        27.833,
        -0.002,
        0,
        28.667,
        -0.362,
        0,
        29.8,
        0.335,
        1,
        30.089,
        0.335,
        30.378,
        0.252,
        30.667,
        0,
        1,
        30.834,
        -0.145,
        31,
        -0.28,
        31.167,
        -0.28
      ]
    },
    {
      "Target": "Parameter",
      "Id": "ParamChestLY",
      "Segments": [
        0,
        0,
        0,
        0.533,
        -0.3,
        0,
        0.8,
        0.18,
        0,
        1.2,
        -0.686,
        0,
        1.567,
        0.1,
        0,
        1.933,
        -0.544,
        1,
        2.044,
        -0.544,
        2.156,
        -0.512,
        2.267,
        -0.4,
        1,
        2.511,
        -0.154,
        2.756,
        0,
        3,
        0,
        0,
        4.267,
        -0.5,
        0,
        5.333,
        0.1,
        0,
        6.4,
        -0.5,
        0,
        7.467,
        0.1,
        0,
        8.5,
        -0.5,
        0,
        9.5,
        0.1,
        0,
        10.533,
        -0.5,
        0,
        11.5,
        0.1,
        0,
        12.5,
        -0.5,
        0,
        13.6,
        0.1,
        0,
        14.667,
        -0.5,
        0,
        15.733,
        0.1,
        0,
        16.833,
        -0.5,
        0,
        17.833,
        0.1,
        0,
        18.9,
        -0.5,
        0,
        20,
        0.1,
        0,
        21,
        -0.5,
        0,
        22.067,
        0.1,
        0,
        23.167,
        -0.5,
        0,
        24.233,
        0.1,
        0,
        25.333,
        -0.5,
        0,
        26.433,
        0.1,
        0,
        27.5,
        -0.5,
        0,
        27.833,
        -0.485,
        0,
        28.533,
        -1,
        0,
        29,
        -0.301,
        0,
        29.567,
        -0.598,
        0,
        30.2,
        0,
        0,
        30.667,
        -0.494,
        0,
        31.167,
        -0.18
      ]
    },
    {
      "Target": "Parameter",
      "Id": "ParamChestRX",
      "Segments": [
        0,
        0,
        1,
        0.178,
        -0.097,
        0.355,
        -0.2,
        0.533,
        -0.2,
        1,
        1.066,
        -0.2,
        1.6,
        -0.196,
        2.133,
        0,
        1,
        2.522,
        0.143,
        2.911,
        0.607,
        3.3,
        0.607,
        0,
        5.133,
        -0.6,
        0,
        6.933,
        0.6,
        0,
        8.6,
        -0.6,
        0,
        10.133,
        0.6,
        0,
        11.733,
        -0.6,
        0,
        13.2,
        0.6,
        0,
        14.833,
        -0.6,
        0,
        16.467,
        0.6,
        0,
        18.133,
        -0.6,
        0,
        19.433,
        0.6,
        0,
        20.867,
        -0.6,
        0,
        22.233,
        0.6,
        0,
        23.767,
        -0.6,
        0,
        25.533,
        0.6,
        0,
        26.967,
        -0.6,
        0,
        27.833,
        -0.005,
        0,
        28.667,
        -0.438,
        0,
        29.8,
        0.328,
        1,
        30.089,
        0.328,
        30.378,
        0.248,
        30.667,
        0,
        1,
        30.834,
        -0.143,
        31,
        -0.279,
        31.167,
        -0.279
      ]
    },
    {
      "Target": "Parameter",
      "Id": "ParamChestRY",
      "Segments": [
        0,
        0,
        0,
        0.533,
        -0.3,
        0,
        0.8,
        0.196,
        0,
        1.2,
        -0.712,
        0,
        1.567,
        0.074,
        0,
        1.933,
        -0.484,
        1,
        2,
        -0.484,
        2.066,
        -0.46,
        2.133,
        -0.4,
        1,
        2.422,
        -0.138,
        2.711,
        0,
        3,
        0,
        0,
        4.267,
        -0.5,
        0,
        5.333,
        0.1,
        0,
        6.4,
        -0.5,
        0,
        7.467,
        0.1,
        0,
        8.5,
        -0.5,
        0,
        9.5,
        0.1,
        0,
        10.533,
        -0.5,
        0,
        11.5,
        0.1,
        0,
        12.5,
        -0.5,
        0,
        13.6,
        0.1,
        0,
        14.667,
        -0.5,
        0,
        15.733,
        0.1,
        0,
        16.833,
        -0.5,
        0,
        17.833,
        0.1,
        0,
        18.9,
        -0.5,
        0,
        20,
        0.1,
        0,
        21,
        -0.5,
        0,
        22.067,
        0.1,
        0,
        23.167,
        -0.5,
        0,
        24.233,
        0.1,
        0,
        25.333,
        -0.5,
        0,
        26.433,
        0.1,
        0,
        27.5,
        -0.5,
        0,
        27.833,
        -0.485,
        0,
        28.533,
        -1,
        0,
        29,
        -0.263,
        0,
        29.567,
        -0.578,
        0,
        30.2,
        0,
        0,
        30.667,
        -0.482,
        0,
        31.167,
        -0.18
      ]
    },
    {
      "Target": "Parameter",
      "Id": "ParamAhoge",
      "Segments": [
        0,
        0.622,
        1,
        0.133,
        0.726,
        0.267,
        0.81,
        0.4,
        0.81,
        0,
        1,
        -0.639,
        0,
        1.633,
        0.915,
        0,
        2.133,
        0.275,
        0,
        2.533,
        0.414,
        0,
        3.1,
        0.178,
        0,
        3.733,
        0.371,
        0,
        5.067,
        0.107,
        0,
        5.9,
        0.371,
        0,
        6.333,
        0.344,
        0,
        6.6,
        0.35,
        0,
        7.333,
        0.173,
        0,
        8.267,
        0.509,
        0,
        28.467,
        0.246,
        0,
        28.967,
        0.287,
        0,
        29.6,
        0.138,
        1,
        29.811,
        0.138,
        30.022,
        0.195,
        30.233,
        0.202,
        1,
        30.378,
        0.207,
        30.522,
        0.206,
        30.667,
        0.208,
        1,
        30.678,
        0.209,
        30.689,
        0.209,
        30.7,
        0.209,
        1,
        30.856,
        0.209,
        31.011,
        0.207,
        31.167,
        0.15
      ]
    },
    {
      "Target": "Parameter",
      "Id": "ParamAhogeMo",
      "Segments": [
        0,
        0.036,
        2,
        0.033,
        0.036,
        0,
        0.233,
        -0.045,
        0,
        0.733,
        0.669,
        0,
        1.333,
        -0.968,
        0,
        1.933,
        0.468,
        0,
        2.433,
        -0.105,
        0,
        2.867,
        0.099,
        0,
        3.4,
        -0.136,
        0,
        4.133,
        0.112,
        0,
        5.467,
        -0.142,
        0,
        6.2,
        0.057,
        0,
        6.667,
        0.021,
        0,
        7.1,
        0.042,
        0,
        7.7,
        -0.157,
        0,
        27.8,
        0.147,
        0,
        28.7,
        -0.076,
        0,
        29.367,
        0.086,
        0,
        29.867,
        0.015,
        1,
        30.111,
        0.015,
        30.356,
        0.049,
        30.6,
        0.133,
        1,
        30.622,
        0.14,
        30.645,
        0.195,
        30.667,
        0.201,
        1,
        30.8,
        0.24,
        30.934,
        0.253,
        31.067,
        0.253,
        1,
        31.1,
        0.253,
        31.134,
        0.253,
        31.167,
        0.251
      ]
    },
    {
      "Target": "Parameter",
      "Id": "ParamHairFront",
      "Segments": [
        0,
        0.758,
        1,
        0.133,
        0.778,
        0.267,
        0.789,
        0.4,
        0.789,
        0,
        1.033,
        -0.411,
        0,
        1.667,
        0.932,
        0,
        2.2,
        0.385,
        0,
        2.6,
        0.473,
        0,
        3.167,
        0.274,
        0,
        3.767,
        0.416,
        0,
        5.067,
        0.185,
        0,
        5.967,
        0.436,
        0,
        6.367,
        0.421,
        0,
        6.633,
        0.425,
        0,
        7.4,
        0.275,
        0,
        8.333,
        0.573,
        0,
        28.867,
        0.331,
        2,
        28.933,
        0.331,
        0,
        29.667,
        0.154,
        1,
        29.856,
        0.154,
        30.044,
        0.155,
        30.233,
        0.214,
        1,
        30.378,
        0.26,
        30.522,
        0.397,
        30.667,
        0.397,
        1,
        30.834,
        0.397,
        31,
        0.387,
        31.167,
        0.252
      ]
    },
    {
      "Target": "Parameter",
      "Id": "ParamHairFrontMo",
      "Segments": [
        0,
        0,
        1,
        0.011,
        0.001,
        0.022,
        0.001,
        0.033,
        0.001,
        0,
        0.267,
        -0.112,
        0,
        0.8,
        0.676,
        0,
        1.433,
        -0.958,
        0,
        2,
        0.435,
        0,
        2.533,
        -0.082,
        0,
        2.967,
        0.094,
        0,
        3.533,
        -0.115,
        0,
        4.2,
        0.108,
        0,
        5.567,
        -0.137,
        0,
        6.267,
        0.044,
        0,
        6.733,
        0.016,
        0,
        7.167,
        0.052,
        0,
        7.8,
        -0.143,
        0,
        27.933,
        0.125,
        0,
        28.8,
        -0.039,
        0,
        29.4,
        0.097,
        0,
        30,
        0.001,
        1,
        30.222,
        0.001,
        30.445,
        0.173,
        30.667,
        0.459,
        1,
        30.811,
        0.645,
        30.956,
        0.713,
        31.1,
        0.713,
        1,
        31.122,
        0.713,
        31.145,
        0.714,
        31.167,
        0.71
      ]
    },
    {
      "Target": "Parameter",
      "Id": "ParamHairBack",
      "Segments": [
        0,
        0.655,
        1,
        0.1,
        0.668,
        0.2,
        0.676,
        0.3,
        0.676,
        0,
        0.8,
        0.098,
        0,
        1.567,
        0.875,
        0,
        1.9,
        0.522,
        0,
        2.233,
        0.678,
        0,
        3.1,
        0.484,
        2,
        3.133,
        0.484,
        2,
        3.167,
        0.484,
        0,
        3.367,
        0.488,
        0,
        3.5,
        0.487,
        0,
        3.533,
        0.488,
        0,
        4.9,
        0.32,
        0,
        5.833,
        0.499,
        0,
        6.033,
        0.491,
        0,
        6.533,
        0.535,
        0,
        7.2,
        0.473,
        0,
        8.2,
        0.596,
        0,
        8.367,
        0.594,
        0,
        27.867,
        0.602,
        0,
        29.867,
        0.195,
        0,
        30.1,
        0.2,
        1,
        30.289,
        0.2,
        30.478,
        0.184,
        30.667,
        0.098,
        1,
        30.822,
        0.027,
        30.978,
        -0.056,
        31.133,
        -0.056,
        1,
        31.144,
        -0.056,
        31.156,
        -0.057,
        31.167,
        -0.055
      ]
    },
    {
      "Target": "Parameter",
      "Id": "ParamHairBackMo",
      "Segments": [
        0,
        -0.044,
        1,
        0.067,
        -0.09,
        0.133,
        -0.147,
        0.2,
        -0.147,
        0,
        0.5,
        0.311,
        0,
        0.933,
        -0.312,
        0,
        1.3,
        0.168,
        0,
        1.533,
        -0.064,
        0,
        1.767,
        0.213,
        0,
        2.067,
        -0.265,
        0,
        2.4,
        0.219,
        0,
        2.733,
        -0.129,
        0,
        3.033,
        0.058,
        0,
        3.367,
        -0.031,
        0,
        3.767,
        0.036,
        0,
        4.133,
        -0.024,
        0,
        4.467,
        0.018,
        0,
        4.767,
        -0.008,
        0,
        4.867,
        -0.006,
        0,
        5.133,
        -0.024,
        0,
        5.467,
        0.008,
        0,
        5.733,
        -0.016,
        0,
        5.967,
        0.029,
        0,
        6.3,
        -0.03,
        0,
        6.633,
        0.024,
        0,
        6.9,
        -0.009,
        0,
        7.1,
        0.024,
        0,
        7.4,
        -0.043,
        0,
        7.733,
        0.026,
        0,
        8,
        -0.027,
        0,
        8.3,
        0.026,
        0,
        27.8,
        -0.016,
        0,
        28.167,
        0.027,
        0,
        28.433,
        -0.023,
        0,
        28.733,
        0.039,
        0,
        29,
        -0.004,
        0,
        29.2,
        0.028,
        0,
        29.533,
        -0.031,
        0,
        29.833,
        0.009,
        0,
        30.1,
        -0.006,
        1,
        30.211,
        -0.006,
        30.322,
        0.03,
        30.433,
        0.042,
        1,
        30.511,
        0.05,
        30.589,
        0.049,
        30.667,
        0.055,
        1,
        30.745,
        0.062,
        30.822,
        0.076,
        30.9,
        0.076,
        1,
        30.989,
        0.076,
        31.078,
        0.03,
        31.167,
        -0.024
      ]
    },
    {
      "Target": "Parameter",
      "Id": "ParamHairBackFtB",
      "Segments": [
        0,
        -0.097,
        1,
        0.222,
        -0.156,
        0.445,
        -0.215,
        0.667,
        -0.215,
        0,
        1.067,
        1,
        0,
        1.9,
        -0.164,
        0,
        2.533,
        -0.014,
        0,
        3.233,
        -0.082,
        0,
        4.733,
        0.107,
        0,
        6.7,
        -0.089,
        0,
        7.9,
        0.109,
        0,
        28.233,
        -0.802,
        0,
        29,
        0.274,
        0,
        29.8,
        -0.06,
        1,
        29.933,
        -0.06,
        30.067,
        0.185,
        30.2,
        0.278,
        1,
        30.356,
        0.385,
        30.511,
        0.455,
        30.667,
        0.492,
        1,
        30.678,
        0.494,
        30.689,
        0.492,
        30.7,
        0.492,
        1,
        30.856,
        0.492,
        31.011,
        0.485,
        31.167,
        0.367
      ]
    },
    {
      "Target": "Parameter",
      "Id": "ParamShuiZhuChestL4",
      "Segments": [
        0,
        0,
        1,
        0.111,
        0.417,
        0.222,
        0.833,
        0.333,
        1.25,
        2,
        0.367,
        0,
        2,
        30.367,
        0,
        2,
        30.667,
        0,
        2,
        30.833,
        0,
        1,
        30.944,
        0.119,
        31.056,
        0.238,
        31.167,
        0.357
      ]
    },
    {
      "Target": "Parameter",
      "Id": "ParamShuiZhuChestL6",
      "Segments": [
        0,
        0,
        1,
        10.067,
        0.167,
        20.133,
        0.333,
        30.2,
        0.5,
        1,
        30.333,
        0.75,
        30.467,
        1,
        30.6,
        1.25,
        2,
        30.633,
        0,
        1,
        30.644,
        0.167,
        30.656,
        0.333,
        30.667,
        0.5,
        1,
        30.8,
        0.75,
        30.934,
        1,
        31.067,
        1.25,
        2,
        31.1,
        0,
        2,
        31.167,
        0
      ]
    },
    {
      "Target": "Parameter",
      "Id": "ParamShuiZhuChestR1",
      "Segments": [
        0,
        0,
        1,
        0.056,
        0.417,
        0.111,
        0.833,
        0.167,
        1.25,
        2,
        0.2,
        0,
        2,
        30.2,
        0,
        2,
        30.667,
        0,
        1,
        30.834,
        0.179,
        31,
        0.357,
        31.167,
        0.536
      ]
    },
    {
      "Target": "Parameter",
      "Id": "ParamShuiZhuChestR5",
      "Segments": [
        0,
        0,
        1,
        9.744,
        0.417,
        19.489,
        0.833,
        29.233,
        1.25,
        2,
        29.267,
        0,
        1,
        29.734,
        0.167,
        30.2,
        0.333,
        30.667,
        0.5,
        1,
        30.834,
        0.679,
        31,
        0.857,
        31.167,
        1.036
      ]
    },
    {
      "Target": "Parameter",
      "Id": "ParamShuiZhuChestR6",
      "Segments": [
        0,
        1.25,
        2,
        0.033,
        0,
        1,
        9.866,
        0.417,
        19.7,
        0.833,
        29.533,
        1.25,
        2,
        29.567,
        0,
        1,
        29.934,
        0.06,
        30.3,
        0.119,
        30.667,
        0.179,
        1,
        30.834,
        0.357,
        31,
        0.536,
        31.167,
        0.714
      ]
    },
    {
      "Target": "Parameter",
      "Id": "ParamWaterWenYao",
      "Segments": [
        0,
        0,
        2,
        30.2,
        0,
        2,
        30.667,
        0,
        1,
        30.834,
        0.222,
        31,
        0.445,
        31.167,
        0.667
      ]
    },
    {
      "Target": "Parameter",
      "Id": "ParamWaterBaseYaoX",
      "Segments": [
        0,
        9.934,
        1,
        9.567,
        8.676,
        19.133,
        -10,
        28.7,
        -10,
        0,
        30.2,
        10,
        2,
        30.667,
        10,
        1,
        30.834,
        10,
        31,
        9.117,
        31.167,
        4.81
      ]
    },
    {
      "Target": "Parameter",
      "Id": "ParamWaterBaseYaoY",
      "Segments": [
        0,
        -9.996,
        1,
        9.822,
        -9.687,
        19.645,
        10,
        29.467,
        10,
        1,
        29.867,
        10,
        30.267,
        6.997,
        30.667,
        0.337,
        1,
        30.834,
        -2.438,
        31,
        -6.447,
        31.167,
        -8.732
      ]
    },
    {
      "Target": "Parameter",
      "Id": "ParamCrossLight1",
      "Segments": [
        0,
        0.003,
        1,
        9.567,
        0.066,
        19.133,
        1,
        28.7,
        1,
        0,
        30.2,
        0,
        2,
        30.667,
        0,
        1,
        30.834,
        0,
        31,
        0.043,
        31.167,
        0.259
      ]
    },
    {
      "Target": "Parameter",
      "Id": "ParamCrossLight2",
      "Segments": [
        0,
        0.001,
        1,
        9.756,
        0.029,
        19.511,
        1,
        29.267,
        1,
        1,
        29.734,
        1,
        30.2,
        0.718,
        30.667,
        0.321,
        1,
        30.834,
        0.179,
        31,
        0.066,
        31.167,
        0.003
      ]
    },
    {
      "Target": "Parameter",
      "Id": "ParamCrossLight3",
      "Segments": [
        0,
        0.996,
        1,
        9.522,
        0.925,
        19.045,
        0,
        28.567,
        0,
        0,
        30.067,
        1,
        1,
        30.267,
        1,
        30.467,
        1.003,
        30.667,
        0.978,
        1,
        30.834,
        0.956,
        31,
        0.633,
        31.167,
        0.458
      ]
    },
    {
      "Target": "Parameter",
      "Id": "ParamGanLight",
      "Segments": [
        0,
        0.5,
        2,
        30.2,
        0.5,
        2,
        30.667,
        0.5,
        1,
        30.834,
        0.5,
        31,
        0.493,
        31.167,
        0.557
      ]
    },
    {
      "Target": "PartOpacity",
      "Id": "PartHandLMove",
      "Segments": [
        0,
        0,
        2,
        0.5,
        1,
        2,
        29.8,
        0,
        2,
        31.17,
        0
      ]
    },
    {
      "Target": "PartOpacity",
      "Id": "PartHandLDefault",
      "Segments": [
        0,
        1,
        2,
        0.5,
        0,
        2,
        29.8,
        1,
        2,
        31.17,
        1
      ]
    },
    {
      "Target": "PartOpacity",
      "Id": "PartArmLMove",
      "Segments": [
        0,
        0,
        2,
        0.5,
        1,
        2,
        29.8,
        0,
        2,
        31.17,
        0
      ]
    },
    {
      "Target": "PartOpacity",
      "Id": "PartArmLDefault",
      "Segments": [
        0,
        1,
        2,
        0.5,
        0,
        2,
        29.8,
        1,
        2,
        31.17,
        1
      ]
    },
    {
      "Target": "PartOpacity",
      "Id": "PartHandRPeng",
      "Segments": [
        0,
        0,
        2,
        0.5,
        1,
        2,
        29.8,
        0,
        2,
        31.17,
        0
      ]
    },
    {
      "Target": "PartOpacity",
      "Id": "PartHandRMove",
      "Segments": [
        0,
        0,
        2,
        0.5,
        1,
        2,
        29.8,
        0,
        2,
        31.17,
        0
      ]
    },
    {
      "Target": "PartOpacity",
      "Id": "PartHandRDefault",
      "Segments": [
        0,
        1,
        2,
        0.5,
        0,
        2,
        29.8,
        1,
        2,
        31.17,
        1
      ]
    },
    {
      "Target": "PartOpacity",
      "Id": "PartArmRMove",
      "Segments": [
        0,
        0,
        2,
        0.5,
        1,
        2,
        29.8,
        0,
        2,
        31.17,
        0
      ]
    },
    {
      "Target": "PartOpacity",
      "Id": "PartArmRDefault",
      "Segments": [
        0,
        1,
        2,
        0.5,
        0,
        2,
        29.8,
        1,
        2,
        31.17,
        1
      ]
    },
    {
      "Target": "Parameter",
      "Id": "ParamEyeBallScale",
      "Segments": [
        0,
        0,
        0,
        31.17,
        0
      ]
    },
    {
      "Target": "Parameter",
      "Id": "ParamUruUru",
      "Segments": [
        0,
        0,
        0,
        31.17,
        0
      ]
    },
    {
      "Target": "Parameter",
      "Id": "ParamBrowLX",
      "Segments": [
        0,
        0,
        0,
        31.17,
        0
      ]
    },
    {
      "Target": "Parameter",
      "Id": "ParamBrowLY",
      "Segments": [
        0,
        0,
        0,
        31.17,
        0
      ]
    },
    {
      "Target": "Parameter",
      "Id": "ParamBrowRX",
      "Segments": [
        0,
        0,
        0,
        31.17,
        0
      ]
    },
    {
      "Target": "Parameter",
      "Id": "ParamBrowRY",
      "Segments": [
        0,
        0,
        0,
        31.17,
        0
      ]
    },
    {
      "Target": "Parameter",
      "Id": "ParamBrowLAngle",
      "Segments": [
        0,
        0,
        0,
        31.17,
        0
      ]
    },
    {
      "Target": "Parameter",
      "Id": "ParamBrowRAngle",
      "Segments": [
        0,
        0,
        0,
        31.17,
        0
      ]
    },
    {
      "Target": "Parameter",
      "Id": "ParamBrowLForm",
      "Segments": [
        0,
        0,
        0,
        31.17,
        0
      ]
    },
    {
      "Target": "Parameter",
      "Id": "ParamBrowRForm",
      "Segments": [
        0,
        0,
        0,
        31.17,
        0
      ]
    },
    {
      "Target": "Parameter",
      "Id": "ParamMouthOpenY",
      "Segments": [
        0,
        0,
        0,
        31.17,
        0
      ]
    },
    {
      "Target": "Parameter",
      "Id": "ParamSheTouChu",
      "Segments": [
        0,
        0,
        0,
        31.17,
        0
      ]
    },
    {
      "Target": "Parameter",
      "Id": "ParamSheTouTian",
      "Segments": [
        0,
        0,
        0,
        31.17,
        0
      ]
    },
    {
      "Target": "Parameter",
      "Id": "ParamSheTou2RLayer",
      "Segments": [
        0,
        0,
        0,
        31.17,
        0
      ]
    },
    {
      "Target": "Parameter",
      "Id": "ParamCheek",
      "Segments": [
        0,
        0,
        0,
        31.17,
        0
      ]
    },
    {
      "Target": "Parameter",
      "Id": "ParamBodyAngleY",
      "Segments": [
        0,
        0,
        0,
        31.17,
        0
      ]
    },
    {
      "Target": "Parameter",
      "Id": "ParamBodyAngleZ",
      "Segments": [
        0,
        0,
        0,
        31.17,
        0
      ]
    },
    {
      "Target": "Parameter",
      "Id": "ParamBreath",
      "Segments": [
        0,
        0,
        0,
        31.17,
        0
      ]
    },
    {
      "Target": "Parameter",
      "Id": "ParamHandLNieDmzLayer",
      "Segments": [
        0,
        0,
        0,
        31.17,
        0
      ]
    },
    {
      "Target": "Parameter",
      "Id": "ParamDeng2",
      "Segments": [
        0,
        0,
        0,
        31.17,
        0
      ]
    },
    {
      "Target": "Parameter",
      "Id": "ParamDeng3",
      "Segments": [
        0,
        0,
        0,
        31.17,
        0
      ]
    },
    {
      "Target": "Parameter",
      "Id": "ParamArmForeLNieAlpha",
      "Segments": [
        0,
        0,
        0,
        31.17,
        0
      ]
    },
    {
      "Target": "Parameter",
      "Id": "ParamHandLDefaultAlpha",
      "Segments": [
        0,
        1,
        0,
        31.17,
        1
      ]
    },
    {
      "Target": "Parameter",
      "Id": "ParamHandLNieAlpha",
      "Segments": [
        0,
        0,
        0,
        31.17,
        0
      ]
    },
    {
      "Target": "Parameter",
      "Id": "ParamDeng4",
      "Segments": [
        0,
        0,
        0,
        31.17,
        0
      ]
    },
    {
      "Target": "Parameter",
      "Id": "ParamHandLMoveToNietoNakai2",
      "Segments": [
        0,
        0,
        0,
        31.17,
        0
      ]
    },
    {
      "Target": "Parameter",
      "Id": "ParamHandLNieZhi",
      "Segments": [
        0,
        0,
        0,
        31.17,
        0
      ]
    },
    {
      "Target": "Parameter",
      "Id": "ParamDeng5",
      "Segments": [
        0,
        0,
        0,
        31.17,
        0
      ]
    },
    {
      "Target": "Parameter",
      "Id": "ParamDeng6",
      "Segments": [
        0,
        0,
        0,
        31.17,
        0
      ]
    },
    {
      "Target": "Parameter",
      "Id": "ParamHandRDefaultAlpha",
      "Segments": [
        0,
        1,
        0,
        31.17,
        1
      ]
    },
    {
      "Target": "Parameter",
      "Id": "ParamDeng7",
      "Segments": [
        0,
        0,
        0,
        31.17,
        0
      ]
    },
    {
      "Target": "Parameter",
      "Id": "ParamLu",
      "Segments": [
        0,
        0,
        0,
        31.17,
        0
      ]
    },
    {
      "Target": "Parameter",
      "Id": "ParamLuPosition",
      "Segments": [
        0,
        0,
        0,
        31.17,
        0
      ]
    },
    {
      "Target": "Parameter",
      "Id": "ParamBodyUpperZheng",
      "Segments": [
        0,
        10,
        0,
        31.17,
        10
      ]
    },
    {
      "Target": "Parameter",
      "Id": "ParamChestSqueezeL",
      "Segments": [
        0,
        1,
        0,
        31.17,
        1
      ]
    },
    {
      "Target": "Parameter",
      "Id": "ParamChestPhysicX",
      "Segments": [
        0,
        0,
        0,
        31.17,
        0
      ]
    },
    {
      "Target": "Parameter",
      "Id": "ParamChestPhysicY",
      "Segments": [
        0,
        0,
        0,
        31.17,
        0
      ]
    },
    {
      "Target": "Parameter",
      "Id": "ParamHairSide",
      "Segments": [
        0,
        0,
        0,
        31.17,
        0
      ]
    },
    {
      "Target": "Parameter",
      "Id": "ParamHairAcce",
      "Segments": [
        0,
        0,
        0,
        31.17,
        0
      ]
    },
    {
      "Target": "Parameter",
      "Id": "ParamShuiZhuChestL1",
      "Segments": [
        0,
        0,
        0,
        31.17,
        0
      ]
    },
    {
      "Target": "Parameter",
      "Id": "ParamShuiZhuChestL2",
      "Segments": [
        0,
        0,
        0,
        31.17,
        0
      ]
    },
    {
      "Target": "Parameter",
      "Id": "ParamShuiZhuChestL3",
      "Segments": [
        0,
        0,
        0,
        31.17,
        0
      ]
    },
    {
      "Target": "Parameter",
      "Id": "ParamShuiZhuChestL5",
      "Segments": [
        0,
        0,
        0,
        31.17,
        0
      ]
    },
    {
      "Target": "Parameter",
      "Id": "ParamShuiZhuChestL7",
      "Segments": [
        0,
        0,
        0,
        31.17,
        0
      ]
    },
    {
      "Target": "Parameter",
      "Id": "ParamDeng1",
      "Segments": [
        0,
        0,
        0,
        31.17,
        0
      ]
    },
    {
      "Target": "Parameter",
      "Id": "ParamShuiZhuChestR2",
      "Segments": [
        0,
        0,
        0,
        31.17,
        0
      ]
    },
    {
      "Target": "Parameter",
      "Id": "ParamShuiZhuChesrtR3",
      "Segments": [
        0,
        0,
        0,
        31.17,
        0
      ]
    },
    {
      "Target": "Parameter",
      "Id": "ParamShuiZhuChestR4",
      "Segments": [
        0,
        0,
        0,
        31.17,
        0
      ]
    },
    {
      "Target": "Parameter",
      "Id": "ParamWuliBase",
      "Segments": [
        0,
        0,
        0,
        31.17,
        0
      ]
    },
    {
      "Target": "PartOpacity",
      "Id": "PartLoginParts",
      "Segments": [
        0,
        0,
        0,
        31.17,
        0
      ]
    },
    {
      "Target": "PartOpacity",
      "Id": "PartShuizhuDange",
      "Segments": [
        0,
        0,
        0,
        31.17,
        0
      ]
    },
    {
      "Target": "PartOpacity",
      "Id": "PartMask",
      "Segments": [
        0,
        0,
        0,
        31.17,
        0
      ]
    },
    {
      "Target": "PartOpacity",
      "Id": "PartHandLCongxia",
      "Segments": [
        0,
        0,
        0,
        31.17,
        0
      ]
    },
    {
      "Target": "PartOpacity",
      "Id": "PartHandLNakaiDuli",
      "Segments": [
        0,
        0,
        0,
        31.17,
        0
      ]
    },
    {
      "Target": "PartOpacity",
      "Id": "PartHandLNie",
      "Segments": [
        0,
        0,
        0,
        31.17,
        0
      ]
    },
    {
      "Target": "PartOpacity",
      "Id": "PartAhogeShuai",
      "Segments": [
        0,
        0,
        0,
        31.17,
        0
      ]
    },
    {
      "Target": "PartOpacity",
      "Id": "PartHairFrontShuai",
      "Segments": [
        0,
        0,
        0,
        31.17,
        0
      ]
    },
    {
      "Target": "PartOpacity",
      "Id": "PartMouthKey",
      "Segments": [
        0,
        0,
        0,
        31.17,
        0
      ]
    },
    {
      "Target": "PartOpacity",
      "Id": "PartShaoziHan",
      "Segments": [
        0,
        0,
        0,
        31.17,
        0
      ]
    }
  ],
  "UserData": [
    {
      "Time": 0.0,
      "Value": ""
    },
    {
      "Time": 30.67,
      "Value": ""
    }
  ]
}